-- phpMyAdmin SQL Dump
-- version 4.0.8
-- http://www.phpmyadmin.net
--
-- 主机: localhost
-- 生成日期: 2014-03-19 08:46:27
-- 服务器版本: 5.5.34
-- PHP 版本: 5.3.27

SET SQL_MODE = "NO_AUTO_VALUE_ON_ZERO";
SET time_zone = "+00:00";


/*!40101 SET @OLD_CHARACTER_SET_CLIENT=@@CHARACTER_SET_CLIENT */;
/*!40101 SET @OLD_CHARACTER_SET_RESULTS=@@CHARACTER_SET_RESULTS */;
/*!40101 SET @OLD_COLLATION_CONNECTION=@@COLLATION_CONNECTION */;
/*!40101 SET NAMES utf8 */;

--
-- 数据库: `huihaote_new`
--

-- --------------------------------------------------------

--
-- 表的结构 `ix_bank`
--

CREATE TABLE IF NOT EXISTS `ix_bank` (
  `id` int(10) unsigned NOT NULL AUTO_INCREMENT,
  `name` varchar(50) NOT NULL COMMENT '银行名称',
  `account` varchar(30) NOT NULL COMMENT '账号',
  `holder` varchar(10) NOT NULL COMMENT '开户人',
  `address` varchar(100) NOT NULL COMMENT '开户银行',
  `time` int(11) NOT NULL COMMENT '开户时间',
  PRIMARY KEY (`id`)
) ENGINE=MyISAM  DEFAULT CHARSET=utf8 AUTO_INCREMENT=11 ;

--
-- 转存表中的数据 `ix_bank`
--

INSERT INTO `ix_bank` (`id`, `name`, `account`, `holder`, `address`, `time`) VALUES
(4, '中国银行', '237713001458', '王江', '中国银行李沧支行', 1351699200),
(3, '青岛银行', '802260200206725', '王江', '青岛银行重庆路支行', 1351699200),
(5, '中国农业银行', '6228450240005664410', '王江', '农业银行青岛郑州路支行', 1354291200),
(8, '调账银行', '123456789', '调账账户', '调账账户', 1356624000),
(9, '外贸部银行', '209113001538', '曹欠欠', '外贸部', 1364745600),
(10, '中国民生银行', '600218436', '王江', '民生银行黑龙江路支行', 1367337600);

-- --------------------------------------------------------

--
-- 表的结构 `ix_bank_allot`
--

CREATE TABLE IF NOT EXISTS `ix_bank_allot` (
  `id` int(10) unsigned NOT NULL AUTO_INCREMENT,
  `from` int(10) unsigned NOT NULL COMMENT '调出银行',
  `to` int(10) unsigned NOT NULL COMMENT '调入银行',
  `time` int(10) unsigned NOT NULL COMMENT '调拨时间',
  `user` int(10) unsigned NOT NULL COMMENT '操作人员',
  `addtime` int(10) unsigned NOT NULL COMMENT '添加时间',
  `money` float(11,2) unsigned NOT NULL COMMENT '调拨金额',
  `audit` int(10) unsigned NOT NULL COMMENT '审核人',
  `admin` int(10) unsigned NOT NULL COMMENT '添加人',
  `num` varchar(50) NOT NULL,
  `describe` text NOT NULL COMMENT '调拨详细说明',
  PRIMARY KEY (`id`)
) ENGINE=MyISAM  DEFAULT CHARSET=utf8 AUTO_INCREMENT=2 ;

--
-- 转存表中的数据 `ix_bank_allot`
--

INSERT INTO `ix_bank_allot` (`id`, `from`, `to`, `time`, `user`, `addtime`, `money`, `audit`, `admin`, `num`, `describe`) VALUES
(1, 0, 9, 1394985600, 25, 1395028055, 100000.00, 25, 25, 'yhdb-2014030001', '123');

-- --------------------------------------------------------

--
-- 表的结构 `ix_bank_record`
--

CREATE TABLE IF NOT EXISTS `ix_bank_record` (
  `id` int(10) unsigned NOT NULL AUTO_INCREMENT,
  `price` varchar(10) NOT NULL,
  `comment` text NOT NULL,
  `pid` int(11) NOT NULL,
  `type` varchar(20) NOT NULL,
  `time` int(11) NOT NULL,
  `bank` int(11) NOT NULL COMMENT '银行ID 0为现金',
  `financial` int(11) NOT NULL,
  PRIMARY KEY (`id`)
) ENGINE=MyISAM  DEFAULT CHARSET=utf8 AUTO_INCREMENT=3 ;

--
-- 转存表中的数据 `ix_bank_record`
--

INSERT INTO `ix_bank_record` (`id`, `price`, `comment`, `pid`, `type`, `time`, `bank`, `financial`) VALUES
(1, '-100000', 'yhdb-2014030001银行调拨调出', 1, 'allot', 1395028063, 0, 0),
(2, '100000.00', 'yhdb-2014030001银行调拨调入', 1, 'allot', 1395028063, 9, 1);

-- --------------------------------------------------------

--
-- 表的结构 `ix_client`
--

CREATE TABLE IF NOT EXISTS `ix_client` (
  `id` int(10) unsigned NOT NULL AUTO_INCREMENT,
  `name` varchar(20) CHARACTER SET gbk NOT NULL,
  `type` int(10) NOT NULL,
  `grade` varchar(6) NOT NULL,
  PRIMARY KEY (`id`),
  KEY `name` (`name`)
) ENGINE=MyISAM  DEFAULT CHARSET=utf8 AUTO_INCREMENT=249 ;

--
-- 转存表中的数据 `ix_client`
--

INSERT INTO `ix_client` (`id`, `name`, `type`, `grade`) VALUES
(37, '山东省生建重工集团-田锐', 136, 'A'),
(35, '王洪义', 139, 'A'),
(34, '郁家前', 141, 'A'),
(33, '盛苑机电-苑克武', 140, 'A'),
(32, '永达起重-王庆涛', 140, 'A'),
(36, '山东省生建重工集团-李剑雷', 136, 'A'),
(28, '新泰市华兴矿业物资有限公司-陈洪河', 139, 'A'),
(29, '山东光明起重机械集团有限公司-郭冉培', 139, 'A'),
(30, '巨人起重机高密办事处-赵海明', 137, 'A'),
(31, '宏远起重设备有限公司-邱玉新', 137, 'A'),
(38, '江苏华耀机械制造有限公司-刘洪华', 148, 'A'),
(39, '任丘市鑫华金属制品有限公司-史占华', 157, 'A'),
(40, '广州铵博机械设备有限公司-陈锡权', 153, 'A'),
(41, '泰安活力工贸-侯健英', 139, 'A'),
(42, '鼎成机械-李作成', 137, 'A'),
(43, '博兴连铭起重配件-常连铭', 146, 'A'),
(44, '薛世洲-河南奇瑞力达起重', 228, 'A'),
(45, '张继壇', 139, 'A'),
(46, '宝鸡市海德力电动制造有限责任公司-张家新', 170, 'B'),
(47, '浙江嘉善吉泰五金有限公司', 150, 'A'),
(48, '杭州图宁机电工程有限公司', 150, 'B'),
(49, '上海上品机械有限公司', 149, 'B'),
(50, '长沙长广起重机械经营部', 158, 'B'),
(51, '王进波', 134, 'A'),
(52, '中原圣起有限公司海阳办事处-崔建立', 134, 'B'),
(53, '河南巨人起重机有限公司海阳经销处-丁国庆', 134, 'B'),
(54, '杨林', 162, 'A'),
(55, '永盛实业有限公司-贺玉柱', 173, 'A'),
(56, '王学军', 148, 'A'),
(57, '丁安磊-天力起重', 228, 'A'),
(58, '韩雪-豫矿起重', 228, 'A'),
(59, '孙翠娥 ', 228, 'A'),
(60, '孙军义-新乡市起重设备厂有限责任公司', 228, 'B'),
(61, '王富财', 228, 'B'),
(62, '徐留才', 228, 'A'),
(63, '谢群详', 228, 'A'),
(64, '朱钦富-山东青云起重机械', 228, 'A'),
(65, '赵建奇-耀华电器', 228, 'B'),
(66, 'Damir', 222, 'B'),
(67, '阚士传', 228, 'B'),
(68, '韩文录', 228, 'A'),
(69, '阚士华-山东亚泰重型机械有限公司', 228, 'B'),
(70, '张广宝', 228, 'B'),
(71, '吕石磊', 135, 'B'),
(72, '朱峰磊', 228, 'B'),
(73, '鲁效和', 228, 'B'),
(74, '左德胜', 228, 'B'),
(75, '陈旭', 228, 'B'),
(76, '朱仁忠  ', 228, 'B'),
(77, '朱凤瑞', 228, 'B'),
(78, '张绪广', 228, 'B'),
(79, '张儒谦-天津起重设备有限公司', 228, 'B'),
(80, '赵吉友', 228, 'B'),
(81, '王党伟-新乡市矿山起重机有限公司', 228, 'B'),
(82, '孟连国', 228, 'B'),
(83, '刘胜飞', 228, 'B'),
(84, '贾光友', 228, 'B'),
(85, '贾开方', 228, 'B'),
(86, '贾开国-山东青云起重机械有限公司', 228, 'B'),
(87, '李因增', 228, 'B'),
(88, '李因山-山东天正亚泰重型机械有限公司', 228, 'B'),
(89, '匡洪富', 228, 'B'),
(90, '李大成', 228, 'B'),
(91, '类延军-青云起重', 228, 'B'),
(92, '类成军-山东天正起重机械有限公司', 228, 'B'),
(93, '类成涛-山东青云起重机械有限公司', 228, 'B'),
(94, '阚士宝-山东长城机械有限公司', 228, 'B'),
(95, '鲁德斌-山东青云起重机械有限公司', 228, 'B'),
(96, '鲁效乾-山东亚泰重型机械有限公司', 228, 'B'),
(97, '阚洪富', 228, 'B'),
(98, '贾光成', 228, 'B'),
(99, '郭吉伟-山东庆云起重机械有限公司', 228, 'B'),
(100, '公丕柱-山东天正起重设备厂', 228, 'B'),
(101, '高兴友-青岛登高机械有限公司', 228, 'A'),
(102, '陈秋乐', 228, 'B'),
(103, '寿光韩修电器-韩荣斋', 137, 'B'),
(104, '李金举', 135, 'B'),
(105, '嵩连寨-起重机门市', 135, 'A'),
(106, '张乐平', 135, 'B'),
(107, '济南国瑞机械工程有限公司-王荣国', 133, 'B'),
(108, '郑希虎', 134, 'B'),
(109, '王新波', 134, 'B'),
(110, '山东省生建重工集团-赵之胜', 136, 'A'),
(111, '贾开成', 228, 'B'),
(136, '王睿祥', 228, 'B'),
(113, '鲁法彬', 134, 'A'),
(114, '荣成市海山机械制造有限公司', 135, 'A'),
(115, '王柱军', 228, 'A'),
(116, '盛驰工贸有限公司', 229, 'A'),
(117, '沃尔富森', 177, 'B'),
(118, '朱仁义-亚泰重型机械有限公司', 228, 'B'),
(119, '青岛乐金源工贸', 177, 'B'),
(120, '青岛捷能高新技术有限公司', 177, 'B'),
(121, '潍坊高密光源金属-单既礼', 182, 'B'),
(122, '烟台工业炉厂', 179, 'A'),
(123, '菏泽呈祥电气', 192, 'B'),
(124, '吉林通榆东宝塔筒', 219, 'B'),
(125, 'Mario', 223, 'B'),
(126, '王振科-河南矿山', 228, 'B'),
(127, '陕西鑫亿机电有限公司-徐文忠', 170, 'B'),
(128, '普路太箱包', 229, 'B'),
(129, '秦敬龙', 228, 'B'),
(130, '杨万闯', 228, 'A'),
(131, '杨万林', 228, 'B'),
(132, '吴广超', 228, 'B'),
(133, '兰州三磊电子有限公司-张兰忠', 208, 'A'),
(134, '青岛振华路仓库', 229, 'B'),
(135, '青岛地恩地机械设备有限公司', 177, 'B'),
(137, '晓璐玻璃', 177, 'B'),
(138, '梅州市金良安装有限公司—曾勇', 153, 'B'),
(139, '张家港大成五交化', 148, 'B'),
(140, '烟台河山汽车零部件制造有限公司-张辉', 134, 'B'),
(141, '阚广成', 228, 'B'),
(142, '朱仁海', 228, 'B'),
(143, '山东通力五金机电连锁有限公司-何胜宾', 136, 'B'),
(144, '类成峰', 228, 'B'),
(145, '青岛华拓电子站设备有限公司-田敬臣', 177, 'A'),
(146, '王雷祥', 228, 'B'),
(147, '新乡起重', 229, 'B'),
(148, '杨万友', 170, 'B'),
(149, '青岛青锻', 229, 'A'),
(150, '王峰洲', 228, 'B'),
(151, '山起重型机械股份公司-王瑞莲', 137, 'A'),
(152, '青岛东荣恒昌经贸有限公司', 229, 'B'),
(153, '李冠军', 228, 'B'),
(154, '王海', 224, 'B'),
(155, '贤波', 228, 'B'),
(156, '大连龙升起重机械设备有限公司', 173, 'A'),
(157, '青岛中麦机械设备有限公司', 229, 'A'),
(158, '祝国伟', 228, 'B'),
(159, '青岛莱钢钢结构有限公司-张毅', 177, 'A'),
(160, '阚洪运', 228, 'B'),
(161, '贾开龙', 228, 'B'),
(162, '汇晨仓储设备', 177, 'A'),
(163, '吴广超-河南省新乡市矿山起重机有限公司青', 228, 'A'),
(164, '禹方叶', 228, 'B'),
(165, '高天飞', 134, 'A'),
(166, '上海昶顺实业有限公司-严洪波', 148, 'A'),
(167, '燕龙', 228, 'A'),
(168, '中原圣起有限公司/伟乐机电', 229, 'A'),
(169, '青岛捷能发电设备有限公司-王国良', 177, 'A'),
(170, '鑫海阔', 177, 'B'),
(171, '类延坤', 228, 'A'),
(172, '庄菊玲', 152, 'B'),
(173, '姜书磊', 134, 'A'),
(174, '单经理', 228, 'A'),
(175, '王红军', 228, 'A'),
(176, '类成新', 228, 'A'),
(177, '青岛泓钰达贸易有限公司', 229, 'A'),
(178, 'Prasong', 225, 'A'),
(179, 'Aydin', 226, 'A'),
(180, '祝国庆', 228, 'A'),
(181, '陈工', 228, 'B'),
(182, '殷兆峰', 228, 'A'),
(183, '山东华兴金属物流有限公司', 191, 'A'),
(184, '李宗臣', 228, 'A'),
(185, '胶南金新潮', 229, 'B'),
(186, '山东恒星股份有限公司', 181, 'A'),
(187, 'Ekrem', 226, 'A'),
(188, '阚俊吉', 228, 'A'),
(189, '青岛文达通科技股份有限公司', 229, 'A'),
(190, '河南正大起重设备有限公司-李静章', 135, 'A'),
(191, '嵩连寨', 135, 'A'),
(192, '阚兴吉', 228, 'A'),
(193, '张波', 135, 'A'),
(194, '王建伟', 228, 'A'),
(195, '方圆集团', 179, 'A'),
(196, '兄弟钢厂', 177, 'A'),
(197, '鲁效乾', 228, 'A'),
(198, '新乡市起重机厂', 229, 'A'),
(199, '淄博卓顿重工机械有限公司-于经理', 136, 'A'),
(200, '青岛星火引春纺机有限公司', 177, 'A'),
(201, '陈丛', 228, 'A'),
(202, '青岛中裕五金机械有限公司-张洪兴', 229, 'A'),
(203, '张育水青岛德通起重机械有限公司', 228, 'A'),
(204, '青岛科尼乐机械', 229, 'A'),
(205, '王奎', 228, 'A'),
(206, '阚士业', 228, 'A'),
(207, '青岛瞭望重工科技有限公司', 177, 'A'),
(208, '山东省生建重工有限公司第四监区-田德祥', 136, 'A'),
(209, '起重液压配件--刘焱', 134, 'B'),
(210, '范经理', 177, 'A'),
(211, '青岛亿立钢构工程有限公司-咸惠', 177, 'A'),
(212, '邱西义', 139, 'A'),
(213, '杨吉征', 228, 'A'),
(214, '吉联运', 177, 'A'),
(216, '王彦峰', 141, 'A'),
(217, '五征集团', 185, 'A'),
(218, '类成虎', 228, 'A'),
(219, '王在峰-河南矿山起重有限公司', 228, 'A'),
(220, '郭辉', 228, 'A'),
(221, '杭州图宁机电工程有限公司', 148, 'A'),
(222, '吴传涛', 228, 'A'),
(223, '青岛泰尔特机械制造有限公司', 177, 'A'),
(224, '徐修举', 228, 'A'),
(225, '青岛富隆达盛机电设备有限公司-于强文', 229, 'A'),
(226, '四川天锐起重设备有限公司-杨义军', 162, 'A'),
(227, '李继景', 228, 'A'),
(228, '赵强', 177, 'B'),
(229, '阚良吉', 228, 'A'),
(230, '山东贝特起重机有限公司-王刚', 138, 'B'),
(231, '青岛凯禄通机电设备成套有限公司', 229, 'A'),
(232, '日照市龙升起重机机械批发部-张建忠', 140, 'A'),
(233, 'Matto', 227, 'A'),
(234, '山东泰力起重设备有限公司-张汝刚', 139, 'A'),
(235, '王红妹', 136, 'A'),
(236, '韩经理', 228, 'A'),
(237, '李大新', 228, 'A'),
(238, '青岛捷能汽轮机有限公司-于经理', 177, 'A'),
(239, '齐经理', 228, 'A'),
(240, '四川擎宇起重设备有限公司', 162, 'A'),
(241, '山东新合源热传输科技有限公司', 184, 'A'),
(242, '诸城天力起重有限公司', 137, 'A'),
(243, '青岛佳友模具有限公司-于发顺', 177, 'A'),
(244, '文龙机电-李海龙', 136, 'A'),
(245, '李铁闯-起重配件', 135, 'A'),
(246, '宁夏宝凯工贸有限公司', 168, 'A'),
(247, '河南华东起重机集团有限公司威海经销处', 135, 'A'),
(248, '管清乐', 134, 'A');

-- --------------------------------------------------------

--
-- 表的结构 `ix_client_info`
--

CREATE TABLE IF NOT EXISTS `ix_client_info` (
  `id` int(10) unsigned NOT NULL,
  `value` text NOT NULL,
  PRIMARY KEY (`id`)
) ENGINE=MyISAM DEFAULT CHARSET=utf8;

--
-- 转存表中的数据 `ix_client_info`
--

INSERT INTO `ix_client_info` (`id`, `value`) VALUES
(35, 'a:6:{i:0;s:22:"王洪义  13505489777";i:1;s:12:"0538-7442507";i:2;s:0:"";i:3;s:0:"";i:4;s:21:"新泰羊流商业街";i:5;s:4:"D速";}'),
(34, 'a:6:{i:0;s:22:"郁家前  15864966667";i:1;s:0:"";i:2;s:0:"";i:3;s:0:"";i:4;s:42:"临沂市河东区钢材市场沿街广楼";i:5;s:4:"D速";}'),
(33, 'a:6:{i:0;s:23:"苑克武   13306339327";i:1;s:0:"";i:2;s:0:"";i:3;s:0:"";i:4;s:26:"日照市日照南路33号";i:5;s:4:"D速";}'),
(36, 'a:6:{i:0;s:36:"李剑雷  13589558605、18053324942";i:1;s:22:"0533-6260177 F:6260160";i:2;s:21:"田锐    15153385188";i:3;s:12:"0533-6260158";i:4;s:42:"淄博市淄川区昆仑镇昆仑路一号";i:5;s:4:"D速";}'),
(28, 'a:6:{i:0;s:22:"陈洪河  13705381490";i:1;s:0:"";i:2;s:0:"";i:3;s:0:"";i:4;s:6:"新汶";i:5;s:29:"D速 货到网点通知自提";}'),
(29, 'a:6:{i:0;s:22:"郭冉培  13905384140";i:1;s:12:"0538-8293239";i:2;s:0:"";i:3;s:0:"";i:4;s:29:"泰安市老汽车站东50米";i:5;s:4:"D速";}'),
(30, 'a:6:{i:0;s:24:"赵海明   13863636466 ";i:1;s:0:"";i:2;s:0:"";i:3;s:0:"";i:4;s:42:"高密市夷安大道建材市场北路东";i:5;s:4:"D速";}'),
(31, 'a:6:{i:0;s:22:"邱玉新  13953642925";i:1;s:20:"0536-2359157/2377867";i:2;s:0:"";i:3;s:0:"";i:4;s:27:"高密市五金建材市场";i:5;s:4:"D速";}'),
(32, 'a:6:{i:0;s:35:"王庆涛  13563321702  13563308075";i:1;s:12:"0633-3995602";i:2;s:0:"";i:3;s:0:"";i:4;s:39:"日照市日照南路五金城1-1-16号";i:5;s:4:"D速";}'),
(37, 'a:6:{i:0;s:21:"田锐    15153385188";i:1;s:12:"0533-6260158";i:2;s:22:"李剑雷  13589558605";i:3;s:12:"0533-5791861";i:4;s:42:"淄博市淄川区昆仑镇昆仑路一号";i:5;s:10:"D速   EMS";}'),
(38, 'a:6:{i:0;s:22:"刘洪华  13914607368";i:1;s:22:"0515-86420068/86419668";i:2;s:0:"";i:3;s:0:"";i:4;s:48:"江苏省盐城建湖县上冈镇上冈工业园";i:5;s:14:"韵达  德邦";}'),
(39, 'a:6:{i:0;s:22:"史占华  13603331573";i:1;s:0:"";i:2;s:0:"";i:3;s:0:"";i:4;s:54:"河北沧州任丘市永丰路办事处柿西庄村西";i:5;s:6:"中通";}'),
(40, 'a:6:{i:0;s:22:"陈锡权  13138686928";i:1;s:12:"020-82372714";i:2;s:0:"";i:3;s:0:"";i:4;s:53:"广州市天河区大观南路22号博水大厦320室";i:5;s:21:"德邦  韵达 顺丰";}'),
(41, 'a:6:{i:0;s:22:"侯健英  13583833018";i:1;s:12:"0538-8106352";i:2;s:0:"";i:3;s:0:"";i:4;s:38:"泰安市满庄钢材市场南路47号";i:5;s:4:"D速";}'),
(42, 'a:6:{i:0;s:22:"李经理  13705368035";i:1;s:0:"";i:2;s:0:"";i:3;s:0:"";i:4;s:43:"青州市经济开发区益都东路2177号";i:5;s:4:"D速";}'),
(43, 'a:6:{i:0;s:21:"常连铭-13706372883";i:1;s:0:"";i:2;s:0:"";i:3;s:0:"";i:4;s:58:"博兴县博城五路运输公司东邻义乌商贸城2号";i:5;s:4:"D速";}'),
(44, 'a:6:{i:0;s:21:"薛世洲-13658667334";i:1;s:13:"0532-86033655";i:2;s:0:"";i:3;s:0:"";i:4;s:78:"即墨市烟青路760号（即墨热电厂南160米东，木材市场对面）";i:5;s:4:"D速";}'),
(45, 'a:6:{i:0;s:22:"张继壇-0538-2172759";i:1;s:0:"";i:2;s:0:"";i:3;s:0:"";i:4;s:44:"新泰市羊流镇工业园区济新路11号";i:5;s:6:"申通";}'),
(46, 'a:6:{i:0;s:22:"张家新  13892785121";i:1;s:12:"0917-3376699";i:2;s:0:"";i:3;s:0:"";i:4;s:39:"陕西省宝鸡市下马营镇郭家村";i:5;s:6:"韵达";}'),
(47, 'a:6:{i:0;s:22:"周小红  15157337228";i:1;s:22:"0573-84706228/84706100";i:2;s:0:"";i:3;s:0:"";i:4;s:49:"浙江省嘉善县晋吉路6号台商会馆一楼";i:5;s:14:"德邦  韵达";}'),
(48, 'a:6:{i:0;s:19:"孙钦  13395811683";i:1;s:13:"0571-86625186";i:2;s:0:"";i:3;s:0:"";i:4;s:68:"浙江省杭州市江干区笕丁路168号大世界五金城24-3-402";i:5;s:6:"韵达";}'),
(49, 'a:6:{i:0;s:10:"翁经理 ";i:1;s:21:"021-66013536/66013539";i:2;s:0:"";i:3;s:0:"";i:4;s:46:"上海市宝山区罗店镇联杨路4602号甲";i:5;s:24:"天地华宇代收货款";}'),
(50, 'a:6:{i:0;s:22:"张振华  18974966360";i:1;s:13:"0731-88669294";i:2;s:0:"";i:3;s:0:"";i:4;s:45:"长沙市雨花区雨花机电市场C区6-106";i:5;s:6:"韵达";}'),
(51, 'a:6:{i:0;s:22:"王进波  13853572700";i:1;s:12:"0535-3226767";i:2;s:0:"";i:3;s:0:"";i:4;s:80:"海阳市海阳路58号长途汽车站北门东100米（轻工大酒店楼下）";i:5;s:4:"D速";}'),
(52, 'a:6:{i:0;s:23:"崔建立   13780927981";i:1;s:12:"0535-3237001";i:2;s:0:"";i:3;s:0:"";i:4;s:54:"海阳市海阳路158号（海阳地税局斜对过）";i:5;s:4:"D速";}'),
(53, 'a:6:{i:0;s:22:"丁国庆  15953535003";i:1;s:12:"0535-3236004";i:2;s:0:"";i:3;s:0:"";i:4;s:51:"海阳市海阳路476号（中国人寿保险东）";i:5;s:4:"D速";}'),
(54, 'a:6:{i:0;s:19:"杨林  18990392855";i:1;s:12:"028-38815120";i:2;s:0:"";i:3;s:0:"";i:4;s:44:"四川省眉山市青神县外南佳广23号";i:5;s:6:"韵达";}'),
(55, 'a:6:{i:0;s:22:"贺玉柱  15142998090";i:1;s:0:"";i:2;s:0:"";i:3;s:0:"";i:4;s:30:"辽宁省葫芦岛市绥中县";i:5;s:6:"韵达";}'),
(56, 'a:6:{i:0;s:22:"王学军  15192662116";i:1;s:0:"";i:2;s:0:"";i:3;s:0:"";i:4;s:42:"江苏省启东市惠萍镇白港村沿江";i:5;s:18:"根据客户要求";}'),
(57, 'a:6:{i:0;s:22:"丁安磊  15092240753";i:1;s:0:"";i:2;s:19:"丁帅  15820088998";i:3;s:0:"";i:4;s:62:"莱西烟台南路20-1/莱西收费站/莱西青岛路31-11号";i:5;s:4:"D速";}'),
(58, 'a:6:{i:0;s:19:"韩雪  15853225321";i:1;s:13:"0532-87256998";i:2;s:0:"";i:3;s:0:"";i:4;s:18:"胶州西路129号";i:5;s:4:"D速";}'),
(59, 'a:6:{i:0;s:22:"孙翠娥  13806420739";i:1;s:13:"0532-87256576";i:2;s:21:"接货人 15253261346";i:3;s:0:"";i:4;s:27:"胶州市胶州西路137号";i:5;s:4:"D速";}'),
(60, 'a:6:{i:0;s:22:"孙军义  13792879688";i:1;s:22:"0532-83715999/83764195";i:2;s:0:"";i:3;s:0:"";i:4;s:28:"四方区人民二路10-4号";i:5;s:0:"";}'),
(61, 'a:6:{i:0;s:22:"王富财  13573888081";i:1;s:0:"";i:2;s:0:"";i:3;s:0:"";i:4;s:9:"永平路";i:5;s:0:"";}'),
(62, 'a:6:{i:0;s:22:"徐留才  13061342858";i:1;s:13:"0532-83712730";i:2;s:0:"";i:3;s:0:"";i:4;s:22:"四方区温州路23-4";i:5;s:0:"";}'),
(63, 'a:6:{i:0;s:22:"谢群详  13863989177";i:1;s:0:"";i:2;s:0:"";i:3;s:0:"";i:4;s:36:"胶州市杭州花园小区4-东-201";i:5;s:4:"D速";}'),
(64, 'a:6:{i:0;s:22:"朱钦富  13697667198";i:1;s:22:"0532-87862853/87869081";i:2;s:0:"";i:3;s:0:"";i:4;s:57:"城阳区中城路248号（太阳城南地税局西侧）";i:5;s:4:"D速";}'),
(65, 'a:6:{i:0;s:22:"赵建奇  13730929508";i:1;s:13:"0532-83776334";i:2;s:0:"";i:3;s:0:"";i:4;s:22:"四方区温州路29-2";i:5;s:0:"";}'),
(66, 'a:5:{i:0;s:7:"Damir  ";i:1;s:0:"";i:2;s:0:"";i:3;s:0:"";i:4;s:6:"波黑";}'),
(67, 'a:6:{i:0;s:22:"阚士传  13605426635";i:1;s:0:"";i:2;s:0:"";i:3;s:0:"";i:4;s:6:"城阳";i:5;s:0:"";}'),
(68, 'a:6:{i:0;s:21:"韩文录 13583226818";i:1;s:0:"";i:2;s:0:"";i:3;s:0:"";i:4;s:6:"四方";i:5;s:0:"";}'),
(69, 'a:6:{i:0;s:22:"阚士华  13964808129";i:1;s:13:"0532-87011568";i:2;s:0:"";i:3;s:0:"";i:4;s:39:"城阳区正阳路上马红绿灯北侧";i:5;s:0:"";}'),
(70, 'a:6:{i:0;s:21:"张广宝 18006480188";i:1;s:0:"";i:2;s:0:"";i:3;s:0:"";i:4;s:61:"即墨烟青路407号 即墨环秀办事处锁厂宿舍院内";i:5;s:4:"D速";}'),
(71, 'a:6:{i:0;s:22:"吕石磊  13863003535";i:1;s:0:"";i:2;s:0:"";i:3;s:0:"";i:4;s:17:"文登葛家镇  ";i:5;s:6:"申通";}'),
(72, 'a:6:{i:0;s:22:"朱凤磊  13505422122";i:1;s:0:"";i:2;s:0:"";i:3;s:0:"";i:4;s:12:"城阳北站";i:5;s:0:"";}'),
(73, 'a:6:{i:0;s:10:"鲁效和 ";i:1;s:0:"";i:2;s:0:"";i:3;s:0:"";i:4;s:0:"";i:5;s:0:"";}'),
(74, 'a:6:{i:0;s:22:"左德胜  13806459602";i:1;s:0:"";i:2;s:0:"";i:3;s:0:"";i:4;s:15:"莱州夏邱镇";i:5;s:0:"";}'),
(75, 'a:6:{i:0;s:19:"陈旭  15066185687";i:1;s:0:"";i:2;s:0:"";i:3;s:0:"";i:4;s:6:"胶州";i:5;s:0:"";}'),
(76, 'a:6:{i:0;s:25:"朱仁忠     13853289529";i:1;s:0:"";i:2;s:0:"";i:3;s:0:"";i:4;s:6:"城阳";i:5;s:0:"";}'),
(77, 'a:6:{i:0;s:22:"朱凤瑞  13954252160";i:1;s:0:"";i:2;s:0:"";i:3;s:0:"";i:4;s:15:"莱西西叫村";i:5;s:0:"";}'),
(78, 'a:6:{i:0;s:23:"张绪广   18663930342";i:1;s:0:"";i:2;s:0:"";i:3;s:0:"";i:4;s:0:"";i:5;s:0:"";}'),
(79, 'a:6:{i:0;s:23:"张儒谦  13606429448 ";i:1;s:13:"0532-84857936";i:2;s:0:"";i:3;s:0:"";i:4;s:22:"四方区郑州路2号";i:5;s:0:"";}'),
(80, 'a:6:{i:0;s:23:"赵吉友   13573242798";i:1;s:0:"";i:2;s:0:"";i:3;s:0:"";i:4;s:0:"";i:5;s:0:"";}'),
(81, 'a:6:{i:0;s:22:"王党伟  13808981470";i:1;s:13:"0532-83766240";i:2;s:0:"";i:3;s:0:"";i:4;s:24:"四方区温州路1-5号";i:5;s:0:"";}'),
(82, 'a:6:{i:0;s:23:"孟连国   13730929129";i:1;s:0:"";i:2;s:0:"";i:3;s:0:"";i:4;s:12:"海琴李村";i:5;s:0:"";}'),
(83, 'a:6:{i:0;s:22:"刘胜飞  13210228915";i:1;s:0:"";i:2;s:0:"";i:3;s:0:"";i:4;s:50:"城阳区正阳路277号盛世民生花园18-2-602";i:5;s:4:"D速";}'),
(84, 'a:6:{i:0;s:22:"贾光友  13792882965";i:1;s:0:"";i:2;s:0:"";i:3;s:0:"";i:4;s:0:"";i:5;s:0:"";}'),
(85, 'a:6:{i:0;s:22:"贾开方  13616422618";i:1;s:0:"";i:2;s:0:"";i:3;s:0:"";i:4;s:0:"";i:5;s:0:"";}'),
(86, 'a:6:{i:0;s:22:"贾开国  13708965592";i:1;s:0:"";i:2;s:0:"";i:3;s:0:"";i:4;s:22:"四方区太康路7号";i:5;s:0:"";}'),
(87, 'a:6:{i:0;s:22:"李因增  13869822770";i:1;s:0:"";i:2;s:0:"";i:3;s:0:"";i:4;s:0:"";i:5;s:0:"";}'),
(88, 'a:6:{i:0;s:35:"李因山  13964824979 /13335098385";i:1;s:0:"";i:2;s:0:"";i:3;s:0:"";i:4;s:0:"";i:5;s:0:"";}'),
(89, 'a:6:{i:0;s:22:"匡洪富  13963976378";i:1;s:0:"";i:2;s:0:"";i:3;s:0:"";i:4;s:6:"胶州";i:5;s:0:"";}'),
(90, 'a:6:{i:0;s:22:"李大成  13583248825";i:1;s:0:"";i:2;s:0:"";i:3;s:0:"";i:4;s:0:"";i:5;s:0:"";}'),
(91, 'a:6:{i:0;s:22:"类延军  13854219508";i:1;s:13:"0532-82572096";i:2;s:0:"";i:3;s:0:"";i:4;s:48:"即墨市南泉镇191号红绿灯南路西166米";i:5;s:6:"韵达";}'),
(92, 'a:6:{i:0;s:22:"类成军  13864876356";i:1;s:0:"";i:2;s:0:"";i:3;s:0:"";i:4;s:6:"城阳";i:5;s:0:"";}'),
(93, 'a:6:{i:0;s:22:"类成涛  13573853859";i:1;s:0:"";i:2;s:0:"";i:3;s:0:"";i:4;s:27:"胶州市东石河村495号";i:5;s:6:"韵达";}'),
(94, 'a:6:{i:0;s:22:"阚士宝  13616481075";i:1;s:0:"";i:2;s:0:"";i:3;s:0:"";i:4;s:23:"四方区太康路15号";i:5;s:0:"";}'),
(95, 'a:6:{i:0;s:22:"鲁德斌  13615428699";i:1;s:12:"0532-7279538";i:2;s:0:"";i:3;s:0:"";i:4;s:23:"四方区太康路15号";i:5;s:0:"";}'),
(96, 'a:6:{i:0;s:22:"鲁效乾  13505427077";i:1;s:13:"0532-87661726";i:2;s:0:"";i:3;s:0:"";i:4;s:24:"李沧区九水路苏家";i:5;s:0:"";}'),
(97, 'a:6:{i:0;s:22:"阚洪富  13553022481";i:1;s:0:"";i:2;s:0:"";i:3;s:0:"";i:4;s:6:"即墨";i:5;s:0:"";}'),
(98, 'a:6:{i:0;s:22:"贾光成  13705323747";i:1;s:13:"0532-84898430";i:2;s:0:"";i:3;s:0:"";i:4;s:24:"四方区周口路100号";i:5;s:0:"";}'),
(99, 'a:6:{i:0;s:22:"郭吉伟  13589357988";i:1;s:0:"";i:2;s:0:"";i:3;s:0:"";i:4;s:32:"即墨市兰岱路信华街36号";i:5;s:4:"D速";}'),
(100, 'a:6:{i:0;s:22:"公丕柱  13505420249";i:1;s:12:"0538-7713575";i:2;s:0:"";i:3;s:0:"";i:4;s:21:"四方区太康路106";i:5;s:0:"";}'),
(101, 'a:6:{i:0;s:22:"高兴友  13953239228";i:1;s:27:"0532-86229628/0532-82270132";i:2;s:0:"";i:3;s:0:"";i:4;s:26:"胶州市胶州西路87号";i:5;s:4:"D速";}'),
(102, 'a:6:{i:0;s:22:"陈秋乐  15265201008";i:1;s:0:"";i:2;s:0:"";i:3;s:0:"";i:4;s:63:"胶州胶西第二工业园青岛贝诺磁电科技有限公司";i:5;s:11:"D速 韵达";}'),
(103, 'a:6:{i:0;s:22:"韩荣斋 15908026095 ";i:1;s:12:"0536-5411200";i:2;s:0:"";i:3;s:0:"";i:4;s:36:"山东寿光市田柳镇韩修电器";i:5;s:4:"D速";}'),
(104, 'a:6:{i:0;s:34:"李金举  13406718551/13206305239";i:1;s:0:"";i:2;s:0:"";i:3;s:0:"";i:4;s:39:"荣成市南山路133号起重机配件";i:5;s:4:"D速";}'),
(105, 'a:6:{i:0;s:11:"嵩连寨  ";i:1;s:12:"0631-7574797";i:2;s:0:"";i:3;s:0:"";i:4;s:36:"荣成市南山南路起重机门市";i:5;s:4:"D速";}'),
(106, 'a:6:{i:0;s:22:"张乐平  13455855838";i:1;s:12:"0631-7465592";i:2;s:0:"";i:3;s:0:"";i:4;s:27:"荣成市人和镇寨东村";i:5;s:6:"中通";}'),
(107, 'a:6:{i:0;s:22:"王荣国  13805412309";i:1;s:13:"0531-86972306";i:2;s:0:"";i:3;s:0:"";i:4;s:57:"济南历下区解放东路现代逸城13号2单元101号";i:5;s:4:"D速";}'),
(108, 'a:6:{i:0;s:22:"郑希虎  13054544458";i:1;s:0:"";i:2;s:0:"";i:3;s:0:"";i:4;s:21:"海阳市留格庄镇";i:5;s:12:"顺丰到付";}'),
(109, 'a:6:{i:0;s:22:"王新波  13954537547";i:1;s:0:"";i:2;s:0:"";i:3;s:0:"";i:4;s:18:"莱州市沙河镇";i:5;s:4:"D速";}'),
(110, 'a:6:{i:0;s:22:"赵之胜  13953317520";i:1;s:13:"0533-62601777";i:2;s:0:"";i:3;s:0:"";i:4;s:40:"淄博市淄川区昆仑镇昆仑路1号";i:5;s:4:"D速";}'),
(111, 'a:6:{i:0;s:20:"贾开成13964229329";i:1;s:0:"";i:2;s:0:"";i:3;s:0:"";i:4;s:9:"永宁路";i:5;s:0:"";}'),
(136, 'a:6:{i:0;s:22:"王睿祥  13061457755";i:1;s:0:"";i:2;s:0:"";i:3;s:0:"";i:4;s:0:"";i:5;s:0:"";}'),
(113, 'a:6:{i:0;s:21:"鲁法彬 13964509022";i:1;s:0:"";i:2;s:0:"";i:3;s:0:"";i:4;s:42:"海阳市盛竹路鸿盛华庭福鑫超市";i:5;s:4:"D速";}'),
(114, 'a:6:{i:0;s:21:"王建彬 13793386730";i:1;s:24:"0631-7571389 F：7522317";i:2;s:0:"";i:3;s:0:"";i:4;s:22:"荣成市南沽路8号";i:5;s:4:"D速";}'),
(115, 'a:6:{i:0;s:0:"";i:1;s:0:"";i:2;s:0:"";i:3;s:0:"";i:4;s:0:"";i:5;s:0:"";}'),
(116, 'a:6:{i:0;s:18:"李工 15275269341";i:1;s:0:"";i:2;s:0:"";i:3;s:0:"";i:4;s:18:"胶南市泰山路";i:5;s:0:"";}'),
(117, 'a:5:{i:0;s:0:"";i:1;s:0:"";i:2;s:0:"";i:3;s:0:"";i:4;s:0:"";}'),
(118, 'a:6:{i:0;s:21:"朱仁义 13793238868";i:1;s:0:"";i:2;s:0:"";i:3;s:0:"";i:4;s:15:"即墨开发区";i:5;s:0:"";}'),
(119, 'a:6:{i:0;s:11:"18661710371";i:1;s:0:"";i:2;s:0:"";i:3;s:0:"";i:4;s:0:"";i:5;s:0:"";}'),
(120, 'a:6:{i:0;s:0:"";i:1;s:0:"";i:2;s:0:"";i:3;s:0:"";i:4;s:0:"";i:5;s:0:"";}'),
(121, 'a:5:{i:0;s:9:"单既礼";i:1;s:0:"";i:2;s:0:"";i:3;s:0:"";i:4;s:0:"";}'),
(122, 'a:6:{i:0;s:21:"姜海生 13863801716";i:1;s:0:"";i:2;s:0:"";i:3;s:0:"";i:4;s:33:"烟台牟平区政府大街778号";i:5;s:11:"D速 韵达";}'),
(123, 'a:5:{i:0;s:0:"";i:1;s:0:"";i:2;s:0:"";i:3;s:0:"";i:4;s:0:"";}'),
(124, 'a:6:{i:0;s:19:"王志  13596823366";i:1;s:0:"";i:2;s:0:"";i:3;s:0:"";i:4;s:33:"吉林白城通榆县胡家店村";i:5;s:12:"申通韵达";}'),
(125, 'a:5:{i:0;s:0:"";i:1;s:0:"";i:2;s:0:"";i:3;s:0:"";i:4;s:6:"智利";}'),
(126, 'a:6:{i:0;s:9:"王振科";i:1;s:0:"";i:2;s:0:"";i:3;s:0:"";i:4;s:6:"青岛";i:5;s:0:"";}'),
(127, 'a:6:{i:0;s:22:"徐文忠  13991237824";i:1;s:0:"";i:2;s:0:"";i:3;s:0:"";i:4;s:55:"陕西省西安市未央区徐家湾西航公司401-506";i:5;s:0:"";}'),
(128, 'a:6:{i:0;s:22:"刘志学  15254253384";i:1;s:22:"0532-86659751/86659755";i:2;s:0:"";i:3;s:0:"";i:4;s:36:"青岛即墨龙泉镇吕家演泉东";i:5;s:6:"顺丰";}'),
(129, 'a:6:{i:0;s:22:"秦敬龙  13506424806";i:1;s:0:"";i:2;s:0:"";i:3;s:0:"";i:4;s:39:"黄岛区红石崖第十九中学东侧";i:5;s:4:"D速";}'),
(130, 'a:6:{i:0;s:11:"杨万闯  ";i:1;s:0:"";i:2;s:0:"";i:3;s:0:"";i:4;s:0:"";i:5;s:0:"";}'),
(131, 'a:6:{i:0;s:9:"杨万林";i:1;s:0:"";i:2;s:0:"";i:3;s:0:"";i:4;s:0:"";i:5;s:0:"";}'),
(132, 'a:6:{i:0;s:9:"吴广超";i:1;s:0:"";i:2;s:0:"";i:3;s:0:"";i:4;s:0:"";i:5;s:0:"";}'),
(133, 'a:6:{i:0;s:22:"张兰忠  18109420788";i:1;s:28:"0931-8550285/8550365/8550286";i:2;s:19:"卢明  18793190409";i:3;s:0:"";i:4;s:77:"兰州市城关区南面滩268号（高新技术创新园创业楼B座8层）";i:5;s:6:"韵达";}'),
(134, 'a:6:{i:0;s:0:"";i:1;s:0:"";i:2;s:0:"";i:3;s:0:"";i:4;s:0:"";i:5;s:0:"";}'),
(135, 'a:6:{i:0;s:19:"鲁伟  13964858872";i:1;s:13:"0532-68082792";i:2;s:0:"";i:3;s:0:"";i:4;s:22:"平度市华星路8号";i:5;s:4:"D速";}'),
(190, 'a:6:{i:0;s:21:"李静章 13869009357";i:1;s:20:"0631-7517818/7517818";i:2;s:0:"";i:3;s:0:"";i:4;s:62:"威海荣成市南山中路化肥厂南50米路东杨格庄村";i:5;s:4:"D速";}'),
(137, 'a:6:{i:0;s:0:"";i:1;s:0:"";i:2;s:0:"";i:3;s:0:"";i:4;s:0:"";i:5;s:0:"";}'),
(138, 'a:6:{i:0;s:21:"曾勇    13549183369";i:1;s:12:"0753-2208813";i:2;s:0:"";i:3;s:0:"";i:4;s:53:"广东省梅州市梅县江南文化路大园巷15号";i:5;s:9:"韵达等";}'),
(139, 'a:6:{i:0;s:22:"杨长金  18936129708";i:1;s:22:"0512-58277632/58277630";i:2;s:0:"";i:3;s:0:"";i:4;s:41:"江苏省张家港市金港大道54-56号";i:5;s:6:"韵达";}'),
(140, 'a:6:{i:0;s:20:"张辉   18205455003";i:1;s:12:"0535-3395907";i:2;s:22:"何春艳  18954577399";i:3;s:12:"0535-4617199";i:4;s:47:"烟台市牟平区沁水工业园益华街88号";i:5;s:16:"申通    顺丰";}'),
(141, 'a:6:{i:0;s:22:"阚广成  13964212016";i:1;s:0:"";i:2;s:0:"";i:3;s:0:"";i:4;s:0:"";i:5;s:0:"";}'),
(142, 'a:6:{i:0;s:9:"朱仁海";i:1;s:0:"";i:2;s:0:"";i:3;s:0:"";i:4;s:0:"";i:5;s:0:"";}'),
(143, 'a:6:{i:0;s:22:"何胜宾  15653302365";i:1;s:20:"0533-2855788/2855787";i:2;s:0:"";i:3;s:0:"";i:4;s:33:"淄博市张店区昌国路111号";i:5;s:4:"D速";}'),
(144, 'a:6:{i:0;s:36:"类成峰  18953269596、13780648640";i:1;s:0:"";i:2;s:0:"";i:3;s:0:"";i:4;s:6:"胶州";i:5;s:0:"";}'),
(145, 'a:6:{i:0;s:23:"田敬臣   18661655523";i:1;s:17:"87293772/87293770";i:2;s:0:"";i:3;s:0:"";i:4;s:48:"山东省青岛胶州市胶州湾工业园二期";i:5;s:11:"韵达 D速";}'),
(146, 'a:6:{i:0;s:9:"王雷祥";i:1;s:0:"";i:2;s:0:"";i:3;s:0:"";i:4;s:0:"";i:5;s:0:"";}'),
(147, 'a:6:{i:0;s:0:"";i:1;s:0:"";i:2;s:0:"";i:3;s:0:"";i:4;s:0:"";i:5;s:0:"";}'),
(148, 'a:6:{i:0;s:22:"杨万友  13603542891";i:1;s:12:"0354-7353398";i:2;s:0:"";i:3;s:0:"";i:4;s:0:"";i:5;s:0:"";}'),
(149, 'a:6:{i:0;s:22:"徐学航  13853213962";i:1;s:0:"";i:2;s:0:"";i:3;s:0:"";i:4;s:6:"胶州";i:5;s:0:"";}'),
(150, 'a:6:{i:0;s:9:"王峰洲";i:1;s:0:"";i:2;s:0:"";i:3;s:0:"";i:4;s:0:"";i:5;s:0:"";}'),
(151, 'a:6:{i:0;s:23:"王瑞莲   13964701169";i:1;s:12:"0536-3203480";i:2;s:0:"";i:3;s:0:"";i:4;s:28:"青州市昭德北路2198号";i:5;s:4:"D速";}'),
(152, 'a:6:{i:0;s:9:"余经理";i:1;s:8:"86702579";i:2;s:0:"";i:3;s:0:"";i:4;s:33:"青岛开发区长江东路435号";i:5;s:4:"D速";}'),
(153, 'a:6:{i:0;s:0:"";i:1;s:0:"";i:2;s:0:"";i:3;s:0:"";i:4;s:0:"";i:5;s:0:"";}'),
(154, 'a:6:{i:0;s:6:"王海";i:1;s:0:"";i:2;s:0:"";i:3;s:0:"";i:4;s:0:"";i:5;s:0:"";}'),
(155, 'a:6:{i:0;s:20:"贤波   13606307835";i:1;s:0:"";i:2;s:0:"";i:3;s:0:"";i:4;s:39:"胶州北关派出所东宏发祥物流";i:5;s:4:"D速";}'),
(156, 'a:6:{i:0;s:21:"从自武 13504263345";i:1;s:13:"0411-84645923";i:2;s:0:"";i:3;s:0:"";i:4;s:40:"大连市甘井子区伟业西街4-3-201";i:5;s:6:"韵达";}'),
(157, 'a:6:{i:0;s:0:"";i:1;s:0:"";i:2;s:0:"";i:3;s:0:"";i:4;s:36:"城阳区流亭街道空港工业园";i:5;s:6:"韵达";}'),
(158, 'a:6:{i:0;s:9:"祝国伟";i:1;s:0:"";i:2;s:0:"";i:3;s:0:"";i:4;s:0:"";i:5;s:0:"";}'),
(159, 'a:6:{i:0;s:19:"张毅  13853240200";i:1;s:22:"0532-86837787/86837787";i:2;s:0:"";i:3;s:0:"";i:4;s:38:"青岛经济开发区黄河西路76号";i:5;s:4:"D速";}'),
(160, 'a:6:{i:0;s:9:"阚洪运";i:1;s:0:"";i:2;s:0:"";i:3;s:0:"";i:4;s:0:"";i:5;s:0:"";}'),
(161, 'a:6:{i:0;s:9:"贾开龙";i:1;s:0:"";i:2;s:0:"";i:3;s:0:"";i:4;s:0:"";i:5;s:0:"";}'),
(162, 'a:6:{i:0;s:22:"刘庆林  13370860560";i:1;s:0:"";i:2;s:0:"";i:3;s:0:"";i:4;s:54:"青岛市李沧区瑞金路西段双埠小区南200米";i:5;s:0:"";}'),
(163, 'a:6:{i:0;s:22:"吴广超  13616421933";i:1;s:17:"83765813/83765913";i:2;s:0:"";i:3;s:0:"";i:4;s:49:"青岛市温州路7号盛奥五金机电商城B-3";i:5;s:4:"D速";}'),
(164, 'a:6:{i:0;s:9:"禹方叶";i:1;s:0:"";i:2;s:0:"";i:3;s:0:"";i:4;s:6:"胶州";i:5;s:0:"";}'),
(165, 'a:6:{i:0;s:22:"高天飞  15065758968";i:1;s:0:"";i:2;s:0:"";i:3;s:0:"";i:4;s:21:"海阳市留格庄镇";i:5;s:6:"顺丰";}'),
(166, 'a:6:{i:0;s:22:"严洪波  13851261932";i:1;s:0:"";i:2;s:0:"";i:3;s:0:"";i:4;s:60:"江苏省连云港市新浦区大象五金机电城D区15号";i:5;s:6:"韵达";}'),
(167, 'a:6:{i:0;s:6:"燕龙";i:1;s:0:"";i:2;s:0:"";i:3;s:0:"";i:4;s:0:"";i:5;s:0:"";}'),
(168, 'a:6:{i:0;s:30:"赵伟15092175858  18661709869";i:1;s:0:"";i:2;s:0:"";i:3;s:8:"87250757";i:4;s:17:"胶州西路97号";i:5;s:0:"";}'),
(169, 'a:6:{i:0;s:22:"王国良  13969804660";i:1;s:0:"";i:2;s:0:"";i:3;s:0:"";i:4;s:39:"胶州市云溪办事处大西庄东村";i:5;s:6:"韵达";}'),
(170, 'a:6:{i:0;s:0:"";i:1;s:0:"";i:2;s:0:"";i:3;s:0:"";i:4;s:0:"";i:5;s:0:"";}'),
(171, 'a:6:{i:0;s:9:"类延坤";i:1;s:0:"";i:2;s:0:"";i:3;s:0:"";i:4;s:0:"";i:5;s:0:"";}'),
(172, 'a:6:{i:0;s:9:"庄菊玲";i:1;s:0:"";i:2;s:0:"";i:3;s:0:"";i:4;s:0:"";i:5;s:0:"";}'),
(173, 'a:6:{i:0;s:24:"姜书磊    13562562509";i:1;s:0:"";i:2;s:0:"";i:3;s:0:"";i:4;s:18:"莱州市夏邱镇";i:5;s:6:"韵达";}'),
(174, 'a:6:{i:0;s:21:"单经理 13606305857";i:1;s:0:"";i:2;s:0:"";i:3;s:0:"";i:4;s:6:"胶州";i:5;s:6:"发车";}'),
(175, 'a:6:{i:0;s:0:"";i:1;s:0:"";i:2;s:0:"";i:3;s:0:"";i:4;s:0:"";i:5;s:0:"";}'),
(176, 'a:6:{i:0;s:9:"类成新";i:1;s:0:"";i:2;s:0:"";i:3;s:0:"";i:4;s:9:"荆洪滩";i:5;s:0:"";}'),
(177, 'a:6:{i:0;s:23:";徐经理  18953230099";i:1;s:0:"";i:2;s:0:"";i:3;s:0:"";i:4;s:0:"";i:5;s:0:"";}'),
(178, 'a:6:{i:0;s:0:"";i:1;s:0:"";i:2;s:0:"";i:3;s:0:"";i:4;s:0:"";i:5;s:0:"";}'),
(179, 'a:6:{i:0;s:5:"Aydin";i:1;s:0:"";i:2;s:0:"";i:3;s:0:"";i:4;s:0:"";i:5;s:0:"";}'),
(180, 'a:6:{i:0;s:20:"祝国庆13854275719";i:1;s:0:"";i:2;s:0:"";i:3;s:0:"";i:4;s:9:"棘洪滩";i:5;s:0:"";}'),
(181, 'a:6:{i:0;s:19:"陈工  13791911222";i:1;s:0:"";i:2;s:0:"";i:3;s:0:"";i:4;s:32:"青岛市李沧区振华路15-14";i:5;s:0:"";}'),
(182, 'a:6:{i:0;s:35:"殷兆峰  13791925613  13153243202";i:1;s:0:"";i:2;s:0:"";i:3;s:0:"";i:4;s:42:"胶南王台镇农业银行东200米路北";i:5;s:6:"韵达";}'),
(183, 'a:6:{i:0;s:19:"王兵  15154386755";i:1;s:20:"0543-2285729/2285726";i:2;s:0:"";i:3;s:0:"";i:4;s:33:"滨州博兴县博城五路东首";i:5;s:4:"D速";}'),
(184, 'a:6:{i:0;s:9:"李宗臣";i:1;s:0:"";i:2;s:0:"";i:3;s:0:"";i:4;s:6:"城阳";i:5;s:0:"";}'),
(185, 'a:6:{i:0;s:0:"";i:1;s:0:"";i:2;s:0:"";i:3;s:0:"";i:4;s:0:"";i:5;s:0:"";}'),
(186, 'a:6:{i:0;s:24:"李宝荣    18653377112";i:1;s:12:"0533-6556068";i:2;s:0:"";i:3;s:0:"";i:4;s:41:"山东省淄博市周村区恒星路98号";i:5;s:4:"D速";}'),
(187, 'a:6:{i:0;s:5:"Ekrem";i:1;s:0:"";i:2;s:0:"";i:3;s:0:"";i:4;s:0:"";i:5;s:0:"";}'),
(188, 'a:6:{i:0;s:10:"阚俊吉 ";i:1;s:0:"";i:2;s:0:"";i:3;s:0:"";i:4;s:15:"城阳棘洪滩";i:5;s:0:"";}'),
(189, 'a:6:{i:0;s:9:"李承宣";i:1;s:0:"";i:2;s:0:"";i:3;s:0:"";i:4;s:0:"";i:5;s:0:"";}'),
(191, 'a:6:{i:0;s:22:"嵩连寨  15908026095";i:1;s:12:"0631-7574797";i:2;s:0:"";i:3;s:0:"";i:4;s:36:"荣成市南山南路起重机门市";i:5;s:4:"D速";}'),
(192, 'a:6:{i:0;s:21:"阚兴吉 13608963289";i:1;s:0:"";i:2;s:0:"";i:3;s:0:"";i:4;s:6:"即墨";i:5;s:0:"";}'),
(193, 'a:6:{i:0;s:18:"张波 15562169997";i:1;s:0:"";i:2;s:21:"刘昌水 15562165639";i:3;s:0:"";i:4;s:33:"荣成市崖头镇河西王家村";i:5;s:4:"D速";}'),
(194, 'a:6:{i:0;s:9:"王建伟";i:1;s:0:"";i:2;s:0:"";i:3;s:0:"";i:4;s:0:"";i:5;s:0:"";}'),
(195, 'a:6:{i:0;s:21:"陈处长 13964513822";i:1;s:0:"";i:2;s:12:"赵晓云   ";i:3;s:11:"05353298308";i:4;s:18:"海阳市海阳路";i:5;s:4:"D速";}'),
(196, 'a:6:{i:0;s:0:"";i:1;s:0:"";i:2;s:0:"";i:3;s:0:"";i:4;s:6:"城阳";i:5;s:0:"";}'),
(197, 'a:6:{i:0;s:0:"";i:1;s:0:"";i:2;s:0:"";i:3;s:0:"";i:4;s:0:"";i:5;s:0:"";}'),
(198, 'a:6:{i:0;s:0:"";i:1;s:0:"";i:2;s:0:"";i:3;s:0:"";i:4;s:0:"";i:5;s:0:"";}'),
(199, 'a:6:{i:0;s:22:"于经理  18606434771";i:1;s:12:"0533-8212565";i:2;s:0:"";i:3;s:0:"";i:4;s:46:"淄博市桓台县经济开发区太极路1号";i:5;s:18:"安捷代收货款";}'),
(200, 'a:6:{i:0;s:22:"陈科长  13954239567";i:1;s:0:"";i:2;s:0:"";i:3;s:0:"";i:4;s:24:"胶南市王台镇驻地";i:5;s:6:"韵达";}'),
(201, 'a:6:{i:0;s:19:"陈丛  15666694588";i:1;s:0:"";i:2;s:0:"";i:3;s:0:"";i:4;s:21:"黄岛团结路1474-3";i:5;s:4:"D速";}'),
(202, 'a:6:{i:0;s:22:"张洪兴  13905328040";i:1;s:0:"";i:2;s:0:"";i:3;s:0:"";i:4;s:53:"青岛市四方区温州路7号盛奥机电城A-10号";i:5;s:4:"D速";}'),
(203, 'a:6:{i:0;s:22:"张育水  13625324369";i:1;s:0:"";i:2;s:0:"";i:3;s:0:"";i:4;s:24:"胶南市泊里镇周村";i:5;s:6:"申通";}'),
(204, 'a:6:{i:0;s:0:"";i:1;s:0:"";i:2;s:0:"";i:3;s:0:"";i:4;s:0:"";i:5;s:0:"";}'),
(205, 'a:6:{i:0;s:0:"";i:1;s:0:"";i:2;s:0:"";i:3;s:0:"";i:4;s:0:"";i:5;s:0:"";}'),
(206, 'a:6:{i:0;s:9:"阚士业";i:1;s:0:"";i:2;s:0:"";i:3;s:0:"";i:4;s:0:"";i:5;s:0:"";}'),
(207, 'a:6:{i:0;s:9:"杨新刚";i:1;s:0:"";i:2;s:0:"";i:3;s:0:"";i:4;s:0:"";i:5;s:0:"";}'),
(208, 'a:6:{i:0;s:21:"田德祥 18053324939";i:1;s:12:"0533-6260165";i:2;s:0:"";i:3;s:0:"";i:4;s:0:"";i:5;s:4:"D速";}'),
(209, 'a:6:{i:0;s:19:"刘焱  13465617668";i:1;s:0:"";i:2;s:0:"";i:3;s:0:"";i:4;s:53:"烟台市龙口黄城怡静街13号起重液压配件";i:5;s:19:"代收货款 安捷";}'),
(210, 'a:6:{i:0;s:9:"范经理";i:1;s:0:"";i:2;s:0:"";i:3;s:0:"";i:4;s:24:"城阳惜福镇纸房村";i:5;s:0:"";}'),
(211, 'a:6:{i:0;s:14:"咸惠85590000";i:1;s:0:"";i:2;s:0:"";i:3;s:0:"";i:4;s:30:"即墨市龙泉镇黄家山村";i:5;s:0:"";}'),
(212, 'a:6:{i:0;s:22:"邱西义  13854822309";i:1;s:0:"";i:2;s:0:"";i:3;s:0:"";i:4;s:56:"泰安市新泰市羊流工业园羊祜像南50米路东";i:5;s:13:"申通 圆通";}'),
(213, 'a:6:{i:0;s:9:"杨吉征";i:1;s:0:"";i:2;s:0:"";i:3;s:0:"";i:4;s:9:"惜福镇";i:5;s:0:"";}'),
(214, 'a:6:{i:0;s:9:"孙经理";i:1;s:0:"";i:2;s:0:"";i:3;s:0:"";i:4;s:9:"惜福镇";i:5;s:0:"";}'),
(216, 'a:6:{i:0;s:22:"王彦峰  13153904520";i:1;s:0:"";i:2;s:0:"";i:3;s:0:"";i:4;s:81:"临沂市兰山区临西五路与解放路交汇处兰田五金工具市场108号";i:5;s:18:"安捷代收货款";}'),
(217, 'a:6:{i:0;s:41:"田明亮  13563316187 周辉 13396339117";i:1;s:0:"";i:2;s:22:"王世明  13963054787";i:3;s:0:"";i:4;s:136:"1山东省五莲县潮河镇五征汽车研发基地二楼技术部装备部2山东省五莲县长青路23号车辆厂（转王世明收";i:5;s:11:"EMS 申通 ";}'),
(218, 'a:6:{i:0;s:9:"类成虎";i:1;s:11:"13573816358";i:2;s:0:"";i:3;s:0:"";i:4;s:0:"";i:5;s:0:"";}'),
(219, 'a:6:{i:0;s:9:"王在峰";i:1;s:11:"13668878111";i:2;s:0:"";i:3;s:0:"";i:4;s:24:"即墨黄河三路342号";i:5;s:0:"";}'),
(220, 'a:6:{i:0;s:6:"郭辉";i:1;s:11:"13687664616";i:2;s:0:"";i:3;s:0:"";i:4;s:0:"";i:5;s:0:"";}'),
(221, 'a:6:{i:0;s:17:"孙钦13395811683";i:1;s:28:"0571-86625186（余经理）";i:2;s:0:"";i:3;s:0:"";i:4;s:0:"";i:5;s:0:"";}'),
(222, 'a:6:{i:0;s:9:"吴传涛";i:1;s:0:"";i:2;s:0:"";i:3;s:0:"";i:4;s:0:"";i:5;s:0:"";}'),
(223, 'a:6:{i:0;s:9:"李孝其";i:1;s:11:"13583255179";i:2;s:0:"";i:3;s:0:"";i:4;s:36:"青岛市城阳区玉皇岭工业园";i:5;s:0:"";}'),
(224, 'a:6:{i:0;s:9:"徐修举";i:1;s:0:"";i:2;s:0:"";i:3;s:0:"";i:4;s:6:"即墨";i:5;s:0:"";}'),
(225, 'a:6:{i:0;s:22:"于强文  13805325767";i:1;s:8:"83772598";i:2;s:0:"";i:3;s:0:"";i:4;s:0:"";i:5;s:0:"";}'),
(226, 'a:6:{i:0;s:22:"杨义军  13880080622";i:1;s:11:"02884008069";i:2;s:0:"";i:3;s:0:"";i:4;s:54:"成都市金堂县淮口镇四川金堂制鞋工业园";i:5;s:0:"";}'),
(227, 'a:6:{i:0;s:0:"";i:1;s:0:"";i:2;s:0:"";i:3;s:0:"";i:4;s:0:"";i:5;s:0:"";}'),
(228, 'a:6:{i:0;s:6:"赵强";i:1;s:0:"";i:2;s:0:"";i:3;s:0:"";i:4;s:0:"";i:5;s:0:"";}'),
(229, 'a:6:{i:0;s:0:"";i:1;s:0:"";i:2;s:0:"";i:3;s:0:"";i:4;s:0:"";i:5;s:0:"";}'),
(230, 'a:6:{i:0;s:33:"王刚  13863200877   18953700877";i:1;s:12:"0632-5255877";i:2;s:0:"";i:3;s:0:"";i:4;s:49:"滕州市平行南路（钢盟汽车城对面 ）";i:5;s:4:"D速";}'),
(231, 'a:6:{i:0;s:0:"";i:1;s:0:"";i:2;s:0:"";i:3;s:0:"";i:4;s:0:"";i:5;s:0:"";}'),
(232, 'a:6:{i:0;s:36:"张建忠  13561960548   15954011072";i:1;s:11:"06333995956";i:2;s:0:"";i:3;s:0:"";i:4;s:56:"日照长途汽车站对面日昇五金建材院内10号";i:5;s:0:"";}'),
(233, 'a:6:{i:0;s:5:"Matto";i:1;s:0:"";i:2;s:0:"";i:3;s:0:"";i:4;s:0:"";i:5;s:0:"";}'),
(234, 'a:6:{i:0;s:23:"张汝刚   13562898111";i:1;s:22:"0538-7442318、7444858";i:2;s:0:"";i:3;s:0:"";i:4;s:24:"新泰市羊流工业园";i:5;s:13:"中通 圆通";}'),
(235, 'a:6:{i:0;s:35:"王红妹  13053306826  13054865148";i:1;s:11:"05335790286";i:2;s:0:"";i:3;s:0:"";i:4;s:44:"淄博淄川张博路昆仑邮政局北20米";i:5;s:0:"";}'),
(236, 'a:6:{i:0;s:0:"";i:1;s:0:"";i:2;s:0:"";i:3;s:0:"";i:4;s:0:"";i:5;s:0:"";}'),
(237, 'a:6:{i:0;s:9:"李大新";i:1;s:0:"";i:2;s:0:"";i:3;s:0:"";i:4;s:0:"";i:5;s:0:"";}'),
(238, 'a:6:{i:0;s:23:"于经理   13210038086";i:1;s:0:"";i:2;s:0:"";i:3;s:0:"";i:4;s:30:"青岛开发区渭河路889号";i:5;s:0:"";}'),
(239, 'a:6:{i:0;s:9:"齐经理";i:1;s:13:"0532-88858672";i:2;s:0:"";i:3;s:0:"";i:4;s:15:"四方杭州路";i:5;s:0:"";}'),
(240, 'a:6:{i:0;s:22:"杨义军  13880080622";i:1;s:0:"";i:2;s:0:"";i:3;s:0:"";i:4;s:0:"";i:5;s:0:"";}'),
(241, 'a:6:{i:0;s:21:"曹树柏 13406220115";i:1;s:22:"0538-6087158、6087159";i:2;s:0:"";i:3;s:0:"";i:4;s:45:"山东省泰安市宁阳磁窑经济开发区";i:5;s:0:"";}'),
(242, 'a:6:{i:0;s:20:"刘元晓13953679359";i:1;s:14:"F:0536-2168308";i:2;s:0:"";i:3;s:0:"";i:4;s:61:"繁荣路和平街交汇处浦发银行8楼东侧最东边门";i:5;s:0:"";}'),
(243, 'a:6:{i:0;s:21:"于发顺 18906395532";i:1;s:0:"";i:2;s:0:"";i:3;s:0:"";i:4;s:15:"胶州胶东镇";i:5;s:0:"";}'),
(244, 'a:6:{i:0;s:9:"李海龙";i:1;s:0:"";i:2;s:20:"余小姐13573348411";i:3;s:0:"";i:4;s:42:"山东省淄博市淄川区牛山路261号";i:5;s:0:"";}'),
(245, 'a:6:{i:0;s:21:"李铁闯 15066308639";i:1;s:0:"";i:2;s:0:"";i:3;s:0:"";i:4;s:35:"威海荣成市南山南路133号-4";i:5;s:0:"";}'),
(246, 'a:6:{i:0;s:32:"郑爱秋（采购）13995378966";i:1;s:30:"0951-4090158/5615611 F:4090168";i:2;s:0:"";i:3;s:0:"";i:4;s:42:"宁夏银川市兴庆区宝湖东路566号";i:5;s:0:"";}'),
(247, 'a:6:{i:0;s:32:"闵永生（经理）13506305290";i:1;s:13:"0631-5310207 ";i:2;s:0:"";i:3;s:0:"";i:4;s:47:"青岛南路宋家洼路西润洋丰田北50米";i:5;s:0:"";}'),
(248, 'a:6:{i:0;s:20:"管清乐18615952706";i:1;s:0:"";i:2;s:0:"";i:3;s:0:"";i:4;s:51:"烟台龙口市东城区东莱街道文莱街304号";i:5;s:4:"D速";}');

-- --------------------------------------------------------

--
-- 表的结构 `ix_client_type`
--

CREATE TABLE IF NOT EXISTS `ix_client_type` (
  `id` int(10) NOT NULL AUTO_INCREMENT,
  `name` varchar(20) CHARACTER SET utf8 NOT NULL,
  `parentid` int(10) NOT NULL,
  `lock` tinyint(1) NOT NULL,
  PRIMARY KEY (`id`)
) ENGINE=MyISAM  DEFAULT CHARSET=utf8 COLLATE=utf8_unicode_ci AUTO_INCREMENT=230 ;

--
-- 转存表中的数据 `ix_client_type`
--

INSERT INTO `ix_client_type` (`id`, `name`, `parentid`, `lock`) VALUES
(1, '客户分类', 0, 1),
(2, '国内客户', 1, 0),
(128, '省内', 126, 0),
(4, '国外客户', 1, 0),
(127, '零售', 2, 0),
(7, '青岛', 5, 0),
(86, '河北', 74, 0),
(85, '河南', 74, 0),
(84, '湖北', 74, 0),
(83, '湖南', 74, 0),
(82, '江西', 74, 0),
(81, '广东', 74, 0),
(80, '福建', 74, 0),
(78, '上海', 74, 0),
(79, '浙江', 74, 0),
(77, '江苏', 74, 0),
(76, '省外', 72, 0),
(75, '省内', 72, 0),
(20, '广东', 6, 0),
(21, '江苏', 6, 0),
(22, '浙江', 6, 0),
(23, '上海', 6, 0),
(24, '北京', 6, 0),
(25, '湖南', 6, 0),
(26, '湖北', 6, 0),
(74, '省外', 71, 0),
(73, '省内', 71, 0),
(29, '河南', 6, 0),
(30, '河北', 6, 0),
(31, '广西', 6, 0),
(32, '新疆', 6, 0),
(33, '东营', 5, 0),
(34, '青海', 6, 0),
(35, '吉林', 6, 0),
(36, '辽宁', 6, 0),
(37, '聊城', 5, 0),
(38, '黑龙江', 6, 0),
(39, '内蒙古', 6, 0),
(94, '云南', 74, 0),
(93, '青海', 74, 0),
(92, '甘肃', 74, 0),
(91, '重庆', 74, 0),
(90, '四川', 74, 0),
(89, '陕西', 74, 0),
(88, '山西', 74, 0),
(87, '安徽', 74, 0),
(48, '市区', 9, 0),
(49, '诸城', 9, 0),
(50, '市区', 11, 0),
(51, '市区', 14, 0),
(52, '新汶', 15, 0),
(53, '荣成', 11, 0),
(54, '市区', 10, 0),
(55, '莱阳', 10, 0),
(56, '莱州', 10, 0),
(57, '文登', 11, 0),
(58, '海阳', 10, 0),
(59, '乳山', 11, 0),
(60, '高密', 9, 0),
(61, '市区', 8, 0),
(62, '博兴', 14, 0),
(63, '盐城', 21, 0),
(69, '牟平', 10, 0),
(64, '建湖县', 63, 0),
(65, '蓬莱', 10, 0),
(66, '龙口', 10, 0),
(67, '招远', 10, 0),
(68, '栖霞', 10, 0),
(70, '青州', 9, 0),
(95, '西藏', 74, 0),
(96, '新疆', 74, 0),
(97, '宁夏', 74, 0),
(98, '北京', 74, 0),
(99, '辽宁', 74, 0),
(100, '吉林', 74, 0),
(101, '黑龙江', 74, 0),
(102, '内蒙古', 74, 0),
(103, '青岛', 73, 0),
(104, '潍坊', 73, 0),
(105, '威海', 73, 0),
(106, '烟台', 73, 0),
(107, '日照', 73, 0),
(108, '淄博', 73, 0),
(109, '济南', 73, 0),
(110, '莱芜', 73, 0),
(111, '菏泽', 73, 0),
(112, '东营', 73, 0),
(113, '滨州', 73, 0),
(114, '德州', 73, 0),
(115, '聊城', 73, 0),
(116, '枣庄', 73, 0),
(117, '济宁', 73, 0),
(118, '青岛', 75, 0),
(119, '临沂', 73, 0),
(120, '泰安', 73, 0),
(126, '批发', 2, 0),
(129, '省外', 126, 0),
(130, '省内', 127, 0),
(131, '省外', 127, 0),
(132, '青岛', 128, 0),
(133, '济南', 128, 0),
(134, '烟台', 128, 0),
(135, '威海', 128, 0),
(136, '淄博', 128, 0),
(137, '潍坊', 128, 0),
(138, '枣庄', 128, 0),
(139, '泰安', 128, 0),
(140, '日照', 128, 0),
(141, '临沂', 128, 0),
(142, '莱芜', 128, 0),
(143, '济宁', 128, 0),
(144, '东营', 128, 0),
(145, '德州', 128, 0),
(146, '滨州', 128, 0),
(147, '菏泽', 128, 0),
(148, '江苏', 129, 0),
(149, '上海', 129, 0),
(150, '浙江', 129, 0),
(151, '江西', 129, 0),
(152, '福建', 129, 0),
(153, '广东', 129, 0),
(154, '广西', 129, 0),
(155, '安徽', 129, 0),
(156, '河南', 129, 0),
(157, '河北', 129, 0),
(158, '湖南', 129, 0),
(159, '湖北', 129, 0),
(160, '重庆', 129, 0),
(161, '贵州', 129, 0),
(162, '四川', 129, 0),
(163, '甘肃', 129, 0),
(164, '青海', 129, 0),
(165, '西藏', 129, 0),
(166, '云南', 129, 0),
(167, '新疆', 129, 0),
(168, '宁夏', 129, 0),
(169, '山西', 129, 0),
(170, '陕西', 129, 0),
(171, '北京', 129, 0),
(172, '天津', 129, 0),
(173, '辽宁', 129, 0),
(174, '吉林', 129, 0),
(175, '黑龙江', 129, 0),
(176, '内蒙古', 129, 0),
(177, '青岛', 130, 0),
(178, '济南', 130, 0),
(179, '烟台', 130, 0),
(180, '威海', 130, 0),
(181, '淄博', 130, 0),
(182, '潍坊', 130, 0),
(183, '枣庄', 130, 0),
(184, '泰安', 130, 0),
(185, '日照', 130, 0),
(186, '临沂', 130, 0),
(187, '莱芜', 130, 0),
(188, '济宁', 130, 0),
(189, '东营', 130, 0),
(190, '德州', 130, 0),
(191, '滨州', 130, 0),
(192, '菏泽', 130, 0),
(193, '江苏', 131, 0),
(194, '上海', 131, 0),
(195, '浙江', 131, 0),
(196, '江西', 131, 0),
(197, '福建', 131, 0),
(198, '广东', 131, 0),
(199, '广西', 131, 0),
(200, '安徽', 131, 0),
(201, '河南', 131, 0),
(202, '河北', 131, 0),
(203, '湖南', 131, 0),
(204, '湖北', 131, 0),
(205, '重庆', 131, 0),
(206, '贵州', 131, 0),
(207, '四川', 131, 0),
(208, '甘肃', 131, 0),
(209, '青海', 131, 0),
(210, '西藏', 131, 0),
(211, '云南', 131, 0),
(212, '新疆', 131, 0),
(213, '宁夏', 131, 0),
(214, '山西', 131, 0),
(215, '陕西', 131, 0),
(216, '北京', 131, 0),
(217, '天津', 131, 0),
(218, '辽宁', 131, 0),
(219, '吉林', 131, 0),
(220, '黑龙江', 131, 0),
(221, '内蒙古', 131, 0),
(222, '波黑', 4, 0),
(223, '智利', 4, 0),
(224, '越南', 4, 0),
(225, '泰国', 4, 0),
(226, '土耳其', 4, 0),
(227, '哥伦比亚', 4, 0);

-- --------------------------------------------------------

--
-- 表的结构 `ix_debt`
--

CREATE TABLE IF NOT EXISTS `ix_debt` (
  `id` int(10) unsigned NOT NULL AUTO_INCREMENT,
  `money` varchar(30) NOT NULL,
  `goods` int(11) NOT NULL,
  `order` int(11) NOT NULL,
  `come` varchar(30) NOT NULL,
  `cors` int(11) NOT NULL,
  `cType` varchar(30) NOT NULL,
  `comment` varchar(250) NOT NULL,
  `uid` int(11) NOT NULL,
  `time` int(11) NOT NULL,
  `hand` tinyint(4) NOT NULL,
  PRIMARY KEY (`id`)
) ENGINE=MyISAM  DEFAULT CHARSET=utf8 AUTO_INCREMENT=19 ;

--
-- 转存表中的数据 `ix_debt`
--

INSERT INTO `ix_debt` (`id`, `money`, `goods`, `order`, `come`, `cors`, `cType`, `comment`, `uid`, `time`, `hand`) VALUES
(1, '0', 22, 2, 'order', 68, 'supplier', '采购入库 (cgrk-201403170001)', 35, 1395024953, 0),
(2, '0', 261, 2, 'order', 68, 'supplier', '采购入库 (cgrk-201403170001)', 35, 1395024957, 0),
(3, '-69000', 74, 3, 'order', 35, 'supplier', '采购入库 (cgrk-201403170002)', 35, 1395025045, 0),
(4, '-500000', 10, 4, 'order', 45, 'supplier', '采购入库 (cgrk-201403170003)', 25, 1395027123, 0),
(5, '0', 10, 5, 'order', 43, 'client', '销售出库 (xsck-201403170001)', 35, 1395025199, 0),
(6, '360000', 74, 6, 'order', 37, 'client', '销售出库 (xsck-201403170002)', 35, 1395025259, 0),
(7, '0', 261, 1, 'return', 68, 'supplier', '采购退货出库 (cgrk-201403170001)', 35, 1395025297, 0),
(8, '0', 10, 2, 'return', 43, 'client', '销售退货入库 (xsck-201403170001)', 35, 1395025334, 0),
(9, '0', 10, 1, 'service', 33, 'client', '维修管理 (wxgl-201403170001)', 35, 1395025389, 0),
(10, '0', 74, 7, 'order', 74, 'supplier', '生产入库 (scrk-201403170001)', 35, 1395025470, 0),
(11, '0', 74, 2, 'service', 51, 'client', '维修管理 (wxgl-201403170002)', 35, 1395025492, 0),
(12, '0', 22, 4, 'service', 32, 'client', '维修管理 (wxgl-201403170004)', 35, 1395025616, 0),
(13, '0', 74, 3, 'service', 32, 'client', '维修管理 (wxgl-201403170003)', 35, 1395025620, 0),
(14, '0', 82, 1, 'split', 0, 'client', '拆分--原材料--', 35, 1395025676, 0),
(15, '0', 78, 1, 'split', 0, 'client', '拆分--原材料--', 35, 1395025680, 0),
(16, '0', 22, 1, 'split', 0, 'client', '拆分--成品--', 35, 1395025684, 0),
(17, '0', 78, 5, 'service', 33, 'client', '维修管理 (wxgl-201403170005)', 35, 1395025722, 0),
(18, '124000', 10, 8, 'order', 32, 'client', '销售出库 (xsck-201403170003)', 25, 1395027083, 0);

-- --------------------------------------------------------

--
-- 表的结构 `ix_expenses`
--

CREATE TABLE IF NOT EXISTS `ix_expenses` (
  `id` int(10) unsigned NOT NULL AUTO_INCREMENT,
  `num` varchar(30) NOT NULL,
  `price` text NOT NULL,
  `income` text NOT NULL COMMENT '1为收入2为支出',
  `comment` text NOT NULL,
  `time` int(11) NOT NULL,
  `addtime` int(11) NOT NULL,
  `audit` varchar(30) NOT NULL,
  `user` varchar(30) NOT NULL,
  `bank` int(11) NOT NULL COMMENT '账目走的银行',
  `type` varchar(20) NOT NULL,
  `way` tinyint(4) NOT NULL COMMENT '0现金1银行',
  `subject` text NOT NULL COMMENT '科目',
  `total` varchar(20) NOT NULL,
  PRIMARY KEY (`id`)
) ENGINE=MyISAM  DEFAULT CHARSET=utf8 AUTO_INCREMENT=3 ;

--
-- 转存表中的数据 `ix_expenses`
--

INSERT INTO `ix_expenses` (`id`, `num`, `price`, `income`, `comment`, `time`, `addtime`, `audit`, `user`, `bank`, `type`, `way`, `subject`, `total`) VALUES
(1, 'rcfy-20140301', 'a:2:{i:0;i:20000;i:1;i:500;}', 'a:2:{i:0;s:1:"2";i:1;s:1:"1";}', 'a:2:{i:0;s:8:"46513213";i:1;s:7:"5465465";}', 1394985600, 1395027986, '25', '27', 0, 'worker', 0, 'a:2:{i:0;s:2:"32";i:1;s:1:"1";}', '-19500'),
(2, 'rcfy-20140302', 'a:1:{i:0;i:55500;}', 'a:1:{i:0;s:1:"2";}', 'a:1:{i:0;s:0:"";}', 1394985600, 1395028025, '25', '18', 0, 'daily', 0, 'a:1:{i:0;s:2:"66";}', '-55500');

-- --------------------------------------------------------

--
-- 表的结构 `ix_financial`
--

CREATE TABLE IF NOT EXISTS `ix_financial` (
  `id` int(10) unsigned NOT NULL AUTO_INCREMENT,
  `num` varchar(40) NOT NULL,
  `name` varchar(100) NOT NULL,
  `price` int(10) NOT NULL,
  `notto` int(10) NOT NULL,
  `time` int(10) unsigned NOT NULL,
  `uid` int(10) NOT NULL,
  `rtime` int(10) NOT NULL,
  `order` int(10) NOT NULL,
  `audit` int(10) unsigned NOT NULL DEFAULT '0',
  `income` varchar(20) NOT NULL COMMENT '提成',
  `come` varchar(10) NOT NULL,
  `way` tinyint(4) NOT NULL COMMENT '支付方式',
  `bank` int(11) NOT NULL COMMENT '银行',
  `bill` varchar(10) NOT NULL,
  `billnum` varchar(50) NOT NULL,
  `cors` int(10) unsigned NOT NULL,
  `corstable` varchar(20) NOT NULL,
  `cost` float(11,2) NOT NULL COMMENT '成本',
  PRIMARY KEY (`id`),
  KEY `order` (`order`),
  KEY `notto` (`notto`),
  KEY `price` (`price`,`time`,`audit`)
) ENGINE=MyISAM  DEFAULT CHARSET=utf8 AUTO_INCREMENT=18 ;

--
-- 转存表中的数据 `ix_financial`
--

INSERT INTO `ix_financial` (`id`, `num`, `name`, `price`, `notto`, `time`, `uid`, `rtime`, `order`, `audit`, `income`, `come`, `way`, `bank`, `bill`, `billnum`, `cors`, `corstable`, `cost`) VALUES
(1, '', '采购入库 (cgrk-201403130001)', -16000, -16000, 1394693943, 35, 1394693943, 1, 0, '0', 'order', 0, 0, '', '', 68, 'supplier', 0.00),
(2, '', '采购入库 (cgrk-201403170001)', -750000, -750000, 1395024946, 35, 1395024946, 2, 0, '0', 'order', 0, 0, '', '', 68, 'supplier', 0.00),
(3, '', '采购入库 (cgrk-201403170002)', -69000, -69000, 1395025027, 35, 1395025027, 3, 0, '0', 'order', 0, 0, '', '', 35, 'supplier', 0.00),
(4, '', '采购入库 (cgrk-201403170003)', -526000, -526000, 1395025083, 35, 1395025083, 4, 0, '0', 'order', 0, 0, '', '', 45, 'supplier', 0.00),
(5, '', '销售出库 (xsck-201403170001)', 126000, 126000, 1395025193, 35, 1395025193, 5, 0, '2520', 'order', 0, 0, '', '', 43, 'client', 52600.00),
(6, '', '销售出库 (xsck-201403170002)', 360000, 360000, 1395025242, 35, 1395025242, 6, 0, '7200', 'order', 0, 0, '', '', 37, 'client', 69000.00),
(7, '', '采购入库 (cgrk-201403170001)(退货)', 690000, 0, 1395025291, 35, 1395025291, 1, 0, '', 'return', 0, 0, '', '', 68, 'supplier', 0.00),
(8, '', '销售出库 (xsck-201403170001)(退货)', -126000, 0, 1395025324, 35, 1395025324, 2, 0, '', 'return', 0, 0, '', '', 43, 'client', 0.00),
(9, '', '维修管理 (wxgl-201403170001)', 30000, 30000, 1395025383, 35, 1395025383, 1, 0, '300', 'service', 0, 0, '', '', 33, 'client', 26300.00),
(10, '', '生产入库 (scrk-201403170001)', -120000, -120000, 1395025464, 35, 1395025464, 7, 0, '0', 'order', 0, 0, '', '', 74, 'supplier', 0.00),
(11, '', '维修管理 (wxgl-201403170002)', 250000, 250000, 1395025485, 35, 1395025485, 2, 0, '5000', 'service', 0, 0, '', '', 51, 'client', 10000.00),
(12, '', '维修管理 (wxgl-201403170003)', 60000, 60000, 1395025545, 35, 1395025545, 3, 0, '1200', 'service', 0, 0, '', '', 32, 'client', 20000.00),
(13, '', '维修管理 (wxgl-201403170004)', 24000, 24000, 1395025587, 35, 1395025587, 4, 0, '480', 'service', 0, 0, '', '', 32, 'client', 0.00),
(14, '', '维修管理 (wxgl-201403170005)', 14000, 14000, 1395025717, 35, 1395025717, 5, 0, '280', 'service', 0, 0, '', '', 33, 'client', 0.00),
(15, '', '销售出库 (xsck-201403170003)', 124000, 124000, 1395025874, 35, 1395025874, 8, 0, '2480', 'order', 0, 0, '', '', 32, 'client', 52600.00),
(16, '', '员工费用rcfy-20140301', -19500, 0, 1394985600, 25, 1395027986, 1, 0, '', 'worker', 0, 0, '', '', 0, '', 0.00),
(17, '', '日常支出rcfy-20140302', -55500, 0, 1394985600, 25, 1395028025, 2, 0, '', 'daily', 0, 0, '', '', 0, '', 0.00);

-- --------------------------------------------------------

--
-- 表的结构 `ix_fixed`
--

CREATE TABLE IF NOT EXISTS `ix_fixed` (
  `id` int(10) unsigned NOT NULL AUTO_INCREMENT,
  `title` varchar(30) NOT NULL,
  `price` varchar(10) NOT NULL,
  `time` int(11) NOT NULL,
  `type` varchar(20) NOT NULL,
  `audit` int(10) unsigned NOT NULL,
  `user` varchar(10) NOT NULL COMMENT '经办人',
  `comment` text NOT NULL,
  `addtime` int(11) NOT NULL COMMENT '添加时间',
  `way` tinyint(4) NOT NULL,
  `bank` int(11) NOT NULL,
  `low` tinyint(4) NOT NULL,
  `num` mediumint(9) NOT NULL,
  `money` varchar(20) NOT NULL,
  `old` float(10,2) NOT NULL,
  PRIMARY KEY (`id`)
) ENGINE=MyISAM  DEFAULT CHARSET=utf8 AUTO_INCREMENT=135 ;

--
-- 转存表中的数据 `ix_fixed`
--

INSERT INTO `ix_fixed` (`id`, `title`, `price`, `time`, `type`, `audit`, `user`, `comment`, `addtime`, `way`, `bank`, `low`, `num`, `money`, `old`) VALUES
(13, '华硕电脑', '175000', 1354291200, 'exist', 25, '李娟娟', '<BR>', 1355108772, 0, 0, 0, 1, '175000', 0.00),
(11, '惠普电脑', '150000', 1354291200, 'exist', 25, '苑秀娜', '<BR>', 1355108690, 0, 0, 0, 1, '150000', 0.00),
(12, '凤凰城电脑', '160000', 1354291200, 'exist', 25, '鹿光鹏', '<BR>', 1355108739, 0, 0, 0, 1, '160000', 0.00),
(14, '惠普电脑', '150000', 1354291200, 'exist', 25, '曹欠欠', '<BR>', 1355108830, 0, 0, 0, 1, '150000', 0.00),
(15, '惠普电脑', '180000', 1354291200, 'exist', 25, '张秀萍', '<BR>', 1355108878, 0, 0, 0, 1, '180000', 0.00),
(16, '联想电脑', '180000', 1354291200, 'exist', 25, '王晓丽', '<BR>', 1355109292, 0, 0, 0, 1, '180000', 0.00),
(17, '笔记本电脑', '80000', 1354291200, 'exist', 25, '李永华', '<BR>', 1355109329, 0, 0, 0, 1, '80000', 0.00),
(18, '笔记本电脑', '180000', 1354291200, 'exist', 25, '冯贵欣', '<BR>', 1355109370, 0, 0, 0, 1, '180000', 0.00),
(19, '笔记本电脑', '160000', 1354291200, 'exist', 25, '王江', '<BR>', 1355109396, 0, 0, 0, 1, '160000', 0.00),
(20, '发票电脑', '160000', 1354291200, 'exist', 25, '王江', '<BR>', 1355109466, 0, 0, 0, 1, '160000', 0.00),
(21, '联想显示器', '50000', 1354291200, 'exist', 25, '苑秀娜', '<BR>', 1355109530, 0, 0, 0, 1, '50000', 0.00),
(22, '电脑显示器', '50000', 1354291200, 'exist', 25, '曹欠欠', '<BR>', 1355109581, 0, 0, 0, 1, '50000', 0.00),
(23, 'HKC显示器', '40000', 1354291200, 'exist', 25, '鹿光鹏', '<BR>', 1355109633, 0, 0, 0, 1, '40000', 0.00),
(24, 'HKC显示器', '40000', 1354291200, 'exist', 25, '待用', '<BR>', 1355109689, 0, 0, 0, 1, '40000', 0.00),
(25, 'HKC显示器', '40000', 1354291200, 'exist', 25, '待用', '<BR>', 1355109726, 0, 0, 0, 1, '40000', 0.00),
(26, 'HKC显示器', '40000', 1354291200, 'exist', 25, '待用', '<BR>', 1355109761, 0, 0, 0, 1, '40000', 0.00),
(27, '电脑显示器', '50000', 1354291200, 'exist', 25, '李娟娟', '<BR>', 1355109942, 0, 0, 0, 1, '50000', 0.00),
(28, 'HKC显示器', '40000', 1354291200, 'exist', 25, '张秀萍', '<BR>', 1355110000, 0, 0, 0, 1, '40000', 0.00),
(29, '方正显示器', '50000', 1354291200, 'exist', 25, '王晓丽', '<BR>', 1355110037, 0, 0, 0, 1, '50000', 0.00),
(30, '发票显示器', '50000', 1354291200, 'exist', 25, '王江', '<BR>', 1355110084, 0, 0, 0, 1, '50000', 0.00),
(31, '电脑桌', '20000', 1354291200, 'exist', 25, '苑秀娜', '<BR>', 1355110143, 0, 0, 0, 1, '20000', 0.00),
(32, '电脑桌', '20000', 1354291200, 'exist', 25, '曹欠欠', '<BR>', 1355110193, 0, 0, 0, 1, '20000', 0.00),
(33, '电脑桌', '25000', 1354291200, 'exist', 25, '鹿光鹏', '<BR>', 1355110266, 0, 0, 0, 1, '25000', 0.00),
(34, '电脑桌', '25000', 1354291200, 'exist', 25, '待用', '<BR>', 1355110302, 0, 0, 0, 1, '25000', 0.00),
(35, '电脑桌', '25000', 1354291200, 'exist', 25, '待用', '<BR>', 1355110324, 0, 0, 0, 1, '25000', 0.00),
(36, '电脑桌', '25000', 1354291200, 'exist', 25, '待用', '<BR>', 1355110353, 0, 0, 0, 1, '25000', 0.00),
(37, '电脑桌', '25000', 1354291200, 'exist', 25, '李娟娟', '<BR>', 1355110396, 0, 0, 0, 1, '25000', 0.00),
(38, '电脑桌', '25000', 1354291200, 'exist', 25, '张秀萍', '<BR>', 1355110426, 0, 0, 0, 1, '25000', 0.00),
(39, '电脑桌', '20000', 1354291200, 'exist', 25, '王晓丽', '<BR>', 1355110488, 0, 0, 0, 1, '20000', 0.00),
(40, '电脑桌', '20000', 1354291200, 'exist', 25, '李永华', '<BR>', 1355110522, 0, 0, 0, 1, '20000', 0.00),
(41, '电脑桌', '20000', 1354291200, 'exist', 25, '冯贵欣', '<BR>', 1355110547, 0, 0, 0, 1, '20000', 0.00),
(42, '电脑桌', '160000', 1354291200, 'exist', 25, '王江', '王江办公桌与发票电脑桌', 1355110690, 0, 0, 0, 1, '160000', 0.00),
(43, '打印机', '120000', 1354291200, 'exist', 25, '李娟娟', '<BR>', 1355110730, 0, 0, 0, 1, '120000', 0.00),
(44, '一体机', '175000', 1354291200, 'exist', 25, '公用', '<BR>', 1355110803, 0, 0, 0, 1, '175000', 0.00),
(45, '书橱', '18000', 1354291200, 'exist', 25, '冯贵欣', '<BR>', 1355110856, 0, 0, 0, 1, '18000', 0.00),
(46, '书橱', '18000', 1354291200, 'exist', 25, '王江', '<BR>', 1355110881, 0, 0, 0, 1, '18000', 0.00),
(49, '打印机', '150000', 1354291200, 'exist', 25, '发票', '<BR>', 1355110986, 0, 0, 0, 1, '150000', 0.00),
(50, '会议桌', '45000', 1354291200, 'exist', 25, '王江', '<BR>', 1355111025, 0, 0, 0, 1, '45000', 0.00),
(51, '指纹打卡机', '80000', 1355500800, 'exist', 25, '公用', '<BR>', 1355111076, 0, 0, 0, 1, '80000', 0.00),
(53, '鱼缸', '100000', 1354291200, 'exist', 25, '王江', '<BR>', 1355111182, 0, 0, 0, 1, '100000', 0.00),
(54, '沙发', '30000', 1375891200, 'exist', 25, '王江', '<BR>', 1355111202, 0, 0, 0, 1, '30000', 0.00),
(55, '沙发', '30000', 1355500800, '-请选择-', 25, '王江', '<BR>', 1355111225, 0, 0, 0, 1, '30000', 0.00),
(56, '梅花螺丝刀（大）', '18000', 1355241600, 'exist', 25, '技术部', '<BR>', 1355277455, 0, 0, 1, 12, '1500', 0.00),
(57, '梅花螺丝刀（小）', '6000', 1355241600, 'exist', 25, '技术部', '<BR>', 1355294805, 0, 0, 1, 6, '1000', 0.00),
(58, '平口螺丝刀（大）', '6500', 1355241600, 'exist', 25, '技术部', '<BR>', 1355294858, 0, 0, 1, 5, '1300', 0.00),
(59, '平口螺丝刀（小）', '3200', 1355241600, 'exist', 25, '技术部', '<BR>', 1355294917, 0, 0, 1, 4, '800', 0.00),
(60, '便捷式梅花螺丝刀（小）', '2400', 1355241600, 'exist', 25, '技术部', '<BR>', 1355294981, 0, 0, 1, 2, '120000', 0.00),
(61, '便捷式平口螺丝刀（小）', '3000', 1355241600, 'exist', 25, '技术部', '<BR>', 1355295254, 0, 0, 1, 3, '100000000000', 0.00),
(62, '剥线钳', '16000', 1355241600, 'exist', 25, '技术部', '<BR>', 1355295321, 0, 0, 1, 4, '4000', 0.00),
(63, '偏口钳', '14000', 1355241600, 'exist', 25, '技术部', '<BR>', 1355295389, 0, 0, 1, 4, '3500', 0.00),
(64, '尖嘴钳', '12500', 1355241600, 'exist', 25, '技术部', '<BR>', 1355295426, 0, 0, 1, 5, '2500', 0.00),
(65, '手钳', '8000', 1355241600, 'exist', 25, '技术部', '<BR>', 1355295457, 0, 0, 1, 2, '4000', 0.00),
(66, '插头压线钳', '16000', 1355241600, 'exist', 25, '技术部', '<BR>', 1355295562, 0, 0, 1, 1, '16000', 0.00),
(67, '网线压线钳', '8000', 1355241600, 'exist', 25, '技术部', '<BR>', 1355295597, 0, 0, 1, 1, '8000', 0.00),
(68, '小镊子', '1500', 1355241600, 'exist', 25, '技术部', '<BR>', 1355365146, 0, 0, 1, 5, '300', 0.00),
(69, '万用表', '48000', 1355241600, 'exist', 25, '技术部', '<BR>', 1355365181, 0, 0, 1, 3, '16000', 0.00),
(70, '拷贝机', '56000', 1355241600, 'exist', 25, '技术部', '<BR>', 1355365288, 0, 0, 1, 2, '28000', 0.00),
(71, '刀子', '600', 1355241600, 'exist', 25, '技术部', '<BR>', 1355365326, 0, 0, 1, 1, '600', 0.00),
(72, '电动螺丝刀', '9500', 1355241600, 'exist', 25, '技术部', '<BR>', 1355365370, 0, 0, 1, 1, '9500', 0.00),
(73, '吸焊器', '14000', 1355241600, 'exist', 25, '技术部', '<BR>', 1355365411, 0, 0, 1, 4, '3500', 0.00),
(74, '电钻（红）', '7500', 1355241600, 'exist', 25, '技术部', '<BR>', 1355365446, 0, 0, 1, 1, '7500', 0.00),
(75, '电烙铁', '27000', 1355241600, 'exist', 25, '技术部', '<BR>', 1355365704, 0, 0, 1, 3, '9000', 0.00),
(76, '钢尺', '500', 1355241600, 'exist', 25, '技术部', '<BR>', 1355365986, 0, 0, 1, 1, '500', 0.00),
(77, '大卷尺', '1500', 1355241600, 'exist', 25, '技术部', '<BR>', 1355366064, 0, 0, 1, 1, '1500', 0.00),
(78, '小卷尺', '1000', 1355241600, 'exist', 25, '技术部', '<BR>', 1355366090, 0, 0, 1, 1, '1000', 0.00),
(79, '游标卡尺', '10500', 1355241600, 'exist', 25, '技术部', '<BR>', 1355366136, 0, 0, 1, 1, '10500', 0.00),
(80, '梅花扳手（27-24）', '1600', 1355241600, 'exist', 25, '技术部', '<BR>', 1355366193, 0, 0, 1, 1, '1600', 0.00),
(81, '梅花扳手（24-22）', '1400', 1355241600, 'exist', 25, '技术部', '<BR>', 1355366240, 0, 0, 1, 1, '1400', 0.00),
(82, '梅花扳手（12-14）', '2400', 1355241600, 'exist', 25, '技术部', '<BR>', 1355366277, 0, 0, 1, 2, '1200', 0.00),
(83, '梅花扳手（8-10）', '1000', 1355241600, 'exist', 25, '技术部', '<BR>', 1355366332, 0, 0, 1, 1, '1000', 0.00),
(84, '插口扳手（17-14）', '3600', 1355241600, 'exist', 25, '技术部', '<BR>', 1355366375, 0, 0, 1, 3, '1200', 0.00),
(85, '插口扳手（16-13）', '1300', 1355241600, 'exist', 25, '技术部', '<BR>', 1355366418, 0, 0, 1, 1, '1300', 0.00),
(86, '插口扳手（15-13）', '1000', 1355241600, 'exist', 25, '技术部', '<BR>', 1355366459, 0, 0, 1, 1, '1000', 0.00),
(87, '活扳手（12）', '2000', 1355241600, 'exist', 25, '技术部', '<BR>', 1355366506, 0, 0, 1, 2, '1000', 0.00),
(88, '活扳手（10）', '800', 1355241600, 'exist', 25, '技术部', '<BR>', 1355366541, 0, 0, 1, 1, '800', 0.00),
(89, '活扳手（8）', '600', 1355241600, 'exist', 25, '技术部', '<BR>', 1355366581, 0, 0, 1, 1, '600', 0.00),
(90, '内六角', '5500', 1355241600, 'exist', 25, '技术部', '<BR>', 1355366611, 0, 0, 1, 11, '500', 0.00),
(91, '快速液压钳工具箱', '20000', 1355241600, 'exist', 25, '技术部', '<BR>', 1355366665, 0, 0, 1, 1, '20000', 0.00),
(92, 'K配系列工具套装', '22000', 1355241600, 'exist', 25, '技术部', '<BR>', 1355366720, 0, 0, 1, 1, '22000', 0.00),
(93, 'E格雷特工具套装', '30000', 1355241600, 'exist', 25, '技术部', '<BR>', 1355366758, 0, 0, 1, 1, '30000', 0.00),
(94, '小锤头', '1500', 1355241600, 'exist', 25, '技术部', '<BR>', 1355366818, 0, 0, 1, 1, '1500', 0.00),
(95, '力矩杆', '1000', 1355241600, 'exist', 25, '技术部', '<BR>', 1355366868, 0, 0, 1, 1, '1000', 0.00),
(96, 'DC48V电源模块', '6000', 1355241600, 'exist', 25, '技术部', '<BR>', 1355366993, 0, 0, 1, 1, '6000', 0.00),
(97, 'DC24V电源模块', '4500', 1355241600, 'exist', 25, '技术部', '<BR>', 1355367032, 0, 0, 1, 1, '4500', 0.00),
(98, 'DC12V电源模块', '1500', 1355241600, 'exist', 25, '技术部', '<BR>', 1355367062, 0, 0, 1, 1, '1500', 0.00),
(99, 'AC380V电源', '4000', 1355241600, 'exist', 25, '技术部', '<BR>', 1355367096, 0, 0, 1, 1, '4000', 0.00),
(100, 'ACO-250V电源', '22500', 1355241600, 'exist', 25, '技术部', '<BR>', 1355367143, 0, 0, 1, 1, '22500', 0.00),
(101, '台达2.0USB数据线', '6000', 1355241600, 'exist', 25, '技术部', '<BR>', 1355367186, 0, 0, 1, 1, '6000', 0.00),
(102, '台达1.0USB数据线', '4000', 1355241600, 'exist', 25, '技术部', '<BR>', 1355367221, 0, 0, 1, 1, '4000', 0.00),
(103, '台达COM口数据线', '3000', 1355241600, 'exist', 25, '技术部', '<BR>', 1355367260, 0, 0, 1, 1, '3000', 0.00),
(104, '西门子S7 USB数据线', '16000', 1355241600, 'exist', 25, '技术部', '<BR>', 1355367324, 0, 0, 1, 1, '16000', 0.00),
(105, '松下USB数据线', '18000', 1355241600, 'exist', 25, '技术部', '<BR>', 1355367359, 0, 0, 1, 1, '18000', 0.00),
(106, '插口扳手（10-8）', '1600', 1355241600, 'exist', 25, '技术部', '<BR>', 1355367428, 0, 0, 1, 2, '800', 0.00),
(107, '插口扳手（14-17）', '1300', 1355241600, 'exist', 25, '技术部', '<BR>', 1355367654, 0, 0, 1, 1, '1300', 0.00),
(108, '插口扳手（12-14）', '2400', 1355241600, 'exist', 25, '技术部', '<BR>', 1355367712, 0, 0, 1, 2, '1200', 0.00),
(109, '活口扳手', '2000', 1355241600, 'exist', 25, '技术部', '<BR>', 1355367792, 0, 0, 1, 2, '1000', 0.00),
(110, '压线钳', '16000', 1355241600, 'exist', 25, '技术部', '<BR>', 1355367824, 0, 0, 1, 1, '16000', 0.00),
(111, '锤子', '600', 1355241600, 'exist', 25, '技术部', '<BR>', 1355367872, 0, 0, 1, 1, '600', 0.00),
(112, '电钻', '18000', 1355241600, 'exist', 25, '技术部', '<BR>', 1355367899, 0, 0, 1, 1, '18000', 0.00),
(113, '手电筒', '2000', 1355241600, 'exist', 25, '技术部', '<BR>', 1355367936, 0, 0, 1, 1, '2000', 0.00),
(114, '电话机', '13500', 1355241600, 'exist', 25, '公用', '<BR>', 1355368211, 0, 0, 1, 3, '4500', 0.00),
(115, '空调扇', '40000', 1355241600, 'exist', 25, '公用', '<BR>', 1355368279, 0, 0, 1, 2, '20000', 0.00),
(116, '台式扇', '16000', 1355241600, 'exist', 25, '公用', '<BR>', 1355368326, 0, 0, 1, 1, '16000', 0.00),
(117, '座式扇', '22000', 1355241600, 'exist', 25, '公用', '<BR>', 1355368352, 0, 0, 1, 1, '22000', 0.00),
(118, '网线转换器', '21000', 1355241600, 'exist', 25, '公用', '<BR>', 1355368383, 0, 0, 1, 1, '21000', 0.00),
(119, '货运小车', '14000', 1355241600, 'exist', 25, '技术部', '<BR>', 1355368653, 0, 0, 1, 1, '14000', 0.00),
(120, '微波炉', '30000', 1355241600, 'exist', 25, '公用', '<BR>', 1355368682, 0, 0, 1, 1, '30000', 0.00),
(121, '饮水机', '16000', 1355241600, 'exist', 25, '公用', '<BR>', 1355368714, 0, 0, 1, 1, '16000', 1000.00),
(122, '组装电脑', '480000', 1376928000, 'exist', 25, '销售人员', '<BR>', 1375321509, 0, 0, 0, 3, '160000', 0.00),
(123, '空调', '180000', 1377964800, 'exist', 25, '王江', '<BR>', 1380156751, 0, 0, 0, 1, '180000', 0.00),
(124, '橡塑柄 十字螺丝 #1*100MM', '1830', 1384099200, 'exist', 25, '技术部', '固安捷采购', 1384136665, 0, 0, 1, 1, '1830', 0.00),
(125, '橡塑柄 十字螺丝 #2*100MM', '1910', 1384099200, 'exist', 25, '技术部', '<BR>', 1384137210, 0, 0, 1, 1, '1910', 0.00),
(126, '3件迷你锯条', '1150', 1384099200, 'exist', 25, '技术部', '<BR>', 1384137991, 0, 0, 1, 1, '1150', 0.00),
(127, '接触式测电笔-185MM', '920', 1384099200, 'exist', 25, '技术部', '<BR>', 1384139573, 0, 0, 1, 1, '920', 0.00),
(128, '斜嘴钳6“', '3650', 1384099200, 'exist', 25, '技术部', '<BR>', 1384139655, 0, 0, 1, 1, '3650', 0.00),
(129, '钢丝钳7”', '4710', 1384099200, 'exist', 25, '技术部', '<BR>', 1384139703, 0, 0, 1, 1, '4710', 0.00),
(130, '尖嘴钳8“', '4480', 1384099200, 'exist', 25, '技术部', '<BR>', 1384139747, 0, 0, 1, 1, '4480', 0.00),
(131, '橡塑柄 十字螺丝批 #0 X 75MM', '1110', 1384099200, 'exist', 25, '技术部', '<BR>', 1384139831, 0, 0, 1, 1, '1110', 0.00),
(132, '尖头短镊子', '2940', 1384099200, 'exist', 25, '技术部', '<BR>', 1384139897, 0, 0, 1, 2, '1470', 0.00),
(133, '欧式端子压著钳', '29790', 1384099200, 'exist', 25, '技术部', '<BR>', 1384140009, 0, 0, 1, 1, '29790', 0.00),
(134, '一字穿心螺丝批8 X 200MM', '3120', 1384099200, 'exist', 25, '技术部', '<BR>', 1384140060, 0, 0, 1, 1, '3120', 0.00);

-- --------------------------------------------------------

--
-- 表的结构 `ix_fixed_sort`
--

CREATE TABLE IF NOT EXISTS `ix_fixed_sort` (
  `id` int(10) unsigned NOT NULL AUTO_INCREMENT,
  `name` varchar(20) NOT NULL,
  `num` varchar(30) NOT NULL,
  `type` varchar(20) NOT NULL,
  PRIMARY KEY (`id`)
) ENGINE=MyISAM  DEFAULT CHARSET=utf8 AUTO_INCREMENT=75 ;

--
-- 转存表中的数据 `ix_fixed_sort`
--

INSERT INTO `ix_fixed_sort` (`id`, `name`, `num`, `type`) VALUES
(1, '管理费用-通行费', 'GL-005', 'subject'),
(2, '管理费用-交通费', 'GL-006', 'subject'),
(3, '管理费用-住宿费', 'GL-002', 'subject'),
(4, '管理费用-汽油费', 'GL-003', 'subject'),
(5, '管理费用-餐饮费', 'GL-004', 'subject'),
(7, '销售费用-交通费', 'XS-002', 'subject'),
(8, '销售费用-住宿费', 'XS-003', 'subject'),
(9, '销售费用-餐饮费', 'XS-004', 'subject'),
(10, '销售费用-快递费', 'XS-001', 'subject'),
(12, '固定资产-电脑', '', 'fixed'),
(13, '固定资产-一体机', '', 'fixed'),
(15, '财务费用-利息', 'CW-002', 'subject'),
(16, '财务费用-手续费', 'CW-001', 'subject'),
(20, '银行存款-青岛银行', 'YH-001', 'subject'),
(21, '银行存款-中国银行', 'YH-002', 'subject'),
(22, '库存现金', 'XJ-001', 'subject'),
(24, '主营业务收入', 'ZY-001', 'subject'),
(25, '主营业务支出', 'ZY-002', 'subject'),
(26, '库存商品-外贸', 'KC-002', 'subject'),
(27, '其他业务收入', 'QT-001', 'subject'),
(28, '其他业务支出', 'QT-002', 'subject'),
(31, '管理费用', 'GL-001', 'subject'),
(32, '管理费用-电话费', 'GL-007', 'subject'),
(33, '银行存款-农业银行', 'YH-003', 'subject'),
(34, '应收账款', 'YSZK', 'subject'),
(35, '应付账款', 'YFZK', 'subject'),
(36, '应付工资-基本工资', 'YF-001', 'subject'),
(37, '应付工资-电话补助', 'YF-002', 'subject'),
(38, '应付工资-全勤奖', 'YF-003', 'subject'),
(39, '应付工资-销售提成', 'YF-004', 'subject'),
(40, '应付工资-扣请假', 'YF-005', 'subject'),
(41, '其他应收款-保险费', 'QT-003', 'subject'),
(42, '应付工资-车费补贴', 'YF-006', 'subject'),
(43, '管理费用-办公费', 'GL-008', 'subject'),
(44, '其他应付款', 'QT-004', 'subject'),
(45, '预收账款', 'YS-001', 'subject'),
(46, '预付账款', 'YF-001', 'subject'),
(55, '管理费用-社保代扣', 'GL-009', 'subject'),
(48, '应交税费-增值税', 'YJ-001', 'subject'),
(49, '应交税费-企业所得税', 'YJ-002', 'subject'),
(50, '应交税费-地方教育附加', 'YJ-003', 'subject'),
(51, '应交税费-地方水利建设基金', 'YJ-004', 'subject'),
(52, '应交税费-城市维护建设税', 'YJ-005', 'subject'),
(53, '应交税费-教育费附加', 'YJ-006', 'subject'),
(54, '应交税费-印花税', 'YJ-007', 'subject'),
(56, '其他应收款', 'QT-005', 'subject'),
(57, '短期借款', 'DQ-001', 'subject'),
(58, '营业外收入', 'YY-001', 'subject'),
(59, '营业外支出', 'YY-002', 'subject'),
(60, '库存商品', 'KC-001', 'subject'),
(61, '应付工资-其他补贴', 'YF-007', 'subject'),
(62, '管理费用-午餐费', 'GL-010', 'subject'),
(63, '银行存款-贷记账户', 'YH-004', 'subject'),
(64, '管理费用-差旅费', 'GL-011', 'subject'),
(65, '银行存款-民生银行', 'YH-005', 'subject'),
(66, '管理费用-水费', 'GL-012', 'subject'),
(67, '管理费用-煤气费', 'GL-013', 'subject'),
(68, '管理费用-手纸费', 'GL-014', 'subject'),
(69, '低值易耗品-配件', 'DZ-001', 'subject'),
(70, '管理费用-电费', 'GL-015', 'subject'),
(71, '管理费用-午餐配料', 'GL-016', 'subject'),
(72, '销售费用-运费', 'XS-005', 'subject'),
(73, '押金', 'YJ-001', 'subject'),
(74, '管理费用-网络费', 'GL-017', 'subject');

-- --------------------------------------------------------

--
-- 表的结构 `ix_formula`
--

CREATE TABLE IF NOT EXISTS `ix_formula` (
  `id` int(10) unsigned NOT NULL,
  `goods` int(10) unsigned NOT NULL,
  `num` float unsigned NOT NULL,
  `to` int(10) unsigned NOT NULL,
  PRIMARY KEY (`id`),
  KEY `goods` (`goods`,`to`)
) ENGINE=MyISAM DEFAULT CHARSET=latin1;

-- --------------------------------------------------------

--
-- 表的结构 `ix_goods`
--

CREATE TABLE IF NOT EXISTS `ix_goods` (
  `id` int(10) unsigned NOT NULL AUTO_INCREMENT,
  `name` varchar(100) NOT NULL,
  `num` varchar(100) NOT NULL,
  `type` int(10) unsigned NOT NULL,
  `price` int(10) unsigned NOT NULL,
  `cost` int(10) unsigned NOT NULL,
  `unit` varchar(10) NOT NULL,
  `group` int(11) NOT NULL,
  `model` varchar(100) NOT NULL,
  PRIMARY KEY (`id`),
  KEY `name` (`name`),
  KEY `type` (`type`)
) ENGINE=MyISAM  DEFAULT CHARSET=utf8 AUTO_INCREMENT=711 ;

--
-- 转存表中的数据 `ix_goods`
--

INSERT INTO `ix_goods` (`id`, `name`, `num`, `type`, `price`, `cost`, `unit`, `group`, `model`) VALUES
(16, '禹鼎遥控器', 'YD-002-01', 5, 0, 0, '套', 0, 'F21-E1B 380V  两发一收'),
(11, '禹鼎遥控器', 'YD-001-01', 5, 0, 0, '套', 0, 'F21-E1B   36V  两发一收'),
(14, '禹鼎遥控器', 'YD-001-02', 5, 0, 0, '套', 0, 'F21-E1B  36V   一发两收'),
(15, '禹鼎遥控器', 'YD-002', 5, 0, 0, '套', 0, 'F21-E1B 380V'),
(10, '禹鼎遥控器', 'YD-001', 5, 0, 0, '套', 0, 'F21-E1B  36V'),
(17, '禹鼎遥控器', 'YD-002-2', 5, 0, 0, '套', 0, 'F21-E1B 380 一发两收'),
(18, '沙克遥控器', 'SK-001', 19, 0, 0, '套', 0, 'SAGA-L4'),
(19, '禹鼎遥控器', 'YD-003', 5, 0, 0, '套', 0, 'F21-E1B 220V'),
(22, '发射器', 'FSQ-001', 23, 0, 0, '个', 0, 'F21-E1B'),
(21, '沙克遥控器', 'SK-002', 19, 0, 0, '套', 0, 'SAGA-L6'),
(23, '接收机', 'JSJ-001', 24, 0, 0, '个', 0, 'F21-E1B '),
(24, '发射器', 'FSQ-002', 23, 0, 0, '个', 0, 'F21-E1'),
(25, '发射器', 'FSQ-003', 23, 0, 0, '个', 0, 'F21-2S'),
(26, '发射器', 'FSQ-004', 23, 0, 0, '个', 0, 'F21-4S'),
(27, '发射器', 'FSQ-005', 23, 0, 0, '个', 0, 'F23-A++'),
(28, '发射器', 'FSQ-006', 23, 0, 0, '个', 0, 'F23-A+'),
(29, '接收机', 'JSJ-002', 24, 0, 0, '个', 0, 'F23-A++'),
(30, '旁压式超载限制器', 'CZ-001', 6, 0, 0, '只', 0, 'BCQ-1T'),
(31, '旁压式超载限制器', 'CZ-002', 6, 0, 0, '只', 0, 'BCQ-2T'),
(32, '旁压式超载限制器', 'CZ-003', 6, 0, 0, '只', 0, 'BCQ-3T'),
(33, '旁压式超载限制器', 'CZ-004', 6, 0, 0, '只', 0, 'BCQ-5T'),
(34, '旁压式超载限制器', 'CZ-005', 6, 0, 0, '只', 0, 'BCQ-10T'),
(35, '旁压式超载限制器', 'CZ-006', 6, 0, 0, '只', 0, 'BCQ-16T'),
(36, '旁压式超载限制器', 'CZ-007', 6, 0, 0, '只', 0, 'BCQ-20T'),
(37, '旁压式超载限制器', 'CZ-008', 6, 0, 0, '只', 0, 'BCQ-32T'),
(38, '禹鼎遥控器', 'YD-004', 5, 0, 0, '套', 0, 'F21-E1B  直流48V'),
(39, '禹鼎遥控器', 'YD-004-01', 5, 0, 0, '套', 0, 'F21-E1B  直流48V  两发一收'),
(40, '禹鼎遥控器', 'YD-004-02', 5, 0, 0, '套', 0, 'F21-E1B  直流48V  一发两收'),
(41, '禹鼎遥控器', 'YD-005', 5, 0, 0, '套', 0, 'F21-E1B  交流36V-48V'),
(42, '禹鼎遥控器', 'YD-006', 5, 0, 0, '套', 0, 'F21-E1   36V'),
(43, '禹鼎遥控器', 'YD-007', 5, 0, 0, '套', 0, 'F21-E1  380V'),
(44, '禹鼎遥控器', 'YD-008', 5, 0, 0, '套', 0, 'F21-E1  220V'),
(45, '禹鼎遥控器', 'YD-009', 5, 0, 0, '套', 0, 'F21-2S   直流48V'),
(46, '禹鼎遥控器', 'YD-010', 5, 0, 0, '套', 0, 'F21-4S'),
(47, '禹鼎遥控器', 'YD-011', 5, 0, 0, '套', 0, 'F23-A++  36V'),
(48, '禹鼎遥控器', 'YD-012', 5, 0, 0, '套', 0, 'F23-A++  380V'),
(49, '禹鼎遥控器', 'YD-013', 5, 0, 0, '套', 0, 'F23-A+'),
(50, '禹鼎遥控器', 'YD-014', 5, 0, 0, '套', 0, 'F24-8D'),
(51, '禹鼎遥控器', 'YD-015', 5, 0, 0, '套', 0, 'F24-8S'),
(52, '禹鼎遥控器', 'YD-016', 5, 0, 0, '套', 0, 'F24-10D'),
(53, '禹鼎遥控器', 'YD-017', 5, 0, 0, '套', 0, 'F24-10S'),
(54, '禹鼎遥控器', 'YD-018', 5, 0, 0, '套', 0, 'F24-12D'),
(55, '禹鼎遥控器', 'YD-019', 5, 0, 0, '套', 0, 'F24-12S'),
(56, '禹鼎遥控器', 'YD-020', 5, 0, 0, '套', 0, 'F24-60'),
(57, '禹鼎遥控器', 'YD-021', 5, 0, 0, '套', 0, 'F25-8D'),
(58, '禹鼎遥控器', 'YD-022', 5, 0, 0, '套', 0, 'F25-8S'),
(59, '禹鼎遥控器', 'YD-023', 5, 0, 0, '套', 0, 'F25-10D'),
(60, '禹鼎遥控器', 'YD-024', 5, 0, 0, '套', 0, 'F25-10S'),
(61, '禹鼎遥控器', 'YD-025', 5, 0, 0, '套', 0, 'F25-12D'),
(62, '禹鼎遥控器', 'YD-026', 5, 0, 0, '套', 0, 'F25-12S'),
(63, '沙克遥控器', 'SK-003', 19, 0, 0, '套', 0, 'SAGA-L6B'),
(64, '沙克遥控器', 'SK-004', 19, 0, 0, '套', 0, 'SAGA-L8'),
(65, '沙克遥控器', 'SK-004-01', 19, 0, 0, '套', 0, 'SAGA-L8  直流'),
(66, '沙克遥控器', 'SK-005', 19, 0, 0, '套', 0, 'SAGA-L8B'),
(67, '沙克遥控器', 'SK-005-01', 19, 0, 0, '套', 0, 'SAGA-L8B  直流'),
(68, '沙克遥控器', 'SK-006', 19, 0, 0, '套', 0, 'SAGA-L10'),
(69, '沙克遥控器', 'SK-006-01', 19, 0, 0, '套', 0, 'SAGA-L10-1'),
(70, '沙克遥控器', 'SK-006-02', 19, 0, 0, '套', 0, 'SAGA-L10-2'),
(71, '沙克遥控器', 'SK-007', 19, 0, 0, '套', 0, 'SAGA-L12'),
(72, '沙克遥控器', 'SK-007-01', 19, 0, 0, '套', 0, 'SAGA-L12-1'),
(73, '沙克遥控器', 'SK-008', 19, 0, 0, '套', 0, 'SAGA-L40'),
(74, '沙克遥控器', 'SK-009', 19, 0, 0, '套', 0, 'SAGA-K1'),
(75, '沙克遥控器', 'SK-010', 19, 0, 0, '套', 0, 'SAGA-K2'),
(76, '沙克遥控器', 'SK-011', 19, 0, 0, '套', 0, 'SAGA-K3'),
(77, '沙克遥控器', 'SK-012', 19, 0, 0, '套', 0, 'SAGA-K4'),
(78, '发射器外壳', 'FSWK-001', 25, 0, 0, '个', 0, 'F21-E1B'),
(79, '发射器外壳', 'FSWK-002', 25, 0, 0, '个', 0, 'F23-A++'),
(80, '接收机外壳', 'JSWK-001', 26, 0, 0, '个', 0, 'F21-E1B'),
(81, '接收机外壳', 'JSWK-002', 26, 0, 0, '个', 0, 'F23-A++'),
(82, '发射板', 'FSB-001', 27, 0, 0, '个', 0, 'F21-E1B'),
(83, '发射板', 'FSB-001-01', 27, 0, 0, '个', 0, 'F21-E1B  U段'),
(84, '发射板', 'FSB-002', 27, 0, 0, '个', 0, 'F23-A++'),
(85, '发射板', 'FSB-002-01', 27, 0, 0, '个', 0, 'F23-A++  U段'),
(86, '发射板', 'FSB-003', 27, 0, 0, '个', 0, 'F21-E1'),
(87, '接收板', 'JSB-001', 28, 0, 0, '个', 0, 'F21-E1B'),
(88, '接收板', 'JSB-002', 28, 0, 0, '个', 0, 'F23-A++'),
(89, '高频板', 'GPB-001', 29, 0, 0, '个', 0, 'F21-E1B'),
(90, '高频板', 'GPB-001-01', 29, 0, 0, '个', 0, 'F21-E1B  U段'),
(91, '高频板', 'GPB-002', 29, 0, 0, '个', 0, 'F23-A++'),
(92, '高频板', 'GPB-002-01', 29, 0, 0, '个', 0, 'F23-A++  U段'),
(93, '变压器', 'BYQ-001', 32, 0, 0, '个', 0, 'F21 系列    36V'),
(94, '变压器', 'BYQ-002', 32, 0, 0, '个', 0, 'F21 系列    380V'),
(95, '变压器', 'BYQ-003', 32, 0, 0, '个', 0, 'F21 系列    220V'),
(96, '变压器', 'BYQ-004', 32, 0, 0, '个', 0, 'F21  系列   110V'),
(97, '变压器', 'BYQ-005', 32, 0, 0, '个', 0, 'F21  系列   交流36V-48V'),
(98, '变压器', 'BYQ-006', 32, 0, 0, '个', 0, 'F23  系列'),
(99, '晶振', 'JZ-001', 34, 0, 0, '个', 0, ''),
(100, '晶振', 'JZ-002', 34, 0, 0, '个', 0, 'U段'),
(101, '皮套', 'PT-001', 30, 0, 0, '个', 0, 'F21  系列'),
(102, '皮套', 'PT-002', 30, 0, 0, '个', 0, 'F24  系列'),
(103, '发射天线', 'TX-001', 33, 0, 0, '个', 0, ''),
(104, '发射天线', 'TX-001-01', 33, 0, 0, '个', 0, 'U段'),
(105, '接收天线', 'TX-002', 33, 0, 0, '个', 0, 'F21  系列'),
(106, '接收天线', 'TX-003', 33, 0, 0, '个', 0, 'F23/24  系列'),
(107, '小钥匙', 'YS-001', 31, 0, 0, '个', 0, ''),
(108, '控制柜', 'KZG-001', 37, 0, 0, '个', 0, '500*600'),
(109, '滑触线指示灯', 'ZSD-001', 43, 0, 0, '个', 0, 'ABC-hcx-50'),
(110, '滑触线指示灯', 'ZSD-002', 43, 0, 0, '个', 0, 'ABC-hcx-100'),
(111, '滑触线指示灯', 'ZSD-003', 43, 0, 0, '个', 0, 'ABC-hcx-150'),
(112, '滑触线指示灯', 'ZSD-004', 43, 0, 0, '个', 0, 'ABC-hcx-100/4'),
(113, '滑触线指示灯', 'ZSD-005', 43, 0, 0, '个', 0, 'ABC-hcx-100/3000V'),
(114, '起升高度限制器', 'QS-001', 41, 0, 0, '只', 0, 'QGX-A'),
(115, '起升高度限制器', 'QS-002', 41, 0, 0, '只', 0, 'QGX-B'),
(116, '起升高度限制器', 'QS-003', 41, 0, 0, '只', 0, 'QGX-C'),
(117, '台达人机界面', 'RJJM-001', 60, 0, 0, '台', 0, 'DOP-A'),
(118, '台达人机界面', 'RJJM-002', 60, 0, 0, '台', 0, 'DOP-AS'),
(119, '台达人机界面', 'RJJM-003', 60, 0, 0, '台', 0, 'DOP-AE'),
(120, '台达人机界面', 'RJJM-004', 60, 0, 0, '台', 0, 'DOP-B'),
(121, '西门子PLC', 'PLC-001', 53, 0, 0, '个', 0, 'S7-221'),
(122, '西门子PLC', 'PLC-002', 53, 0, 0, '个', 0, 'S7-222CN'),
(123, '西门子PLC', 'PLC-003', 53, 0, 0, '个', 0, 'S7-224CN'),
(124, '西门子PLC', 'PLC-004', 53, 0, 0, '台', 0, 'S7-224XP'),
(125, '西门子PLC', 'PLC-004-01', 53, 0, 0, '个', 0, 'S7-224XPsi'),
(126, '西门子PLC', 'PLC-005', 53, 0, 0, '个', 0, 'S7-226CN'),
(127, '推动器', 'TDQ-001', 44, 0, 0, '套', 0, 'MT2系列'),
(128, '推动器', 'TDQ-002', 44, 0, 0, '套', 0, 'MWZ系列'),
(129, '多功能行程开关', 'XCKG-001', 40, 0, 0, '只', 0, 'DXZ-1/13'),
(130, '多功能行程开关', 'XCKG-002', 40, 0, 0, '只', 0, 'DXZ-1/17'),
(131, '多功能行程开关', 'XCKG-003', 40, 0, 0, '只', 0, 'DXZ-1/46'),
(132, '多功能行程开关', 'XCKG-004', 40, 0, 0, '只', 0, 'DXZ-1/60'),
(133, '多功能行程开关', 'XCKG-005', 40, 0, 0, '只', 0, 'DXZ-1/78'),
(134, '多功能行程开关', 'XCKG-006', 40, 0, 0, '只', 0, 'DXZ-1/210'),
(135, '多功能行程开关', 'XCKG-007', 40, 0, 0, '只', 0, 'DXZ-1/274'),
(138, '禹鼎防爆遥控器', 'YD-027', 5, 0, 0, '套', 0, 'BF21-E1'),
(137, '多功能行程开关', 'XCKG-008', 40, 0, 0, '只', 0, 'DXZ-1/960'),
(139, '禹鼎防爆遥控器', 'YD-028', 5, 0, 0, '套', 0, 'QBF21-E1'),
(140, '禹鼎防爆遥控器', 'YD-029', 5, 0, 0, '套', 0, 'BF21-6SF'),
(141, '禹鼎防爆遥控器', 'YD-030', 5, 0, 0, '套', 0, 'BF24-8SF'),
(142, '禹鼎防爆遥控器', 'YD-031', 5, 0, 0, '套', 0, 'BF24-10SF'),
(143, '禹鼎防爆遥控器', 'YD-032', 5, 0, 0, '套', 0, 'BF24-12SF'),
(144, '禹鼎防爆遥控器', 'YD-033', 5, 0, 0, '套', 0, 'QBF24-12SFQ'),
(145, '轴承座超载限制器', 'CZ-009', 6, 0, 0, '只', 0, 'QCX-1A   1T'),
(146, '轴承座超载限制器', 'CZ-010', 6, 0, 0, '只', 0, 'QCX-1A  2T'),
(147, '轴承座超载限制器', 'CZ-011', 6, 0, 0, '只', 0, 'QCX-1A  3T'),
(148, '轴承座超载限制器', 'CZ-012', 6, 0, 0, '只', 0, 'QCX-1A  5T'),
(149, '轴承座超载限制器', 'CZ-013', 6, 0, 0, '只', 0, 'QCX-1A  10T'),
(150, '轴承座超载限制器', 'CZ-014', 6, 0, 0, '只', 0, 'QCX-1A  16T'),
(151, '轴承座超载限制器', 'CZ-015', 6, 0, 0, '只', 0, 'QCX-1A  20T'),
(152, '轴承座超载限制器', 'CZ-016', 6, 0, 0, '只', 0, 'QCX-1A  25T'),
(153, '轴承座超载限制器', 'CZ-017', 6, 0, 0, '只', 0, 'QCX-1A  30T'),
(154, '轴承座超载限制器', 'CZ-018', 6, 0, 0, '只', 0, 'QCX-1A  32T'),
(155, '轴承座超载限制器', 'CZ-019', 6, 0, 0, '只', 0, 'QCX-1A  50T'),
(156, '轴承座超载限制器', 'CZ-020', 6, 0, 0, '只', 0, 'QCX-1A  75T'),
(157, '轴承座超载限制器', 'CZ-021', 6, 0, 0, '只', 0, 'QCX-1A  100T'),
(158, '轴承座超载限制器', 'CZ-022', 6, 0, 0, '只', 0, 'QCX-1A  150T'),
(159, '轴承座超载限制器', 'CZ-023', 6, 0, 0, '只', 0, 'QCX-1A  (12.5+12.5)T'),
(160, '轴承座超载限制器', 'CZ-024', 6, 0, 0, '只', 0, 'QCX-20/5T'),
(161, '轴承座超载限制器', 'CZ-025', 6, 0, 0, '只', 0, 'QCX-10/3T'),
(162, '轴承座超载限制器', 'CZ-026', 6, 0, 0, '只', 0, 'QCX-10/3.2T'),
(163, '起升高度限制器', 'QS-004', 41, 0, 0, '只', 0, 'QGXA-37'),
(164, '电流式超载限制器', 'CZ-027', 62, 0, 0, '只', 0, 'ZMP-001-1T'),
(165, '电流式超载限制器', 'CZ-028', 62, 0, 0, '只', 0, 'ZMP-001-2T'),
(166, '电流式超载限制器', 'CZ-029', 62, 0, 0, '只', 0, 'ZMP-001-5T'),
(167, '电流式超载限制器', 'CZ-030', 62, 0, 0, '只', 0, 'ZMP-001-10T'),
(168, '电流式超载限制器', 'CZ-031', 62, 0, 0, '只', 0, 'ZMP-001-20T'),
(169, '人机界面', 'RJJM-001', 60, 0, 0, '台', 0, 'DOP-AS57BSTD'),
(170, '人机界面', 'RJJM-002', 60, 0, 0, '台', 0, 'DOP-B05S100'),
(171, '维修费', 'WXF-001', 74, 0, 0, '个', 0, ''),
(172, '安装费', 'AZF-001', 75, 0, 0, '个', 0, ''),
(173, '接触组', 'JCZ-001', 64, 0, 0, '只', 0, '62A'),
(174, '接触组', 'JCZ-002', 64, 0, 0, '只', 0, '80A'),
(175, '索具套环', 'TH-001', 65, 0, 0, '件', 0, 'WT25'),
(176, '索具套环', 'TH-002', 65, 0, 0, '件', 0, 'WT16'),
(177, '索具套环', 'TH-003', 65, 0, 0, '件', 0, 'WT32'),
(178, '重型绳夹', 'SJ-001', 66, 0, 0, '件', 0, '25#'),
(179, '电路板', 'DLB-001', 76, 0, 0, '个', 0, '2013010701'),
(180, '冷压端头', 'DT-001', 77, 0, 0, '个', 0, 'DT120-12'),
(181, '时间继电器', 'JDQ-001', 36, 0, 0, '个', 0, 'QS27A'),
(182, '时间继电器', 'JDQ-002', 36, 0, 0, '个', 0, 'QS27A-D'),
(183, '相序保护继电器', 'JDQ-003', 36, 0, 0, '个', 0, '3801'),
(184, '相序保护继电器', 'JDQ-004', 36, 0, 0, '个', 0, '3802'),
(185, '拷贝机', 'KBJ-001', 78, 0, 0, '个', 0, 'F21/23/24'),
(186, '数据线', 'SJX-001', 79, 0, 0, '根', 0, 'F21/23/24'),
(187, '硅胶按键', 'AJ-001', 35, 0, 0, '个', 0, 'F21-E1B'),
(188, '硅胶按键', 'AJ-002', 35, 0, 0, '个', 0, 'F24系列'),
(189, '发射机外壳', 'FSWK-003', 25, 0, 0, '个', 0, 'F24-10S'),
(190, '接收板', 'JSB-003', 28, 0, 0, '个', 0, 'F24-10D'),
(191, '发射板', 'FSB-004', 27, 0, 0, '个', 0, 'F24-12S'),
(192, '旋转开关', 'KG-001', 80, 0, 0, '个', 0, 'F24系列'),
(193, '蘑菇头急停', 'JT-001', 81, 0, 0, '个', 0, 'F24系列'),
(194, '意大利手电门三位选择按钮', 'AN-001', 95, 0, 0, '个', 0, '原装'),
(195, '接收板', 'JSB-004', 28, 0, 0, '个', 0, 'F21-E1  220V-380V'),
(196, '意大利手电门', 'SDM-001', 61, 0, 0, '套', 0, 'COPP-14'),
(197, '稳压器', 'WYQ-001', 98, 0, 0, '只', 0, 'L7805CV'),
(198, '稳压器', 'WYQ-002', 98, 0, 0, '只', 0, 'L7809CV'),
(199, '稳压器', 'WYQ-003', 98, 0, 0, '只', 0, 'L7812CV'),
(200, '稳压器', 'WYQ-004', 98, 0, 0, '只', 0, 'L7818CV'),
(201, '整流桥', 'ZLQ-001', 99, 0, 0, '只', 0, '2W10'),
(202, '整流桥', 'ZLQ-002', 99, 0, 0, '只', 0, 'KBPC610'),
(203, '发射按键', 'AJ-003', 35, 0, 0, '个', 0, ''),
(204, '双速按键', 'AJ-004', 35, 0, 0, '个', 0, ''),
(205, '整流桥', 'ZLQ-003', 99, 0, 0, '只', 0, 'KBPC808'),
(206, '整流桥', 'ZLQ-004', 99, 0, 0, '只', 0, 'KBPC2510'),
(207, '保险丝', 'BXS-001', 87, 0, 0, '只', 0, '0.5A'),
(208, '保险丝', 'BXS-002', 87, 0, 0, '只', 0, '2A'),
(209, '保险丝', 'BXS-003', 87, 0, 0, '只', 0, '10A'),
(210, '保险丝底座', 'BXSDZ-001', 89, 0, 0, '组', 0, '方形'),
(211, 'HHT控制屏指示灯', 'ZSD-006', 88, 0, 0, '个', 0, 'DK1.0-3'),
(212, '保险丝底座', 'BXSDZ-002', 89, 0, 0, '组', 0, '圆形'),
(213, '二极管', 'EJG-001', 101, 0, 0, '只', 0, 'P6KE30CA'),
(214, '继电器七个电路板', 'DLB-002', 76, 0, 0, '个', 0, 'HHT-7.0'),
(215, '二极管', 'EJG-002', 101, 0, 0, '只', 0, '1.5KE39CA'),
(216, '二极管', 'EJG-003', 101, 0, 0, '只', 0, 'IN4007'),
(217, '二极管', 'EJG-004', 101, 0, 0, '只', 0, 'IN5408'),
(218, '二极管', 'EJG-005', 101, 0, 0, '只', 0, 'IN5819'),
(219, '限位开关', 'XWKG-001', 39, 0, 0, '只', 0, 'WLCA12'),
(220, '限位开关', 'XWKG-002', 39, 0, 0, '只', 0, 'WLD3'),
(221, '限位开关', 'XWKG-003', 39, 0, 0, '只', 0, 'WLCA2'),
(222, '三极管', 'SJG-001', 102, 0, 0, '只', 0, 'C9012'),
(223, '三极管', 'SJG-002', 102, 0, 0, '只', 0, 'S9012'),
(224, '三极管', 'SJG-003', 102, 0, 0, '只', 0, 'S8050'),
(225, '三极管', 'SJG-004', 102, 0, 0, '只', 0, 'C8550'),
(226, '三极管', 'SJG-005', 102, 0, 0, '只', 0, 'S8550'),
(227, '限位开关', 'XWKG-004', 39, 0, 0, '只', 0, 'LX22-1'),
(228, '继电器', 'JDQ-005', 36, 0, 0, '个', 0, 'HJR1-2CL-12VDC'),
(229, '继电器', 'JDQ-006', 36, 0, 0, '个', 0, 'SDT-112DMR'),
(230, '继电器', 'JDQ-007', 36, 0, 0, '个', 0, 'DS2Y-6-DC12V'),
(231, '芯片', 'XP-001', 100, 0, 0, '只', 0, '78M05'),
(232, '继电器', 'JDQ-008', 36, 0, 0, '个', 0, 'G2R-1-24V'),
(233, '芯片', 'XP-002', 100, 0, 0, '只', 0, 'MAX485'),
(234, 'KT板', 'KT-001', 82, 0, 0, '个', 0, 'F24系列'),
(235, '芯片', 'XP-003', 100, 0, 0, '只', 0, 'HCF4094'),
(236, '芯片', 'XP-004', 100, 0, 0, '只', 0, 'ULN2003A'),
(237, '光电式行车防撞仪', 'FZY-001', 38, 0, 0, '套', 0, 'HL130-A14WT'),
(238, '芯片', 'XP-005', 100, 0, 0, '只', 0, 'M430F1101A'),
(239, '限位开关', 'XWKG-005', 39, 0, 0, '只', 0, 'LX33-31'),
(240, '激光防撞仪', 'FZY-002', 38, 0, 0, '台', 0, 'JL-M3322JC-FZY-I'),
(241, '电容', 'DR-001', 91, 0, 0, '只', 0, '16V   1000μF'),
(242, '激光防撞仪', 'FZY-003', 38, 0, 0, '套', 0, 'GRK30  AC220V'),
(243, '电容', 'DR-002', 91, 0, 0, '只', 0, '25V   10μF'),
(244, '电容', 'DR-003', 91, 0, 0, '只', 0, '25V   100μF'),
(245, '红外防撞仪', 'FZY-004', 38, 0, 0, '套', 0, 'HL130A14W7(AC220V）'),
(246, '电容', 'DR-004', 91, 0, 0, '只', 0, '25V   470μF'),
(247, '电容', 'DR-005', 91, 0, 0, '只', 0, '35V   2200μF'),
(248, '电容', 'DR-006', 91, 0, 0, '只', 0, '35V   4700μF'),
(249, '电容', 'DR-007', 91, 0, 0, '只', 0, '50V   1μF'),
(250, '电容', 'DR-008', 91, 0, 0, '只', 0, '50V   47μF'),
(251, '电容', 'DR-009', 91, 0, 0, '只', 0, '50V   100μF'),
(252, '电容', 'DR-010', 91, 0, 0, '只', 0, '50V   220μF'),
(253, '电容', 'DR-011', 91, 0, 0, '只', 0, '50V   330μF'),
(254, '电容', 'DR-012', 91, 0, 0, '只', 0, '50V   470μF'),
(255, '电容', 'DR-013', 91, 0, 0, '只', 0, '63V   220μF'),
(256, '电阻', 'DZ-001', 96, 0, 0, '只', 0, '2Ω'),
(257, '旁压式超载限制器', 'CZ-002-01', 6, 0, 0, '只', 0, 'BCQ-JL-2T'),
(258, '电阻', 'DZ-002', 96, 0, 0, '只', 0, '3.3Ω'),
(259, '电阻', 'DZ-003', 96, 0, 0, '只', 0, '5Ω'),
(260, '电阻', 'DZ-004', 96, 0, 0, '', 0, '20Ω'),
(261, '上海乔正遥控器', 'QZ-001', 103, 0, 0, '套', 0, 'QZW-6'),
(262, '电阻', 'DZ-005', 96, 0, 0, '只', 0, '33Ω'),
(263, '电阻', 'DZ-006', 96, 0, 0, '只', 0, '100Ω'),
(264, '电阻', 'DZ-007', 96, 0, 0, '只', 0, '120Ω'),
(265, '电阻', 'DZ-008', 96, 0, 0, '只', 0, '130Ω'),
(266, '电阻', 'DZ-009', 96, 0, 0, '只', 0, '200Ω'),
(267, '电阻', 'DZ-010', 96, 0, 0, '只', 0, '220Ω'),
(268, '电阻', 'DZ-011', 96, 0, 0, '只', 0, '510Ω'),
(269, '电阻', 'DZ-012', 96, 0, 1, '只', 0, '1KΩ'),
(270, '电阻', 'DZ-013', 96, 0, 0, '只', 0, '2KΩ'),
(271, '电阻', 'DZ-014', 96, 0, 0, '只', 0, '2.1KΩ'),
(272, '电阻', 'DZ-015', 96, 0, 0, '只', 0, '2.4KΩ'),
(273, '显示屏', 'XSP-001', 104, 0, 0, '个', 0, 'QCX-10T'),
(274, '电阻', 'DZ-016', 96, 0, 0, '只', 0, '2.5KΩ'),
(275, '电阻', 'DZ-017', 96, 0, 0, '只', 0, '3KΩ'),
(276, '电阻', 'DZ-018', 96, 0, 0, '只', 0, '3.3KΩ'),
(277, '电阻', 'DZ-019', 96, 0, 1, '只', 0, '4.7KΩ'),
(278, '电阻', 'DZ-020', 96, 0, 0, '只', 0, '5KΩ'),
(279, '电阻', 'DZ-021', 96, 0, 0, '只', 0, '8KΩ'),
(280, '电阻', 'DZ-022', 96, 0, 0, '只', 0, '10KΩ'),
(281, '电阻', 'DZ-023', 96, 0, 0, '只', 0, '20KΩ'),
(282, '电阻', 'DZ-024', 96, 0, 0, '只', 0, '22KΩ'),
(283, '电阻', 'DZ-025', 96, 0, 0, '只', 0, '33KΩ'),
(284, '电阻', 'DZ-026', 96, 0, 0, '只', 0, '50KΩ'),
(285, '电阻', 'DZ-027', 96, 0, 0, '只', 0, '100KΩ'),
(286, '电阻', 'DZ-028', 96, 0, 0, '只', 0, '1MΩ'),
(287, '电压比较器', 'DYBJQ-001', 97, 0, 0, '只', 0, '4011'),
(288, '电压比较器', 'DYBJQ-002', 97, 0, 0, '只', 0, 'LM339N'),
(289, '电压比较器', 'DYBJQ-003', 97, 0, 0, '只', 0, 'HA17339A'),
(290, '电压比较器', 'DYBJQ-004', 97, 0, 0, '只', 0, 'LN311P'),
(291, '电压比较器', 'DYBJQ-005', 97, 0, 0, '只', 0, 'X5045P'),
(292, '电压比较器', 'DYBJQ-006', 1, 0, 0, '只', 0, '其他'),
(293, '旁压式超载限制器', 'CZ-001-01', 7, 0, 0, '只', 0, 'QCXB-1T'),
(294, '旁压式超载限制器', 'CZ-002-02', 7, 0, 0, '只', 0, 'QCXB-2T'),
(295, '旁压式超载限制器', 'CZ-003-01', 7, 0, 0, '只', 0, 'QCXB-3T'),
(296, '旁压式超载限制器', 'CZ-004-01', 7, 0, 0, '只', 0, 'QCXB-5T'),
(297, '旁压式超载限制器', 'CZ-005-01', 7, 0, 0, '只', 0, 'QCXB-10T'),
(298, '指示灯', 'ZSD-007', 88, 0, 0, '个', 0, '白'),
(299, '指示灯', 'ZSD-008', 88, 0, 0, '个', 0, '绿'),
(300, '指示灯', 'ZSD-009', 88, 0, 0, '个', 0, '黄'),
(301, '指示灯', 'ZSD-010', 88, 0, 0, '个', 0, '红'),
(302, '指示灯', 'ZSD-011', 88, 0, 0, '个', 0, '共阴'),
(303, '指示灯', 'ZSD-012', 88, 0, 0, '个', 0, '共阳'),
(304, '散热片', 'SRP-001', 106, 0, 0, '个', 0, '窄'),
(305, '散热片', 'SRP-002', 106, 0, 0, '个', 0, '中'),
(306, '散热片', 'SRP-003', 106, 0, 0, '个', 0, '高'),
(307, '端子插头', 'DZCT-001', 83, 0, 20, '组', 0, '白色  2孔'),
(308, '端子插头', 'DZCT-002', 83, 0, 0, '组', 0, '白色  4孔'),
(309, '端子插头', 'DZCT-003', 83, 0, 0, '组', 0, '白色  6孔'),
(310, '端子插头', 'DZCT-004', 83, 0, 0, '组', 0, '白色  8孔'),
(311, '端子插头', 'DZCT-005', 83, 0, 100, '组', 0, '白色  10孔'),
(312, '端子插头', 'DZCT-006', 83, 0, 0, '组', 0, '白色  12孔'),
(313, '端子插头', 'DZCT-007', 83, 0, 0, '组', 0, '绿色  7孔'),
(314, '电压比较器', 'DYBJQ-006', 97, 0, 0, '个', 0, '其它'),
(315, '端子插头', 'DZCT-008', 83, 0, 0, '组', 0, '绿色  8孔'),
(316, '端子插头', 'DZCT-009', 83, 0, 0, '组', 0, '绿色  10孔'),
(317, '端子插头', 'DZCT-0010', 83, 0, 0, '组', 0, '绿色  12孔'),
(318, '电压快接插头', 'DYKJCT-001', 93, 0, 0, '组', 0, '2孔'),
(319, '电压快接插头', 'DYKJCT-002', 93, 0, 0, '组', 0, '3孔'),
(320, '电压快接插头', 'DYKJCT-003', 93, 0, 0, '组', 0, '4孔'),
(321, '电压快接插头', 'DYKJCT-004', 93, 0, 0, '组', 0, '5孔'),
(322, '电压快接插头', 'DYKJCT-005', 93, 0, 0, '组', 0, '6孔'),
(323, '电压快接插头', 'DYKJCT-006', 93, 0, 0, '组', 0, '7孔'),
(324, '电压快接插头', 'DYKJCT-007', 93, 0, 0, '组', 0, '8孔'),
(325, '电压快接插头', 'DYKJCT-008', 93, 0, 0, '组', 0, '10孔'),
(326, '干簧管', 'GHG-001', 90, 0, 0, '个', 0, ''),
(327, '4M晶振', 'JZ-003', 92, 0, 0, '个', 0, ''),
(328, '冷压端头', 'DT-002', 77, 0, 0, '个', 0, 'DT300-18'),
(329, '冷压端头', 'DT-003', 77, 0, 0, '个', 0, 'DT240-16'),
(330, '安徽蚌埠', 'JL-2T', 107, 0, 0, '台', 0, 'JL-2T'),
(331, '发射器', 'FSQ-007', 23, 0, 0, '', 0, 'F24-8D'),
(332, '发射器', 'FSQ-008', 23, 0, 0, '', 0, 'F24-10D'),
(333, '接收机', 'JSJ-003', 24, 0, 0, '', 0, 'F24-8D'),
(334, '发射器外壳', 'FSWK-004', 25, 0, 0, '', 0, 'F24-8D'),
(337, '接收天线', 'TX-002-01', 33, 0, 0, '', 0, 'F21-E1B (U)'),
(336, '禹鼎遥控器', 'YD-011-01', 5, 0, 0, '', 0, 'F23-A++  36V 一发两收'),
(338, '晶振', 'JZ-002-01', 34, 0, 0, '', 0, 'T180'),
(339, '晶振', 'JZ-002-02', 34, 0, 0, '', 0, 'R180'),
(340, '晶振', 'JZ-002-03', 34, 0, 0, '', 0, 'T102'),
(341, '晶振', 'JZ-002-04', 34, 0, 0, '', 0, 'R102'),
(342, '安装费（F21-E1B)', 'AZF-001', 75, 0, 0, '次', 0, 'AZF-001-01'),
(343, '禹鼎遥控器', 'YD-008-01', 5, 0, 0, '套', 0, 'F21-E1  110V'),
(344, '调程序', 'TCX-001', 119, 0, 0, '次', 0, ''),
(345, '发射器纯外壳', 'FSWK-001-01', 121, 0, 0, '个', 0, 'F21-E1B '),
(346, '禹鼎遥控器', 'YD-004-03', 5, 0, 0, '套', 0, 'F21-E1B  直流12V  '),
(347, '发射机外壳', 'FSWK-005', 25, 0, 0, '个', 0, '丘比特-Q100AB'),
(348, '松下PLC', 'PLC-006', 130, 0, 0, '个', 0, 'FPGC32TH'),
(349, '松下PLC', 'PLC-007', 130, 0, 0, '个', 0, 'AFP0RE16T'),
(350, '松下PLC', 'PLC-008', 130, 0, 0, '个', 0, 'FPO-A80'),
(351, '松下PLC', 'PLC-009', 130, 0, 0, '个', 0, 'FPG-COM2'),
(352, '西门子PLC', 'PLC-010', 53, 0, 0, '个', 0, 'SH8192'),
(353, '施耐德交流接触器', 'JCQ-001', 122, 0, 0, '个', 0, 'LC1D40M7C'),
(354, '施耐德交流接触器', 'JCQ-002', 122, 0, 0, '个', 0, 'LCD1D32M7C'),
(355, '施耐德辅助触头', 'CT-001', 123, 0, 0, '个', 0, 'LA1DD22-C'),
(356, '施耐德交流接触器', 'JCQ-003', 122, 0, 0, '个', 0, 'LC1D25...C'),
(357, '硅胶皮套', 'PT-003', 30, 0, 0, '个', 0, 'L8B硅胶皮套'),
(358, '电源模块', 'MK-001', 124, 0, 0, '个', 0, '直流48V'),
(359, '接收板（无变压器）', 'JSB-005', 28, 0, 0, '个', 0, 'F21-E1B  （无变压器）'),
(360, '电路板（大）', 'DLB-003', 76, 0, 5000, '个', 0, 'KB121211  106X80mm'),
(361, '电路板（小）', 'DLB-004', 76, 0, 0, '个', 0, '82.5X67.5mm'),
(362, '继电器', 'JDQ-009', 36, 0, 0, '个', 0, 'G2R-2-24V'),
(363, '正泰交流接触器', 'JCQ-004', 125, 0, 0, '只', 0, 'CJX2-9511'),
(364, '正泰交流接触器', 'JCQ-005', 125, 0, 0, '只', 0, 'CJX2-6511'),
(365, '正泰交流接触器', 'JCQ-006', 125, 0, 0, '只', 0, 'CJX2-1801'),
(366, '正泰交流接触器', 'JCQ-007', 125, 0, 0, '只', 0, 'CJX2-0901'),
(367, '正泰辅助触头', 'CT-002', 126, 0, 0, '只', 0, 'F4-11'),
(368, '控制柜柜体', 'GT-001', 127, 0, 0, '个', 0, '500*600'),
(369, '接线端子', 'JXDZ-001', 128, 0, 0, '排', 0, 'TD-3010'),
(372, '高频板', 'GPB-001-02', 29, 0, 0, '个', 0, 'F21-E1B  U段（含晶振）'),
(371, '阿波罗遥控器', 'ABL-001', 129, 0, 0, '套', 0, 'C1-8PB'),
(373, '电笛', 'DD-001', 69, 0, 0, '个', 0, 'DDJ-36V'),
(374, '电笛', 'DD-002', 69, 0, 0, '个', 0, 'DDJ-380V'),
(375, '电笛', 'DD-003', 69, 0, 0, '个', 0, 'DDJ-220V'),
(376, '电流式超载限制器', 'CZ-032', 62, 0, 0, '只', 0, 'ZMP-001-3.2T'),
(377, '电流式超载限制器', 'CZ-033', 62, 0, 0, '只', 0, 'ZMP-001-16T'),
(378, '发射器后壳', 'HK-001', 85, 0, 0, '个', 0, 'F21-E1B  全套后壳'),
(379, '发射器后壳', 'HK-002', 112, 0, 0, '个', 0, 'F21-E1B （无天线）'),
(380, '发射器后壳', 'HK-003', 112, 0, 0, '个', 0, 'F21-E1B  (无后盖）'),
(381, '发射器后壳', 'HK-004', 112, 0, 0, '个', 0, 'F21-E1B （无天线无后盖）'),
(382, '发射器后盖', 'HG-001', 113, 0, 0, '个', 0, 'F21-E1B 后盖'),
(383, '二极管', 'EJG-006', 101, 0, 70, '个', 0, '1.5KE6.8CA'),
(384, '芯片', 'XP-006', 100, 0, 600, '个', 0, '521-4'),
(403, '二极管', 'EJG-007', 101, 0, 0, '个', 0, '1.5KE16CA     1215'),
(386, '接线端子', 'JXDZ-003', 1, 0, 30, '套', 0, '2P'),
(387, '电阻', 'DZ-029', 96, 0, 6, '个', 0, '2W0.5Ω'),
(388, '端子插头', 'DZCT-010', 83, 0, 30, '组', 0, ' 白色 3孔'),
(389, '电阻', 'DZ-030', 96, 0, 1, '只', 0, '2.2KΩ'),
(390, '电源模块', 'MK-002', 124, 0, 5000, '个', 0, 'WRB2412D-10W'),
(391, '电源模块', 'MK-003', 124, 0, 4500, '个', 0, 'WRB2405YMD-6W'),
(392, '单面板（大）', 'DMB-001', 76, 0, 27, '块', 0, 'DMB-01'),
(393, '单面板（小）', 'DLB-006', 1, 0, 100, '块', 0, 'DMB-02'),
(394, '板子', 'BZ-006', 76, 0, 1670, '个', 0, 'KB121219'),
(395, '电路板', 'DLB-008', 1, 0, 1670, '块', 0, 'KB121920'),
(396, '大模板', 'DLB-009', 1, 0, 5500, '个', 0, 'DMB-03'),
(397, '小模板', 'DLB-010', 76, 0, 4500, '个', 0, 'XMB-01'),
(398, '大模板', 'DLB-008', 76, 0, 5500, '个', 0, 'DMB-03'),
(399, '板子', 'BZ-003', 76, 0, 1670, '个', 0, 'KB121220'),
(400, '单面板（小）', 'DMB-002', 76, 0, 100, '个', 0, 'DMB-02'),
(401, '端子插头', 'DZCT-011', 83, 0, 400, '个', 0, '蓝色 12孔'),
(402, '端子插头', 'DZCT-012', 83, 0, 30, '个', 0, '蓝色 2孔'),
(404, '电路板', 'DLB-001-01', 76, 0, 0, '个', 0, '2013010702'),
(405, '发射器', 'FSQ-009', 23, 0, 0, '个', 0, 'F24-10S'),
(406, '意大利手电门二位选择按钮', 'AN-002', 95, 0, 0, '个', 0, '原装'),
(407, '意大利手电门三位选择按钮', 'AN-003', 95, 0, 0, '个', 0, '高仿'),
(408, '意大利手电门二位选择按钮', 'AN-004', 95, 0, 0, '个', 0, '高仿'),
(597, '节能灯', 'JND-001', 165, 0, 0, '只', 0, 'SBF6105-YQL120  220V'),
(409, '激光防撞仪', 'FZY-005', 38, 0, 0, '台', 0, 'JL-D1438JC-FZY-II  10米双向双控'),
(532, '电路板', 'DLB-013', 76, 0, 0, '个', 0, '惠好特'),
(410, '激光防撞仪', 'FZY-006', 38, 0, 0, '台', 0, 'JL-D3338JC-FZY-II  3米单向单控'),
(411, '台达继电器二层板', 'DLB-011', 76, 0, 0, '个', 0, 'TD.1'),
(412, '工控板', 'GKB-001', 76, 0, 0, '个', 0, 'DK1.0-1'),
(413, '工控板', 'GKB-002', 76, 0, 0, '个', 0, 'DK2.0-1'),
(414, '意大利手电门二位选择开关', 'KG-002', 80, 0, 0, '个', 0, 'PSMB2T0  原装'),
(415, '意大利手电门三位选择开关', 'KG-003', 80, 0, 0, '个', 0, 'PSMB2D0  原装'),
(416, '限位开关', 'XWKG-006', 39, 0, 0, '只', 0, 'LX19-111'),
(417, '晶振', 'JZ-004', 34, 0, 0, '个', 0, 'R150'),
(418, '晶振', 'JZ-005', 34, 0, 0, '个', 0, 'T150'),
(419, '晶振', 'JZ-006', 34, 0, 0, '个', 0, 'R120'),
(420, '晶振', 'JZ-007', 34, 0, 0, '个', 0, 'T120'),
(421, 'KT板', 'KT-002', 82, 0, 0, '个', 0, 'F21系列'),
(422, '微动开关', 'WDKG-001', 70, 0, 0, '个', 0, 'RME   8104'),
(423, '施耐德光电传感器', 'CGQ-001', 131, 0, 0, '个', 0, 'XUX9ARCNT16'),
(424, '施耐德光电开关附件', 'GDKG-001', 132, 0, 0, '个', 0, 'XUZC80'),
(425, 'QCX-1A仪表（新）', 'XSP-002', 72, 0, 0, '只', 0, '5T'),
(426, 'QCX-1A仪表（新）', 'XSP-003', 72, 0, 0, '只', 0, '10T'),
(427, 'QCX-1A仪表（新）', 'XSP-004', 72, 0, 0, '只', 0, '20T'),
(428, '发射板', 'FSB-005', 27, 0, 0, '个', 0, 'F21-10S'),
(429, '发射板', 'FSB-001-02', 27, 0, 0, '个', 0, 'F21-E1B   U段（含晶振）'),
(430, '禹鼎遥控器', 'YD-009-01', 5, 0, 0, '套', 0, 'F21-2S    380V'),
(431, '发射器', 'FSQ-010', 23, 0, 0, '个', 0, 'F24-60'),
(432, '正泰交流接触器', 'JCQ-008', 125, 0, 0, '个', 0, 'CJX2-4011'),
(433, '正泰交流接触器', 'JCQ-009', 125, 0, 0, '个', 0, 'CJX2-5011'),
(434, '正泰交流接触器', 'JCQ-010', 125, 0, 0, '个', 0, 'CJX2-3201'),
(435, '正泰交流接触器', 'JCQ-011', 125, 0, 0, '个', 0, 'CJX2-2501'),
(436, '柜体', 'GT-002', 127, 0, 0, '个', 0, '600*700'),
(437, '正泰辅助触头', 'CT-003', 126, 0, 0, '个', 0, 'F5-T2'),
(438, '接线端子', 'JXDZ-004', 128, 0, 0, '排', 0, 'TD6010'),
(439, '接线端子', 'JXDZ-005', 128, 0, 0, '排', 0, 'TD3020'),
(440, '接线端子', 'JXDZ-006', 128, 0, 0, '排', 0, 'TD1520'),
(441, '正泰旋转开关', 'ZTKG-001', 133, 0, 0, '个', 0, ''),
(442, '导轨', 'DG-001', 134, 0, 0, '根', 0, ''),
(443, '线槽', 'XC-001', 135, 0, 0, '根', 0, ''),
(444, '接收机', 'JSJ-004', 24, 0, 0, '个', 0, 'F24-10S'),
(445, '接收机', 'JSJ-005', 24, 0, 0, '个', 0, 'F24-10D'),
(446, '发射板', 'FSB-006', 27, 0, 0, '个', 0, 'F24-10D'),
(447, '发射板', 'FSB-005-01', 27, 0, 0, '个', 0, 'F24-10S（无按键）'),
(448, '电线', 'X-001', 138, 0, 0, '米', 0, 'BVR  10'),
(449, '开鼻', 'KB-001', 137, 0, 0, '个', 0, '100A'),
(450, '开鼻', 'KB-002', 137, 0, 0, '个', 0, '60A'),
(451, '线鼻子', 'XB-001', 136, 0, 0, '个', 0, 'SVS1.25-4'),
(452, '控制柜', 'KZG-002', 37, 0, 0, '个', 0, '600*700'),
(453, '运费', 'YF-001', 140, 0, 0, '个', 0, ''),
(454, 'CPU226', 'PLC-011', 53, 0, 0, '只', 0, '6ES72162BD230XB8'),
(455, '模块', 'PLC-012', 53, 0, 0, '只', 0, '6ES72317PB220XA8'),
(456, '西门子PLC', 'PLC-013', 53, 0, 0, '只', 0, '6ES72350KD220XA8'),
(457, '台达PLC', 'PLC-014', 141, 0, 0, '只', 0, 'DVPPS02'),
(458, '柜体', 'GT-003', 127, 0, 0, '个', 0, '600*800'),
(459, '西门子PLC', 'PLC-015', 53, 0, 0, '个', 0, 'PLC-HHT-1103'),
(460, '台达PLC', 'PLC-016', 141, 0, 0, '个', 0, '14SS16SR'),
(461, '板子', 'BZ-001', 76, 0, 0, '个', 0, 'APS3H1-1'),
(462, '板子', 'BZ-002', 76, 0, 0, '个', 0, 'APS3H1-2'),
(466, '板子', 'BZ-007', 76, 0, 0, '个', 0, '2011.1.19'),
(464, '板子', 'BZ-004', 76, 0, 0, '个', 0, 'EM286'),
(465, '板子', 'BZ-005', 76, 0, 0, '个', 0, '2011.1.20'),
(467, '电路板', 'DLB-012', 76, 0, 0, '个', 0, 'B-1'),
(468, '工控版', 'GKB-003', 76, 0, 0, '个', 0, 'DK1.0-2'),
(469, '板子', 'BZ-008', 76, 0, 0, '个', 0, 'DK1.0-2'),
(470, '板子', 'BZ-009', 76, 0, 0, '个', 0, '221200110'),
(471, '硅胶按键（蓝底）', 'AJ-005', 35, 0, 0, '个', 0, 'F21-E1B （煤机）'),
(472, '发射机外壳', 'FSWK-006', 25, 0, 0, '个', 0, 'F21-E1B（无天线无硅胶按键）'),
(473, '接收机', 'JSJ-006', 24, 0, 0, '个', 0, 'F21-E1B（无外壳）'),
(474, '变频器', 'BPQ-001', 142, 0, 0, '套', 0, 'HB4A0112+PG-B3'),
(475, '制动单元', 'ZDDY-001', 143, 0, 0, '台', 0, 'CDBR-4045B'),
(476, '断路器', 'DLQ-001', 147, 0, 0, '只', 0, 'GSMQ-225M/3310  160A'),
(477, '断路器', 'DLQ-002', 147, 0, 0, '只', 0, 'GSM1-63M/3300  16A'),
(478, '断路器', 'DLQ-003', 147, 0, 0, '只', 0, 'GSM1-63M/3300 50A'),
(479, '断路器', 'DLQ-004', 147, 0, 0, '只', 0, 'DZX2-32/2'),
(480, '断路器', 'DLQ-005', 147, 0, 0, '只', 0, 'DZX2-20/2'),
(481, '断路器', 'DLQ-006', 147, 0, 0, '只', 0, 'DZX2-15/1'),
(482, '断路器', 'DLQ-007', 147, 0, 0, '只', 0, 'DZX2-60/3'),
(483, '交流接触器', 'JCQ-012', 144, 0, 0, '组', 0, 'GSC2-185F+F3-22d   AC220V'),
(484, '辅助出头', 'CT-004', 145, 0, 0, '只', 0, 'F3-22d'),
(485, '继电器', 'JDQ-010', 148, 0, 0, '只', 0, 'JZX52P/FL  AC220V'),
(486, '交流接触器', 'JCQ-013', 144, 0, 0, '组', 0, 'GSC1-5011N+F3-22d  AC220V'),
(487, '交流接触器', 'JCQ-014', 144, 0, 0, '组', 0, 'GSC1-2501N+F3-22d  AC220V'),
(488, '交流接触器', 'JCQ-015', 144, 0, 0, '组', 0, 'GSC1-4004+F3-11d  AC220V'),
(489, '辅助出头', 'CT-005', 145, 0, 0, '只', 0, 'F3-11d'),
(490, '交流接触器', 'JCQ-016', 144, 0, 0, '组', 0, 'GSC1-2501d+F3-11d  AC220V'),
(491, '继电器', 'JDQ-011', 148, 0, 0, '只', 0, 'JZC3-22d  AC220V'),
(492, '继电器', 'JDQ-012', 148, 0, 0, '只', 0, 'JZC3-22dc  220V'),
(493, '断路器', 'DLQ-008', 147, 0, 0, '只', 0, 'GSM1-225M/3300  100A'),
(494, '断路器', 'DLQ-009', 147, 0, 0, '只', 0, 'DZX2-15/2'),
(495, '断路器', 'DLQ-00', 147, 0, 0, '只', 0, 'GSM8-3207'),
(496, '空气延时头', 'YST-001', 150, 0, 0, '只', 0, 'SK4-220dc'),
(497, '禹鼎遥控器 ', 'YD-011-02', 5, 0, 0, '套', 0, 'F23-A++ 36V （两发一收）'),
(498, '重型绳夹', 'SJ-002', 66, 0, 0, '个', 0, '32#'),
(499, '触摸屏', 'CMP-001', 152, 0, 0, '个', 0, 'B05S111'),
(500, '乔正仪表', 'YB-001', 153, 0, 0, '只', 0, 'BCM-2T'),
(501, '乔正仪表', 'YB-002', 153, 0, 0, '只', 0, 'BCM-3T'),
(502, '乔正仪表', 'YB-003', 153, 0, 0, '只', 0, 'BCM-5T'),
(503, '乔正仪表', 'YB-004', 153, 0, 0, '', 0, 'BCM-10T'),
(504, '继电器板', 'JDQB-001', 154, 0, 0, '个', 0, 'F21-E1B'),
(505, '熔断器', 'RDQ-001', 155, 0, 0, '只', 0, 'RS6-00 200A'),
(506, '轴承座超载限制器', 'CZ-018-001', 6, 0, 0, '只', 0, 'QCX-1A 32T 不带传感器和仪表'),
(507, '交流接触器', 'JCQ-017', 144, 0, 0, '组', 0, 'GSC1-225F+F3-22d  AC220V'),
(508, '交流接触器', 'JCQ-018', 144, 0, 0, '个', 0, 'GSC2-265F+F3-22d  AC220V'),
(509, '交流接触器', 'JCQ-019', 144, 0, 0, '  组', 0, 'GSC1-6511N+F3-22d  AC220V'),
(510, '交流接触器', 'JCQ-021', 144, 0, 0, '组', 0, 'GSC1-3201N+F3-22d  AC220V'),
(511, '继电器', 'JDQ-013', 148, 0, 0, '个', 0, 'JZX52P/FL  DC24V'),
(512, '断路器', 'DLQ-010', 147, 0, 0, '个', 0, 'GSM1-400M/3310  200A AC220V'),
(513, '断路器', 'DLQ-011', 147, 0, 0, '个', 0, 'GSM1-400M/3310  315A  AC220V'),
(514, '断路器', 'DLQ-012', 147, 0, 0, '个', 0, 'GSM1-63M/3300  25A'),
(515, '断路器', 'DLQ-013', 147, 0, 0, '个', 0, 'GSM1-63M/3300 63A'),
(516, '断路器', 'DLQ-014', 147, 0, 0, '个', 0, 'GSM1-63M/3300  40A'),
(517, '断路器', 'DLQ-015', 147, 0, 0, '个', 0, 'GSM1-225M/3300   160A'),
(518, '断路器', 'DLQ-016', 147, 0, 0, '', 0, 'GSM1-225M/3300  225A '),
(519, '交流接触器', 'JCQ-020', 144, 0, 0, '组', 0, 'GSC1-3201+F3-11d  AC220V'),
(520, '断路器', 'DLQ-017', 147, 0, 0, '个', 0, 'GSM8-FN11'),
(521, '时间继电器', 'JDQ-014', 148, 0, 0, '组', 0, 'JSK4-220C  AC220V'),
(522, '接线端子', 'JXDZ-007', 157, 0, 0, '个', 0, 'UK2.5B'),
(523, '接线端子', 'JXDZ-008', 157, 0, 0, '个', 0, 'UK16N'),
(524, '接线端子', 'JXDZ-009', 157, 0, 0, '个', 0, 'UK35'),
(525, '超载限制器', 'CZ-004-01', 6, 0, 0, '只', 0, 'BCQ-5T（分体式）'),
(526, '发射器', 'FSQ-011', 23, 0, 0, '个', 0, 'SAGA-L8B'),
(527, '发射器', 'FSQ-012', 23, 0, 0, '个', 0, 'SAGA1-L10'),
(528, '减震灯具', 'DJ-001', 158, 0, 0, '套', 0, 'DJ-2B1'),
(529, '接收机', 'JSJ-007', 24, 0, 0, '个', 0, 'SAGA-L8B'),
(530, '沙克遥控器', 'SK-005-02', 19, 0, 0, '套', 0, 'SAGA-L8B  直流 两发一收'),
(531, '禹鼎遥控器', 'YD-012-01', 5, 0, 0, '套', 0, 'F23-A++ 380V （两发一收）'),
(533, '台达PLC', 'PLC-017', 141, 0, 0, '个', 0, '14SS211R'),
(534, '螺丝', 'LS-001', 159, 0, 0, '个', 0, '6*16'),
(535, '螺丝', 'LS-002', 159, 0, 0, '个', 0, '5*12'),
(536, '螺丝', 'LS-003', 159, 0, 0, '个', 0, '4*8'),
(537, '螺丝', 'LS-004', 159, 0, 0, '个', 0, '4*12'),
(538, '螺丝', 'LS-005', 159, 0, 0, '个', 0, '5*16'),
(539, '螺丝', 'LS-006', 159, 0, 0, '个', 0, '4*5'),
(540, '接线端子', 'JXDZ-010', 128, 0, 0, '个', 0, '2EDGK-11P'),
(541, '接线端子', 'JXDZ-011', 128, 0, 0, '个', 0, '2EDGK-9P'),
(542, '接线端子', 'JXDZ-012', 128, 0, 0, '个', 0, '2EDGK-7P'),
(543, '接线端子', 'JXDZ-013', 128, 0, 0, '个', 0, '2EDGK-5P'),
(544, '接线端子', 'JXDZ-014', 128, 0, 0, '个', 0, '3.96-6Y'),
(545, '接线端子', 'JXDZ-015', 128, 0, 0, '个', 0, '3.96-7Y'),
(546, '可调电阻', 'KTDZ-001', 96, 0, 0, '个', 0, '3296  '),
(547, '接收板', 'JSB-006', 28, 0, 0, '个', 0, 'SAGA-L8B'),
(548, '高频板', 'GPB-003', 29, 0, 0, '个', 0, 'SAGA-L8B'),
(549, '接收机外壳', 'JSWK-003', 26, 0, 0, '个', 0, 'SAGA-L8B'),
(550, '熔断器', 'RDQ-002', 155, 0, 0, '个', 0, '3NE10220'),
(551, '航空插头', 'HKCT-001', 178, 0, 0, '个', 0, '12T'),
(552, '控制柜', 'KZG-003', 37, 0, 0, '个', 0, '600*800'),
(553, '轴承座超载限制器', 'CZ-012-01', 6, 0, 0, '套', 0, 'QCX-1A 5T+5T'),
(554, '轴承座超载限制器', 'CZ-027', 6, 0, 0, '只', 0, 'QCX-1A  15T'),
(555, '发射机外壳', 'FSWK-007', 25, 0, 0, '个', 0, 'F21-E1'),
(556, '交流接触器', 'JCQ-022', 144, 0, 0, '个', 0, 'GSC1-3201N AC220V'),
(557, '断路器', 'DLQ-018', 147, 0, 0, '个', 0, 'GSM1-225M/3310  200A  AC220V'),
(558, '继电器', 'JDQ-015', 148, 0, 0, '个', 0, 'JZC3-22d AC380V'),
(559, '继电器', 'JDQ-016', 148, 0, 0, '个', 0, 'JZC3-40d AC380V'),
(560, '交流接触器', 'JCQ-023', 144, 0, 0, '个', 0, 'GSC1-8011d  AC380V'),
(561, '交流接触器', 'JCQ-024', 144, 0, 0, '个', 0, 'GSC2-115F+F3-11d+F3-22d  AC380V'),
(562, '交流接触器', 'JCQ-025', 144, 0, 0, '个', 0, 'GSC2-150F AC380V'),
(563, '断路器', 'DLQ-019', 147, 0, 0, '个', 0, 'DZX4-40/3'),
(564, '接线端子', 'JXDZ-016', 128, 0, 0, '个', 0, '396-2P'),
(565, '接线端子', 'JXDZ-017', 128, 0, 0, '个', 0, '127-2P-5.0'),
(568, '镀仿古铜', 'GT-001', 160, 0, 0, '个', 0, '22CM*5CM (左）'),
(567, '电路板', 'DLB-014', 76, 0, 0, '个', 0, '电路板（鼎成）'),
(569, '镀仿古铜', 'GT-002', 160, 0, 0, '个', 0, '22CM*5CM （右）'),
(570, '铁件', 'TJ-001', 160, 0, 0, '个', 0, '22CM*5CM （左）'),
(571, '铁件', 'TJ-002', 160, 0, 0, '个', 0, '22CM*5CM （右）'),
(572, '超载限制器', 'CZ-028', 6, 0, 0, '只', 0, 'QCX-1A 3.2T  不带底座'),
(573, '超载限制器', 'CZ-029', 6, 0, 0, '只', 0, 'QCX-1A 16T  不带底座'),
(574, '发射器', 'FSQ-013', 23, 0, 0, '个', 0, 'F24-12S'),
(575, '工控盒', 'GKH-001', 161, 0, 0, '个', 0, ''),
(576, '接线端子', 'JXDZ-018', 128, 0, 0, '只', 0, '2EDG-6P'),
(577, '接线端子', 'JXDZ-019', 128, 0, 0, '只', 0, '2EDG-8P'),
(578, '接线端子', 'JXDZ-020', 128, 0, 0, '只', 0, '2EDG-10'),
(579, '接线端子', 'JXDZ-021', 128, 0, 0, '只', 0, 'KBPC610'),
(584, '电路板', 'DLB-015', 76, 0, 0, '个', 0, 'DVP-HHT-1'),
(581, '接线端子', 'JXDZ-023', 128, 0, 0, '', 0, 'DG350-2P'),
(582, '整流桥', 'EJG-005', 101, 0, 0, '个', 0, '1N4007'),
(583, '整流桥', 'ZLQ-006', 99, 0, 0, '个', 0, 'KBPC1510'),
(585, '欧姆龙PLC', 'PLC-018', 162, 0, 0, '台', 0, 'CPAH-XA40DR-A'),
(586, '欧姆龙模块', 'MK-001', 51, 0, 0, '只', 0, 'CP1W-EXT01'),
(587, '欧姆龙模块', 'MK-002', 51, 0, 0, '只', 0, 'CJ1W-AD081-V1'),
(588, '欧姆龙模块', 'MK-003', 51, 0, 0, '只', 0, 'CP1W-CIF11'),
(589, '台湾捷控', 'JK-001', 163, 0, 0, '套', 0, 'K600'),
(590, '台湾捷控', 'JK-002', 163, 0, 0, '套', 0, 'K800'),
(591, '交流接触器', 'JCQ-026', 144, 0, 0, '只', 0, 'GSC2-115NF+F3-11d+F3-22d AC380V'),
(592, '发射器', 'FSQ-014', 23, 0, 0, '个', 0, 'K800'),
(593, '接收机', 'JSJ-008', 24, 0, 0, '个', 0, 'K800'),
(594, '发射板', 'FSB-007', 27, 0, 0, '个', 0, 'K800'),
(595, '发射机外壳', 'FSWK-008', 25, 0, 0, '个', 0, 'K800'),
(596, '传感器', 'CGQ-001', 164, 0, 0, '台', 0, 'BK30BDLV'),
(598, '限位开关', 'XWKG-007', 39, 0, 0, '只', 0, 'LX3-11H'),
(599, '限位开关', 'XWKG-008', 39, 0, 0, '只', 0, 'LX6-10Q'),
(600, '触摸屏', 'CMP-002', 152, 0, 0, '台', 0, 'NS8-TV00B-ECV2'),
(601, '可编程控制器', 'KZQ-001', 57, 0, 0, '个', 0, 'DVPPS02'),
(602, '可编程控制器', 'KZQ-002', 57, 0, 0, '个', 0, 'DVP14SS211R'),
(603, '可编程控制器', 'KZQ-003', 57, 0, 0, '个', 0, 'DVP06XA-S'),
(604, '可编程控制器', 'KZQ-004', 57, 0, 0, '个', 0, 'DVP04PT-S'),
(605, '接触器线圈', 'XQ-001', 144, 0, 0, '个', 0, 'GSC2-115NF  380V  '),
(606, '接线端子', 'JXDZ-024', 128, 0, 0, '排', 0, '2EDG-12P'),
(607, '芯片', 'XP-004', 1, 0, 0, '个', 0, ''),
(608, '稳压器', 'WYQ-005', 98, 0, 0, '个', 0, 'S8550'),
(609, '电源模块', 'MK-004', 124, 0, 0, '只', 0, 'VRB4812D-50W'),
(610, '芯片', 'XP-007', 100, 0, 0, '个', 0, 'LM311'),
(611, '电阻', 'DZ-031', 96, 0, 0, '', 0, '5.1KΩ'),
(612, '辅助触点', 'FZCD-001', 166, 0, 0, '个', 0, 'A22-EK10'),
(613, '显示屏', 'XSP-002', 104, 0, 0, '套', 0, 'QCX-50+50T（单屏双显）'),
(614, '本安电源组件', 'DYZJ-001', 167, 0, 0, '', 0, 'MCDX-1A  110V/12V/1.5A'),
(615, '防转套', 'FZT-001', 168, 0, 0, '套', 0, '10T'),
(616, '多功能行程开关', 'XCKG-009', 40, 0, 0, '个', 0, 'DXZ-1/35'),
(617, '飞利浦工矿灯', 'DJ-003', 158, 0, 0, '套', 0, 'MDK900   400W  WB'),
(618, '按键触点', 'AJ-006', 35, 0, 0, '套', 0, 'GG手电门'),
(619, '电路板', 'DLB-016', 76, 0, 0, '个', 0, '西门子EM286'),
(620, '板子', 'BZ-010', 76, 0, 0, '块', 0, 'KB.7'),
(621, '台湾捷控', 'JK-003', 163, 0, 0, '套', 0, 'K800-01'),
(622, '电路板', 'DLB-017', 76, 0, 0, '套', 0, 'APS3H1'),
(623, '轴承座超载限制器', 'CZ-020', 6, 0, 0, '套', 0, 'QCX2B-4-(16+16)/170-320'),
(624, '陶瓷电容', 'DR-014', 91, 0, 0, '', 0, '100V  474'),
(625, '发射器上盖', 'SG-001', 169, 0, 0, '个', 0, 'A++'),
(626, '发射器上盖', 'SG-002', 169, 0, 0, '个', 0, 'E1B'),
(627, '塑料护角', 'HJ-001', 169, 0, 0, '个', 0, ''),
(628, '金属弧形垫片', 'DP-001', 169, 0, 0, '个', 0, ''),
(629, '平头护脚螺丝', 'LS-001', 169, 0, 0, '个', 0, ''),
(630, '天线连接线', 'LJX-001', 116, 0, 80, '根', 0, ''),
(631, '台湾捷控', 'JK-004', 163, 0, 0, '套', 0, 'K1008'),
(632, '发射板', 'FSB-008', 27, 0, 0, '个', 0, 'F24-8D'),
(633, '发射板', 'FSB-009', 27, 0, 0, '个', 0, 'F24-12D'),
(634, '发射器', 'FSQ-015', 23, 0, 0, '个', 0, 'F24-12D'),
(635, '声光报警器', 'BJQ-001', 170, 0, 0, '个', 0, 'LTE-1101J'),
(636, '辅助触点', 'FZCD-002', 166, 0, 0, '', 0, 'BD21'),
(637, '辅助触头', 'CT-004', 126, 0, 0, '个', 0, 'F4-22'),
(638, '接线端子', 'JXDZ-002', 128, 0, 0, '组', 0, 'TD-1530'),
(639, '柜体', 'GT-004', 127, 0, 0, '个', 0, '700*800'),
(640, '电线', 'X-002', 138, 0, 0, '米', 0, 'BVR1.5'),
(641, '发射机外壳', 'FSWK-009', 25, 0, 0, '个', 0, 'F24-10D'),
(642, '时间继电器', 'JDQ-017', 36, 0, 11000, '个', 0, 'DH48J'),
(643, '中间继电器', 'JDQ-018', 36, 0, 1500, '个', 0, 'IEC255'),
(644, '控制柜', 'KZG-004', 1, 0, 0, '', 0, '700*800'),
(645, '控制柜', 'KZG-004', 1, 0, 0, '个', 0, '700*800'),
(646, '控制柜', 'KZG-004', 37, 0, 0, '个', 0, '700*800'),
(647, '发射器', 'FSQ-016', 23, 0, 0, '个', 0, 'F24-8S'),
(648, '摇杆式遥控器', 'JY-001', 172, 0, 0, '套', 0, 'OM12BM010'),
(649, '按键式遥控器', 'JY-002', 172, 0, 0, '套', 0, 'UD33C-COM3-GT'),
(650, '台达PLC', 'PLC-018', 141, 0, 0, '个', 0, '16SP11R'),
(651, '台达PLC', 'PLC-019', 141, 0, 0, '台', 0, 'DVP16ES200R'),
(652, '文本显示器', 'XSQ-001', 173, 0, 0, '台', 0, 'MD204L'),
(653, '意大利手电门', 'SDM-002', 61, 21200, 17000, '只', 0, 'COPP-2D'),
(654, '意大利手电门', 'SDM-003', 1, 32500, 26000, '只', 0, 'COPP-6D'),
(655, '意大利手电门', 'SDM-003', 61, 32500, 26000, '只', 0, 'COPP-6D'),
(656, '禹鼎遥控器', 'YD-034', 5, 216000, 175000, '套', 0, 'F23-C'),
(657, '调试费', 'TS-001', 174, 0, 0, '', 0, ''),
(658, '西门子PLC', 'PLC-020', 53, 0, 0, '个', 0, 'EM286'),
(659, '工控板', 'GKB-004', 76, 0, 0, '个', 0, 'DK1.0-3'),
(660, '板子', 'BZ-011', 76, 0, 0, '个', 0, '惠好特'),
(661, '工控板', 'GKB-005', 76, 0, 0, '个', 0, 'KB121219'),
(662, '工控板', 'GKB-006', 1, 0, 0, '个', 0, 'KB121220'),
(663, '晶振', 'JZ-008', 34, 0, 0, '个', 0, 'T141'),
(664, '晶振', 'JZ-009', 34, 0, 0, '个', 0, 'R141'),
(665, '正泰交流接触器', 'JCQ-012', 125, 0, 0, '个', 0, 'B85-30-44'),
(666, '正泰交流接触器', 'JCQ-013', 125, 0, 0, '', 0, 'B170-30-44'),
(667, '正泰交流接触器', 'JCQ-014', 125, 0, 0, '个', 0, 'B45-30-33'),
(668, '正泰交流接触器', 'JCQ-015', 125, 0, 0, '个', 0, 'B12-30-22'),
(669, '正泰交流接触器', 'JCQ-016', 125, 0, 0, '个', 0, 'CJX2-1201   380V'),
(670, '断路器', 'DLQ-020', 146, 0, 0, '个', 0, 'NM1-100A'),
(671, '接线端子', 'JXDZ-029', 128, 0, 0, '个', 0, '126-2P'),
(672, '接线端子', 'JXDZ-030', 128, 0, 0, '个', 0, '100A-3P'),
(673, '接线端子', 'JXDZ-031', 128, 0, 0, '个', 0, 'TD1510'),
(674, '整流桥', 'ZLQ-007', 99, 0, 0, '个', 0, '1N4007'),
(675, '电容', 'DR-015', 91, 0, 0, '个', 0, '16V  470UF'),
(676, '电线', 'X-003', 138, 0, 0, '米', 0, 'BVR6'),
(677, '防爆超载限制器', 'CZ-030', 6, 0, 0, '只', 0, '防爆BQX-2T'),
(678, '轴承座超载限制器', 'CZ-031', 6, 0, 0, '只', 0, 'QCX-1A  80T'),
(679, '电线', 'X-004', 138, 0, 0, '米', 0, 'BVR4'),
(680, '风速仪', 'FSY-001', 175, 0, 0, '个', 0, 'HL-TD'),
(681, '发射器', 'FSQ-017', 23, 0, 0, '个', 0, 'F21-4D'),
(682, '发射器', 'FSQ-018', 23, 0, 0, '个', 0, 'F21-2D'),
(683, 'U段板子', 'U-001', 177, 0, 0, '套', 0, 'F21-E1B'),
(684, '发射机外壳', 'FSWK-010', 25, 0, 0, '个', 0, 'F24-12S'),
(685, '捷控遥控器', 'JK-005', 163, 0, 0, '套', 0, 'K806'),
(686, '意大利手电门', 'SDM-004', 61, 0, 0, '套', 0, 'COPC-4（高仿）'),
(687, '发射器', 'FSQ-019', 23, 0, 0, '个', 0, 'C1-6PB'),
(688, '接收机', 'JSJ-008', 24, 0, 0, '个', 0, 'F24-60'),
(689, '发射器L8', 'FSQ-016', 23, 0, 0, '个', 0, 'SAGA-L8直流'),
(690, '接收机 L8 直流', 'JSJ-009', 24, 0, 0, '个', 0, 'SAGA-L8 直流'),
(691, '接收机 L8', 'JSJ-010', 24, 0, 0, '个', 0, 'SAGA-L8'),
(692, '接收机 L8B 直流', 'JSJ-011', 24, 0, 0, '个', 0, 'SAGA-L8B 直流'),
(693, '发射器L8', 'FSQ-020', 23, 0, 0, '个', 0, 'FSQ-L8'),
(694, '台湾捷控', 'JK-006', 163, 0, 23500, '套', 0, 'G600'),
(695, '发射器', 'FSQ-021', 23, 0, 11750, '个', 0, 'G600'),
(696, '皮套', 'PT-004', 30, 0, 400, '个', 0, 'G600'),
(697, '柜体', 'GT-005', 127, 0, 0, '个', 0, '800*1000'),
(698, '线槽', 'XC-002', 135, 0, 0, '米', 0, '50*50'),
(699, '按钮开关', 'KG-005', 80, 0, 0, '个', 0, 'LAY37(pbc)'),
(700, '电线', 'X-006', 138, 0, 0, '米', 0, 'BVR16'),
(701, '航空插头', 'HKCT-002', 178, 0, 0, '个', 0, 'HE010-1'),
(702, '航空插头', 'HKCT-003', 178, 0, 0, '个', 0, 'HE016-1'),
(703, '航空插头配件', 'PJ-001', 178, 0, 0, '个', 0, 'HE010-1公头'),
(704, '禹鼎遥控器', 'YD-035', 5, 0, 0, '套', 0, 'F21-2S  380V'),
(705, '防震灯管400WPS', 'DG-001', 158, 0, 8000, '只', 0, '400WPS'),
(706, '西门子PLC', 'PLC-021', 53, 0, 34200, '只', 0, '6ES72221HF220XA8'),
(707, '电源模块WD25-48S12', 'DYZJ-002', 124, 0, 7800, '个', 0, 'WD25-48S12'),
(708, '测试', '', 5, 10000, 5000, '', 0, ''),
(709, '测试一', '', 1, 12000, 10000, '', 0, ''),
(710, '测试一', '', 5, 12000, 10000, '', 0, '');

-- --------------------------------------------------------

--
-- 表的结构 `ix_goods_info`
--

CREATE TABLE IF NOT EXISTS `ix_goods_info` (
  `id` int(10) unsigned NOT NULL,
  `value` text NOT NULL,
  PRIMARY KEY (`id`)
) ENGINE=MyISAM DEFAULT CHARSET=utf8;

--
-- 转存表中的数据 `ix_goods_info`
--

INSERT INTO `ix_goods_info` (`id`, `value`) VALUES
(17, 'a:2:{i:0;s:0:"";i:1;s:0:"";}'),
(14, 'a:2:{i:0;s:0:"";i:1;s:0:"";}'),
(15, 'a:2:{i:0;s:0:"";i:1;s:0:"";}'),
(16, 'a:2:{i:0;s:0:"";i:1;s:0:"";}'),
(11, 'a:2:{i:0;s:0:"";i:1;s:0:"";}'),
(10, 'a:2:{i:0;s:0:"";i:1;s:0:"";}'),
(18, 'a:2:{i:0;s:0:"";i:1;s:0:"";}'),
(19, 'a:2:{i:0;s:0:"";i:1;s:0:"";}'),
(22, 'a:2:{i:0;s:0:"";i:1;s:0:"";}'),
(21, 'a:2:{i:0;s:0:"";i:1;s:0:"";}'),
(23, 'a:2:{i:0;s:0:"";i:1;s:0:"";}'),
(24, 'a:2:{i:0;s:0:"";i:1;s:0:"";}'),
(25, 'a:2:{i:0;s:0:"";i:1;s:0:"";}'),
(26, 'a:2:{i:0;s:0:"";i:1;s:0:"";}'),
(27, 'a:2:{i:0;s:0:"";i:1;s:0:"";}'),
(28, 'a:2:{i:0;s:0:"";i:1;s:0:"";}'),
(29, 'a:2:{i:0;s:0:"";i:1;s:0:"";}'),
(30, 'a:2:{i:0;s:0:"";i:1;s:0:"";}'),
(31, 'a:2:{i:0;s:0:"";i:1;s:0:"";}'),
(32, 'a:2:{i:0;s:0:"";i:1;s:0:"";}'),
(33, 'a:2:{i:0;s:0:"";i:1;s:0:"";}'),
(34, 'a:2:{i:0;s:0:"";i:1;s:0:"";}'),
(35, 'a:2:{i:0;s:0:"";i:1;s:0:"";}'),
(36, 'a:2:{i:0;s:0:"";i:1;s:0:"";}'),
(37, 'a:2:{i:0;s:0:"";i:1;s:0:"";}'),
(38, 'a:2:{i:0;s:0:"";i:1;s:0:"";}'),
(39, 'a:2:{i:0;s:0:"";i:1;s:0:"";}'),
(40, 'a:2:{i:0;s:0:"";i:1;s:0:"";}'),
(41, 'a:2:{i:0;s:0:"";i:1;s:0:"";}'),
(42, 'a:2:{i:0;s:0:"";i:1;s:0:"";}'),
(43, 'a:2:{i:0;s:0:"";i:1;s:0:"";}'),
(44, 'a:2:{i:0;s:0:"";i:1;s:0:"";}'),
(45, 'a:2:{i:0;s:0:"";i:1;s:0:"";}'),
(46, 'a:2:{i:0;s:0:"";i:1;s:0:"";}'),
(47, 'a:2:{i:0;s:0:"";i:1;s:0:"";}'),
(48, 'a:2:{i:0;s:0:"";i:1;s:0:"";}'),
(49, 'a:2:{i:0;s:0:"";i:1;s:0:"";}'),
(50, 'a:2:{i:0;s:0:"";i:1;s:0:"";}'),
(51, 'a:2:{i:0;s:0:"";i:1;s:0:"";}'),
(52, 'a:2:{i:0;s:0:"";i:1;s:0:"";}'),
(53, 'a:2:{i:0;s:0:"";i:1;s:0:"";}'),
(54, 'a:2:{i:0;s:0:"";i:1;s:0:"";}'),
(55, 'a:2:{i:0;s:0:"";i:1;s:0:"";}'),
(56, 'a:2:{i:0;s:0:"";i:1;s:0:"";}'),
(57, 'a:2:{i:0;s:0:"";i:1;s:0:"";}'),
(58, 'a:2:{i:0;s:0:"";i:1;s:0:"";}'),
(59, 'a:2:{i:0;s:0:"";i:1;s:0:"";}'),
(60, 'a:2:{i:0;s:0:"";i:1;s:0:"";}'),
(61, 'a:2:{i:0;s:0:"";i:1;s:0:"";}'),
(62, 'a:2:{i:0;s:0:"";i:1;s:0:"";}'),
(63, 'a:2:{i:0;s:0:"";i:1;s:0:"";}'),
(64, 'a:2:{i:0;s:0:"";i:1;s:0:"";}'),
(65, 'a:2:{i:0;s:0:"";i:1;s:0:"";}'),
(66, 'a:2:{i:0;s:0:"";i:1;s:0:"";}'),
(67, 'a:2:{i:0;s:0:"";i:1;s:0:"";}'),
(68, 'a:2:{i:0;s:0:"";i:1;s:0:"";}'),
(69, 'a:2:{i:0;s:0:"";i:1;s:0:"";}'),
(70, 'a:2:{i:0;s:0:"";i:1;s:0:"";}'),
(71, 'a:2:{i:0;s:0:"";i:1;s:0:"";}'),
(72, 'a:2:{i:0;s:0:"";i:1;s:0:"";}'),
(73, 'a:2:{i:0;s:0:"";i:1;s:0:"";}'),
(74, 'a:2:{i:0;s:0:"";i:1;s:0:"";}'),
(75, 'a:2:{i:0;s:0:"";i:1;s:0:"";}'),
(76, 'a:2:{i:0;s:0:"";i:1;s:0:"";}'),
(77, 'a:2:{i:0;s:0:"";i:1;s:0:"";}'),
(78, 'a:2:{i:0;s:0:"";i:1;s:0:"";}'),
(79, 'a:2:{i:0;s:0:"";i:1;s:0:"";}'),
(80, 'a:2:{i:0;s:0:"";i:1;s:0:"";}'),
(81, 'a:2:{i:0;s:0:"";i:1;s:0:"";}'),
(82, 'a:2:{i:0;s:0:"";i:1;s:0:"";}'),
(83, 'a:2:{i:0;s:0:"";i:1;s:0:"";}'),
(84, 'a:2:{i:0;s:0:"";i:1;s:0:"";}'),
(85, 'a:2:{i:0;s:0:"";i:1;s:0:"";}'),
(86, 'a:2:{i:0;s:0:"";i:1;s:0:"";}'),
(87, 'a:2:{i:0;s:0:"";i:1;s:0:"";}'),
(88, 'a:2:{i:0;s:0:"";i:1;s:0:"";}'),
(89, 'a:2:{i:0;s:0:"";i:1;s:0:"";}'),
(90, 'a:2:{i:0;s:0:"";i:1;s:0:"";}'),
(91, 'a:2:{i:0;s:0:"";i:1;s:0:"";}'),
(92, 'a:2:{i:0;s:0:"";i:1;s:0:"";}'),
(93, 'a:2:{i:0;s:0:"";i:1;s:0:"";}'),
(94, 'a:2:{i:0;s:0:"";i:1;s:0:"";}'),
(95, 'a:2:{i:0;s:0:"";i:1;s:0:"";}'),
(96, 'a:2:{i:0;s:0:"";i:1;s:0:"";}'),
(97, 'a:2:{i:0;s:0:"";i:1;s:0:"";}'),
(98, 'a:2:{i:0;s:0:"";i:1;s:0:"";}'),
(99, 'a:2:{i:0;s:0:"";i:1;s:0:"";}'),
(100, 'a:2:{i:0;s:0:"";i:1;s:0:"";}'),
(101, 'a:2:{i:0;s:0:"";i:1;s:0:"";}'),
(102, 'a:2:{i:0;s:0:"";i:1;s:0:"";}'),
(103, 'a:2:{i:0;s:0:"";i:1;s:0:"";}'),
(104, 'a:2:{i:0;s:0:"";i:1;s:0:"";}'),
(105, 'a:2:{i:0;s:0:"";i:1;s:0:"";}'),
(106, 'a:2:{i:0;s:0:"";i:1;s:0:"";}'),
(107, 'a:2:{i:0;s:0:"";i:1;s:0:"";}'),
(108, 'a:2:{i:0;s:0:"";i:1;s:0:"";}'),
(109, 'a:2:{i:0;s:0:"";i:1;s:0:"";}'),
(110, 'a:2:{i:0;s:0:"";i:1;s:0:"";}'),
(111, 'a:2:{i:0;s:0:"";i:1;s:0:"";}'),
(112, 'a:2:{i:0;s:0:"";i:1;s:0:"";}'),
(113, 'a:2:{i:0;s:0:"";i:1;s:0:"";}'),
(114, 'a:2:{i:0;s:0:"";i:1;s:0:"";}'),
(115, 'a:2:{i:0;s:0:"";i:1;s:0:"";}'),
(116, 'a:2:{i:0;s:0:"";i:1;s:0:"";}'),
(117, 'a:2:{i:0;s:0:"";i:1;s:0:"";}'),
(118, 'a:2:{i:0;s:0:"";i:1;s:0:"";}'),
(119, 'a:2:{i:0;s:0:"";i:1;s:0:"";}'),
(120, 'a:2:{i:0;s:0:"";i:1;s:0:"";}'),
(121, 'a:2:{i:0;s:0:"";i:1;s:0:"";}'),
(122, 'a:2:{i:0;s:0:"";i:1;s:0:"";}'),
(123, 'a:2:{i:0;s:0:"";i:1;s:0:"";}'),
(124, 'a:2:{i:0;s:0:"";i:1;s:0:"";}'),
(125, 'a:2:{i:0;s:0:"";i:1;s:0:"";}'),
(126, 'a:2:{i:0;s:0:"";i:1;s:0:"";}'),
(127, 'a:2:{i:0;s:0:"";i:1;s:0:"";}'),
(128, 'a:2:{i:0;s:0:"";i:1;s:0:"";}'),
(129, 'a:2:{i:0;s:0:"";i:1;s:0:"";}'),
(130, 'a:2:{i:0;s:0:"";i:1;s:0:"";}'),
(131, 'a:2:{i:0;s:0:"";i:1;s:0:"";}'),
(132, 'a:2:{i:0;s:0:"";i:1;s:0:"";}'),
(133, 'a:2:{i:0;s:0:"";i:1;s:0:"";}'),
(134, 'a:2:{i:0;s:0:"";i:1;s:0:"";}'),
(135, 'a:2:{i:0;s:0:"";i:1;s:0:"";}'),
(138, 'a:2:{i:0;s:0:"";i:1;s:0:"";}'),
(137, 'a:2:{i:0;s:0:"";i:1;s:0:"";}'),
(139, 'a:2:{i:0;s:0:"";i:1;s:0:"";}'),
(140, 'a:2:{i:0;s:0:"";i:1;s:0:"";}'),
(141, 'a:2:{i:0;s:0:"";i:1;s:0:"";}'),
(142, 'a:2:{i:0;s:0:"";i:1;s:0:"";}'),
(143, 'a:2:{i:0;s:0:"";i:1;s:0:"";}'),
(144, 'a:2:{i:0;s:0:"";i:1;s:0:"";}'),
(145, 'a:2:{i:0;s:0:"";i:1;s:0:"";}'),
(146, 'a:2:{i:0;s:0:"";i:1;s:0:"";}'),
(147, 'a:2:{i:0;s:0:"";i:1;s:0:"";}'),
(148, 'a:2:{i:0;s:0:"";i:1;s:0:"";}'),
(149, 'a:2:{i:0;s:0:"";i:1;s:0:"";}'),
(150, 'a:2:{i:0;s:0:"";i:1;s:0:"";}'),
(151, 'a:2:{i:0;s:0:"";i:1;s:0:"";}'),
(152, 'a:2:{i:0;s:0:"";i:1;s:0:"";}'),
(153, 'a:2:{i:0;s:0:"";i:1;s:0:"";}'),
(154, 'a:2:{i:0;s:0:"";i:1;s:0:"";}'),
(155, 'a:2:{i:0;s:0:"";i:1;s:0:"";}'),
(156, 'a:2:{i:0;s:0:"";i:1;s:0:"";}'),
(157, 'a:2:{i:0;s:0:"";i:1;s:0:"";}'),
(158, 'a:2:{i:0;s:0:"";i:1;s:0:"";}'),
(159, 'a:2:{i:0;s:0:"";i:1;s:0:"";}'),
(160, 'a:2:{i:0;s:0:"";i:1;s:0:"";}'),
(161, 'a:2:{i:0;s:0:"";i:1;s:0:"";}'),
(162, 'a:2:{i:0;s:0:"";i:1;s:0:"";}'),
(163, 'a:2:{i:0;s:0:"";i:1;s:0:"";}'),
(164, 'a:2:{i:0;s:0:"";i:1;s:0:"";}'),
(165, 'a:2:{i:0;s:0:"";i:1;s:0:"";}'),
(166, 'a:2:{i:0;s:0:"";i:1;s:0:"";}'),
(167, 'a:2:{i:0;s:0:"";i:1;s:0:"";}'),
(168, 'a:2:{i:0;s:0:"";i:1;s:0:"";}'),
(169, 'a:2:{i:0;s:0:"";i:1;s:0:"";}'),
(170, 'a:2:{i:0;s:0:"";i:1;s:0:"";}'),
(171, 'a:2:{i:0;s:0:"";i:1;s:0:"";}'),
(172, 'a:2:{i:0;s:0:"";i:1;s:0:"";}'),
(173, 'a:2:{i:0;s:0:"";i:1;s:0:"";}'),
(174, 'a:2:{i:0;s:0:"";i:1;s:0:"";}'),
(175, 'a:2:{i:0;s:0:"";i:1;s:0:"";}'),
(176, 'a:2:{i:0;s:0:"";i:1;s:0:"";}'),
(177, 'a:2:{i:0;s:0:"";i:1;s:0:"";}'),
(178, 'a:2:{i:0;s:0:"";i:1;s:0:"";}'),
(179, 'a:2:{i:0;s:0:"";i:1;s:0:"";}'),
(180, 'a:2:{i:0;s:0:"";i:1;s:0:"";}'),
(181, 'a:2:{i:0;s:0:"";i:1;s:0:"";}'),
(182, 'a:2:{i:0;s:0:"";i:1;s:0:"";}'),
(183, 'a:2:{i:0;s:0:"";i:1;s:0:"";}'),
(184, 'a:2:{i:0;s:0:"";i:1;s:0:"";}'),
(185, 'a:2:{i:0;s:0:"";i:1;s:0:"";}'),
(186, 'a:2:{i:0;s:0:"";i:1;s:0:"";}'),
(187, 'a:2:{i:0;s:0:"";i:1;s:0:"";}'),
(188, 'a:2:{i:0;s:0:"";i:1;s:0:"";}'),
(189, 'a:2:{i:0;s:0:"";i:1;s:0:"";}'),
(190, 'a:2:{i:0;s:0:"";i:1;s:0:"";}'),
(191, 'a:2:{i:0;s:0:"";i:1;s:0:"";}'),
(192, 'a:2:{i:0;s:0:"";i:1;s:0:"";}'),
(193, 'a:2:{i:0;s:0:"";i:1;s:0:"";}'),
(194, 'a:2:{i:0;s:0:"";i:1;s:0:"";}'),
(195, 'a:2:{i:0;s:0:"";i:1;s:0:"";}'),
(196, 'a:2:{i:0;s:0:"";i:1;s:0:"";}'),
(197, 'a:2:{i:0;s:0:"";i:1;s:0:"";}'),
(198, 'a:2:{i:0;s:0:"";i:1;s:0:"";}'),
(199, 'a:2:{i:0;s:0:"";i:1;s:0:"";}'),
(200, 'a:2:{i:0;s:0:"";i:1;s:0:"";}'),
(201, 'a:2:{i:0;s:0:"";i:1;s:0:"";}'),
(202, 'a:2:{i:0;s:0:"";i:1;s:0:"";}'),
(203, 'a:2:{i:0;s:0:"";i:1;s:0:"";}'),
(204, 'a:2:{i:0;s:0:"";i:1;s:0:"";}'),
(205, 'a:2:{i:0;s:0:"";i:1;s:0:"";}'),
(206, 'a:2:{i:0;s:0:"";i:1;s:0:"";}'),
(207, 'a:2:{i:0;s:0:"";i:1;s:0:"";}'),
(208, 'a:2:{i:0;s:0:"";i:1;s:0:"";}'),
(209, 'a:2:{i:0;s:0:"";i:1;s:0:"";}'),
(210, 'a:2:{i:0;s:0:"";i:1;s:0:"";}'),
(211, 'a:2:{i:0;s:0:"";i:1;s:0:"";}'),
(212, 'a:2:{i:0;s:0:"";i:1;s:0:"";}'),
(213, 'a:2:{i:0;s:0:"";i:1;s:0:"";}'),
(214, 'a:2:{i:0;s:0:"";i:1;s:0:"";}'),
(215, 'a:2:{i:0;s:0:"";i:1;s:0:"";}'),
(216, 'a:2:{i:0;s:0:"";i:1;s:0:"";}'),
(217, 'a:2:{i:0;s:0:"";i:1;s:0:"";}'),
(218, 'a:2:{i:0;s:0:"";i:1;s:0:"";}'),
(219, 'a:2:{i:0;s:0:"";i:1;s:0:"";}'),
(220, 'a:2:{i:0;s:0:"";i:1;s:0:"";}'),
(221, 'a:2:{i:0;s:0:"";i:1;s:0:"";}'),
(222, 'a:2:{i:0;s:0:"";i:1;s:0:"";}'),
(223, 'a:2:{i:0;s:0:"";i:1;s:0:"";}'),
(224, 'a:2:{i:0;s:0:"";i:1;s:0:"";}'),
(225, 'a:2:{i:0;s:0:"";i:1;s:0:"";}'),
(226, 'a:2:{i:0;s:0:"";i:1;s:0:"";}'),
(227, 'a:2:{i:0;s:0:"";i:1;s:0:"";}'),
(228, 'a:2:{i:0;s:0:"";i:1;s:0:"";}'),
(229, 'a:2:{i:0;s:0:"";i:1;s:0:"";}'),
(230, 'a:2:{i:0;s:0:"";i:1;s:0:"";}'),
(231, 'a:2:{i:0;s:0:"";i:1;s:0:"";}'),
(232, 'a:2:{i:0;s:0:"";i:1;s:0:"";}'),
(233, 'a:2:{i:0;s:0:"";i:1;s:0:"";}'),
(234, 'a:2:{i:0;s:0:"";i:1;s:0:"";}'),
(235, 'a:2:{i:0;s:0:"";i:1;s:0:"";}'),
(236, 'a:2:{i:0;s:0:"";i:1;s:0:"";}'),
(237, 'a:2:{i:0;s:0:"";i:1;s:0:"";}'),
(238, 'a:2:{i:0;s:0:"";i:1;s:0:"";}'),
(239, 'a:2:{i:0;s:0:"";i:1;s:0:"";}'),
(240, 'a:2:{i:0;s:0:"";i:1;s:0:"";}'),
(241, 'a:2:{i:0;s:0:"";i:1;s:0:"";}'),
(242, 'a:2:{i:0;s:0:"";i:1;s:0:"";}'),
(243, 'a:2:{i:0;s:0:"";i:1;s:0:"";}'),
(244, 'a:2:{i:0;s:0:"";i:1;s:0:"";}'),
(245, 'a:2:{i:0;s:0:"";i:1;s:0:"";}'),
(246, 'a:2:{i:0;s:0:"";i:1;s:0:"";}'),
(247, 'a:2:{i:0;s:0:"";i:1;s:0:"";}'),
(248, 'a:2:{i:0;s:0:"";i:1;s:0:"";}'),
(249, 'a:2:{i:0;s:0:"";i:1;s:0:"";}'),
(250, 'a:2:{i:0;s:0:"";i:1;s:0:"";}'),
(251, 'a:2:{i:0;s:0:"";i:1;s:0:"";}'),
(252, 'a:2:{i:0;s:0:"";i:1;s:0:"";}'),
(253, 'a:2:{i:0;s:0:"";i:1;s:0:"";}'),
(254, 'a:2:{i:0;s:0:"";i:1;s:0:"";}'),
(255, 'a:2:{i:0;s:0:"";i:1;s:0:"";}'),
(256, 'a:2:{i:0;s:0:"";i:1;s:0:"";}'),
(257, 'a:2:{i:0;s:0:"";i:1;s:0:"";}'),
(258, 'a:2:{i:0;s:0:"";i:1;s:0:"";}'),
(259, 'a:2:{i:0;s:0:"";i:1;s:0:"";}'),
(260, 'a:2:{i:0;s:0:"";i:1;s:0:"";}'),
(261, 'a:2:{i:0;s:0:"";i:1;s:0:"";}'),
(262, 'a:2:{i:0;s:0:"";i:1;s:0:"";}'),
(263, 'a:2:{i:0;s:0:"";i:1;s:0:"";}'),
(264, 'a:2:{i:0;s:0:"";i:1;s:0:"";}'),
(265, 'a:2:{i:0;s:0:"";i:1;s:0:"";}'),
(266, 'a:2:{i:0;s:0:"";i:1;s:0:"";}'),
(267, 'a:2:{i:0;s:0:"";i:1;s:0:"";}'),
(268, 'a:2:{i:0;s:0:"";i:1;s:0:"";}'),
(269, 'a:2:{i:0;s:0:"";i:1;s:0:"";}'),
(270, 'a:2:{i:0;s:0:"";i:1;s:0:"";}'),
(271, 'a:2:{i:0;s:0:"";i:1;s:0:"";}'),
(272, 'a:2:{i:0;s:0:"";i:1;s:0:"";}'),
(273, 'a:2:{i:0;s:0:"";i:1;s:0:"";}'),
(274, 'a:2:{i:0;s:0:"";i:1;s:0:"";}'),
(275, 'a:2:{i:0;s:0:"";i:1;s:0:"";}'),
(276, 'a:2:{i:0;s:0:"";i:1;s:0:"";}'),
(277, 'a:2:{i:0;s:0:"";i:1;s:0:"";}'),
(278, 'a:2:{i:0;s:0:"";i:1;s:0:"";}'),
(279, 'a:2:{i:0;s:0:"";i:1;s:0:"";}'),
(280, 'a:2:{i:0;s:0:"";i:1;s:0:"";}'),
(281, 'a:2:{i:0;s:0:"";i:1;s:0:"";}'),
(282, 'a:2:{i:0;s:0:"";i:1;s:0:"";}'),
(283, 'a:2:{i:0;s:0:"";i:1;s:0:"";}'),
(284, 'a:2:{i:0;s:0:"";i:1;s:0:"";}'),
(285, 'a:2:{i:0;s:0:"";i:1;s:0:"";}'),
(286, 'a:2:{i:0;s:0:"";i:1;s:0:"";}'),
(287, 'a:2:{i:0;s:0:"";i:1;s:0:"";}'),
(288, 'a:2:{i:0;s:0:"";i:1;s:0:"";}'),
(289, 'a:2:{i:0;s:0:"";i:1;s:0:"";}'),
(290, 'a:2:{i:0;s:0:"";i:1;s:0:"";}'),
(291, 'a:2:{i:0;s:0:"";i:1;s:0:"";}'),
(292, 'a:2:{i:0;s:0:"";i:1;s:0:"";}'),
(293, 'a:2:{i:0;s:0:"";i:1;s:0:"";}'),
(294, 'a:2:{i:0;s:0:"";i:1;s:0:"";}'),
(295, 'a:2:{i:0;s:0:"";i:1;s:0:"";}'),
(296, 'a:2:{i:0;s:0:"";i:1;s:0:"";}'),
(297, 'a:2:{i:0;s:0:"";i:1;s:0:"";}'),
(298, 'a:2:{i:0;s:0:"";i:1;s:0:"";}'),
(299, 'a:2:{i:0;s:0:"";i:1;s:0:"";}'),
(300, 'a:2:{i:0;s:0:"";i:1;s:0:"";}'),
(301, 'a:2:{i:0;s:0:"";i:1;s:0:"";}'),
(302, 'a:2:{i:0;s:0:"";i:1;s:0:"";}'),
(303, 'a:2:{i:0;s:0:"";i:1;s:0:"";}'),
(304, 'a:2:{i:0;s:0:"";i:1;s:0:"";}'),
(305, 'a:2:{i:0;s:0:"";i:1;s:0:"";}'),
(306, 'a:2:{i:0;s:0:"";i:1;s:0:"";}'),
(307, 'a:2:{i:0;s:0:"";i:1;s:0:"";}'),
(308, 'a:2:{i:0;s:0:"";i:1;s:0:"";}'),
(309, 'a:2:{i:0;s:0:"";i:1;s:0:"";}'),
(310, 'a:2:{i:0;s:0:"";i:1;s:0:"";}'),
(311, 'a:2:{i:0;s:0:"";i:1;s:0:"";}'),
(312, 'a:2:{i:0;s:0:"";i:1;s:0:"";}'),
(313, 'a:2:{i:0;s:0:"";i:1;s:0:"";}'),
(314, 'a:2:{i:0;s:0:"";i:1;s:0:"";}'),
(315, 'a:2:{i:0;s:0:"";i:1;s:0:"";}'),
(316, 'a:2:{i:0;s:0:"";i:1;s:0:"";}'),
(317, 'a:2:{i:0;s:0:"";i:1;s:0:"";}'),
(318, 'a:2:{i:0;s:0:"";i:1;s:0:"";}'),
(319, 'a:2:{i:0;s:0:"";i:1;s:0:"";}'),
(320, 'a:2:{i:0;s:0:"";i:1;s:0:"";}'),
(321, 'a:2:{i:0;s:0:"";i:1;s:0:"";}'),
(322, 'a:2:{i:0;s:0:"";i:1;s:0:"";}'),
(323, 'a:2:{i:0;s:0:"";i:1;s:0:"";}'),
(324, 'a:2:{i:0;s:0:"";i:1;s:0:"";}'),
(325, 'a:2:{i:0;s:0:"";i:1;s:0:"";}'),
(326, 'a:2:{i:0;s:0:"";i:1;s:0:"";}'),
(327, 'a:2:{i:0;s:0:"";i:1;s:0:"";}'),
(328, 'a:2:{i:0;s:0:"";i:1;s:0:"";}'),
(329, 'a:2:{i:0;s:0:"";i:1;s:0:"";}'),
(330, 'a:2:{i:0;s:0:"";i:1;s:0:"";}'),
(331, 'a:2:{i:0;s:0:"";i:1;s:0:"";}'),
(332, 'a:2:{i:0;s:0:"";i:1;s:0:"";}'),
(333, 'a:2:{i:0;s:0:"";i:1;s:0:"";}'),
(334, 'a:2:{i:0;s:0:"";i:1;s:0:"";}'),
(337, 'a:2:{i:0;s:0:"";i:1;s:0:"";}'),
(336, 'a:2:{i:0;s:0:"";i:1;s:0:"";}'),
(338, 'a:2:{i:0;s:0:"";i:1;s:0:"";}'),
(339, 'a:2:{i:0;s:0:"";i:1;s:0:"";}'),
(340, 'a:2:{i:0;s:0:"";i:1;s:0:"";}'),
(341, 'a:2:{i:0;s:0:"";i:1;s:0:"";}'),
(342, 'a:2:{i:0;s:0:"";i:1;s:0:"";}'),
(343, 'a:2:{i:0;s:0:"";i:1;s:0:"";}'),
(344, 'a:2:{i:0;s:0:"";i:1;s:0:"";}'),
(345, 'a:2:{i:0;s:0:"";i:1;s:0:"";}'),
(346, 'a:2:{i:0;s:0:"";i:1;s:0:"";}'),
(347, 'a:2:{i:0;s:0:"";i:1;s:0:"";}'),
(348, 'a:2:{i:0;s:0:"";i:1;s:0:"";}'),
(349, 'a:2:{i:0;s:0:"";i:1;s:0:"";}'),
(350, 'a:2:{i:0;s:0:"";i:1;s:0:"";}'),
(351, 'a:2:{i:0;s:0:"";i:1;s:0:"";}'),
(352, 'a:2:{i:0;s:0:"";i:1;s:0:"";}'),
(353, 'a:2:{i:0;s:0:"";i:1;s:0:"";}'),
(354, 'a:2:{i:0;s:0:"";i:1;s:0:"";}'),
(355, 'a:2:{i:0;s:0:"";i:1;s:0:"";}'),
(356, 'a:2:{i:0;s:0:"";i:1;s:0:"";}'),
(357, 'a:2:{i:0;s:0:"";i:1;s:0:"";}'),
(358, 'a:2:{i:0;s:0:"";i:1;s:0:"";}'),
(359, 'a:2:{i:0;s:0:"";i:1;s:0:"";}'),
(360, 'a:2:{i:0;s:0:"";i:1;s:0:"";}'),
(361, 'a:2:{i:0;s:0:"";i:1;s:0:"";}'),
(362, 'a:2:{i:0;s:0:"";i:1;s:0:"";}'),
(363, 'a:2:{i:0;s:0:"";i:1;s:0:"";}'),
(364, 'a:2:{i:0;s:0:"";i:1;s:0:"";}'),
(365, 'a:2:{i:0;s:0:"";i:1;s:0:"";}'),
(366, 'a:2:{i:0;s:0:"";i:1;s:0:"";}'),
(367, 'a:2:{i:0;s:0:"";i:1;s:0:"";}'),
(368, 'a:2:{i:0;s:0:"";i:1;s:0:"";}'),
(369, 'a:2:{i:0;s:0:"";i:1;s:0:"";}'),
(372, 'a:2:{i:0;s:0:"";i:1;s:0:"";}'),
(371, 'a:2:{i:0;s:0:"";i:1;s:0:"";}'),
(373, 'a:2:{i:0;s:0:"";i:1;s:0:"";}'),
(374, 'a:2:{i:0;s:0:"";i:1;s:0:"";}'),
(375, 'a:2:{i:0;s:0:"";i:1;s:0:"";}'),
(376, 'a:2:{i:0;s:0:"";i:1;s:0:"";}'),
(377, 'a:2:{i:0;s:0:"";i:1;s:0:"";}'),
(378, 'a:2:{i:0;s:0:"";i:1;s:0:"";}'),
(379, 'a:2:{i:0;s:0:"";i:1;s:0:"";}'),
(380, 'a:2:{i:0;s:0:"";i:1;s:0:"";}'),
(381, 'a:2:{i:0;s:0:"";i:1;s:0:"";}'),
(382, 'a:2:{i:0;s:0:"";i:1;s:0:"";}'),
(383, 'a:2:{i:0;s:0:"";i:1;s:0:"";}'),
(384, 'a:2:{i:0;s:0:"";i:1;s:0:"";}'),
(403, 'a:2:{i:0;s:0:"";i:1;s:0:"";}'),
(386, 'a:2:{i:0;s:0:"";i:1;s:0:"";}'),
(387, 'a:2:{i:0;s:0:"";i:1;s:0:"";}'),
(388, 'a:2:{i:0;s:0:"";i:1;s:0:"";}'),
(389, 'a:2:{i:0;s:0:"";i:1;s:0:"";}'),
(390, 'a:2:{i:0;s:0:"";i:1;s:0:"";}'),
(391, 'a:2:{i:0;s:0:"";i:1;s:0:"";}'),
(392, 'a:2:{i:0;s:0:"";i:1;s:0:"";}'),
(393, 'a:2:{i:0;s:0:"";i:1;s:0:"";}'),
(394, 'a:2:{i:0;s:0:"";i:1;s:0:"";}'),
(395, 'a:2:{i:0;s:0:"";i:1;s:0:"";}'),
(396, 'a:2:{i:0;s:0:"";i:1;s:0:"";}'),
(397, 'a:2:{i:0;s:0:"";i:1;s:0:"";}'),
(398, 'a:2:{i:0;s:0:"";i:1;s:0:"";}'),
(399, 'a:2:{i:0;s:0:"";i:1;s:0:"";}'),
(400, 'a:2:{i:0;s:0:"";i:1;s:0:"";}'),
(401, 'a:2:{i:0;s:0:"";i:1;s:0:"";}'),
(402, 'a:2:{i:0;s:0:"";i:1;s:0:"";}'),
(404, 'a:2:{i:0;s:0:"";i:1;s:0:"";}'),
(405, 'a:2:{i:0;s:0:"";i:1;s:0:"";}'),
(406, 'a:2:{i:0;s:0:"";i:1;s:0:"";}'),
(407, 'a:2:{i:0;s:0:"";i:1;s:0:"";}'),
(408, 'a:2:{i:0;s:0:"";i:1;s:0:"";}'),
(409, 'a:2:{i:0;s:0:"";i:1;s:0:"";}'),
(410, 'a:2:{i:0;s:0:"";i:1;s:0:"";}'),
(411, 'a:2:{i:0;s:0:"";i:1;s:0:"";}'),
(412, 'a:2:{i:0;s:0:"";i:1;s:0:"";}'),
(413, 'a:2:{i:0;s:0:"";i:1;s:0:"";}'),
(414, 'a:2:{i:0;s:0:"";i:1;s:0:"";}'),
(415, 'a:2:{i:0;s:0:"";i:1;s:0:"";}'),
(416, 'a:2:{i:0;s:0:"";i:1;s:0:"";}'),
(417, 'a:2:{i:0;s:0:"";i:1;s:0:"";}'),
(418, 'a:2:{i:0;s:0:"";i:1;s:0:"";}'),
(419, 'a:2:{i:0;s:0:"";i:1;s:0:"";}'),
(420, 'a:2:{i:0;s:0:"";i:1;s:0:"";}'),
(421, 'a:2:{i:0;s:0:"";i:1;s:0:"";}'),
(422, 'a:2:{i:0;s:0:"";i:1;s:0:"";}'),
(423, 'a:2:{i:0;s:0:"";i:1;s:0:"";}'),
(424, 'a:2:{i:0;s:0:"";i:1;s:0:"";}'),
(425, 'a:2:{i:0;s:0:"";i:1;s:0:"";}'),
(426, 'a:2:{i:0;s:0:"";i:1;s:0:"";}'),
(427, 'a:2:{i:0;s:0:"";i:1;s:0:"";}'),
(428, 'a:2:{i:0;s:0:"";i:1;s:0:"";}'),
(429, 'a:2:{i:0;s:0:"";i:1;s:0:"";}'),
(430, 'a:2:{i:0;s:0:"";i:1;s:0:"";}'),
(431, 'a:2:{i:0;s:0:"";i:1;s:0:"";}'),
(432, 'a:2:{i:0;s:0:"";i:1;s:0:"";}'),
(433, 'a:2:{i:0;s:0:"";i:1;s:0:"";}'),
(434, 'a:2:{i:0;s:0:"";i:1;s:0:"";}'),
(435, 'a:2:{i:0;s:0:"";i:1;s:0:"";}'),
(436, 'a:2:{i:0;s:0:"";i:1;s:0:"";}'),
(437, 'a:2:{i:0;s:0:"";i:1;s:0:"";}'),
(438, 'a:2:{i:0;s:0:"";i:1;s:0:"";}'),
(439, 'a:2:{i:0;s:0:"";i:1;s:0:"";}'),
(440, 'a:2:{i:0;s:0:"";i:1;s:0:"";}'),
(441, 'a:2:{i:0;s:0:"";i:1;s:0:"";}'),
(442, 'a:2:{i:0;s:0:"";i:1;s:0:"";}'),
(443, 'a:2:{i:0;s:0:"";i:1;s:0:"";}'),
(444, 'a:2:{i:0;s:0:"";i:1;s:0:"";}'),
(445, 'a:2:{i:0;s:0:"";i:1;s:0:"";}'),
(446, 'a:2:{i:0;s:0:"";i:1;s:0:"";}'),
(447, 'a:2:{i:0;s:0:"";i:1;s:0:"";}'),
(448, 'a:2:{i:0;s:0:"";i:1;s:0:"";}'),
(449, 'a:2:{i:0;s:0:"";i:1;s:0:"";}'),
(450, 'a:2:{i:0;s:0:"";i:1;s:0:"";}'),
(451, 'a:2:{i:0;s:0:"";i:1;s:0:"";}'),
(452, 'a:2:{i:0;s:0:"";i:1;s:0:"";}'),
(453, 'a:2:{i:0;s:0:"";i:1;s:0:"";}'),
(454, 'a:2:{i:0;s:0:"";i:1;s:0:"";}'),
(455, 'a:2:{i:0;s:0:"";i:1;s:0:"";}'),
(456, 'a:2:{i:0;s:0:"";i:1;s:0:"";}'),
(457, 'a:2:{i:0;s:0:"";i:1;s:0:"";}'),
(458, 'a:2:{i:0;s:0:"";i:1;s:0:"";}'),
(459, 'a:2:{i:0;s:0:"";i:1;s:0:"";}'),
(460, 'a:2:{i:0;s:0:"";i:1;s:0:"";}'),
(461, 'a:2:{i:0;s:0:"";i:1;s:0:"";}'),
(462, 'a:2:{i:0;s:0:"";i:1;s:0:"";}'),
(466, 'a:2:{i:0;s:0:"";i:1;s:0:"";}'),
(464, 'a:2:{i:0;s:0:"";i:1;s:0:"";}'),
(465, 'a:2:{i:0;s:0:"";i:1;s:0:"";}'),
(467, 'a:2:{i:0;s:0:"";i:1;s:0:"";}'),
(468, 'a:2:{i:0;s:0:"";i:1;s:0:"";}'),
(469, 'a:2:{i:0;s:0:"";i:1;s:0:"";}'),
(470, 'a:2:{i:0;s:0:"";i:1;s:0:"";}'),
(471, 'a:2:{i:0;s:0:"";i:1;s:0:"";}'),
(472, 'a:2:{i:0;s:0:"";i:1;s:0:"";}'),
(473, 'a:2:{i:0;s:0:"";i:1;s:0:"";}'),
(474, 'a:2:{i:0;s:0:"";i:1;s:0:"";}'),
(475, 'a:2:{i:0;s:0:"";i:1;s:0:"";}'),
(476, 'a:2:{i:0;s:0:"";i:1;s:0:"";}'),
(477, 'a:2:{i:0;s:0:"";i:1;s:0:"";}'),
(478, 'a:2:{i:0;s:0:"";i:1;s:0:"";}'),
(479, 'a:2:{i:0;s:0:"";i:1;s:0:"";}'),
(480, 'a:2:{i:0;s:0:"";i:1;s:0:"";}'),
(481, 'a:2:{i:0;s:0:"";i:1;s:0:"";}'),
(482, 'a:2:{i:0;s:0:"";i:1;s:0:"";}'),
(483, 'a:2:{i:0;s:0:"";i:1;s:0:"";}'),
(484, 'a:2:{i:0;s:0:"";i:1;s:0:"";}'),
(485, 'a:2:{i:0;s:0:"";i:1;s:0:"";}'),
(486, 'a:2:{i:0;s:0:"";i:1;s:0:"";}'),
(487, 'a:2:{i:0;s:0:"";i:1;s:0:"";}'),
(488, 'a:2:{i:0;s:0:"";i:1;s:0:"";}'),
(489, 'a:2:{i:0;s:0:"";i:1;s:0:"";}'),
(490, 'a:2:{i:0;s:0:"";i:1;s:0:"";}'),
(491, 'a:2:{i:0;s:0:"";i:1;s:0:"";}'),
(492, 'a:2:{i:0;s:0:"";i:1;s:0:"";}'),
(493, 'a:2:{i:0;s:0:"";i:1;s:0:"";}'),
(494, 'a:2:{i:0;s:0:"";i:1;s:0:"";}'),
(495, 'a:2:{i:0;s:0:"";i:1;s:0:"";}'),
(496, 'a:2:{i:0;s:0:"";i:1;s:0:"";}'),
(497, 'a:2:{i:0;s:0:"";i:1;s:0:"";}'),
(498, 'a:2:{i:0;s:0:"";i:1;s:0:"";}'),
(499, 'a:2:{i:0;s:0:"";i:1;s:0:"";}'),
(500, 'a:2:{i:0;s:0:"";i:1;s:0:"";}'),
(501, 'a:2:{i:0;s:0:"";i:1;s:0:"";}'),
(502, 'a:2:{i:0;s:0:"";i:1;s:0:"";}'),
(503, 'a:2:{i:0;s:0:"";i:1;s:0:"";}'),
(504, 'a:2:{i:0;s:0:"";i:1;s:0:"";}'),
(505, 'a:2:{i:0;s:0:"";i:1;s:0:"";}'),
(506, 'a:2:{i:0;s:0:"";i:1;s:0:"";}'),
(507, 'a:2:{i:0;s:0:"";i:1;s:0:"";}'),
(508, 'a:2:{i:0;s:0:"";i:1;s:0:"";}'),
(509, 'a:2:{i:0;s:0:"";i:1;s:0:"";}'),
(510, 'a:2:{i:0;s:0:"";i:1;s:0:"";}'),
(511, 'a:2:{i:0;s:0:"";i:1;s:0:"";}'),
(512, 'a:2:{i:0;s:0:"";i:1;s:0:"";}'),
(513, 'a:2:{i:0;s:0:"";i:1;s:0:"";}'),
(514, 'a:2:{i:0;s:0:"";i:1;s:0:"";}'),
(515, 'a:2:{i:0;s:0:"";i:1;s:0:"";}'),
(516, 'a:2:{i:0;s:0:"";i:1;s:0:"";}'),
(517, 'a:2:{i:0;s:0:"";i:1;s:0:"";}'),
(518, 'a:2:{i:0;s:0:"";i:1;s:0:"";}'),
(519, 'a:2:{i:0;s:0:"";i:1;s:0:"";}'),
(520, 'a:2:{i:0;s:0:"";i:1;s:0:"";}'),
(521, 'a:2:{i:0;s:0:"";i:1;s:0:"";}'),
(522, 'a:2:{i:0;s:0:"";i:1;s:0:"";}'),
(523, 'a:2:{i:0;s:0:"";i:1;s:0:"";}'),
(524, 'a:2:{i:0;s:0:"";i:1;s:0:"";}'),
(525, 'a:2:{i:0;s:0:"";i:1;s:0:"";}'),
(526, 'a:2:{i:0;s:0:"";i:1;s:0:"";}'),
(527, 'a:2:{i:0;s:0:"";i:1;s:0:"";}'),
(528, 'a:2:{i:0;s:0:"";i:1;s:0:"";}'),
(529, 'a:2:{i:0;s:0:"";i:1;s:0:"";}'),
(530, 'a:2:{i:0;s:0:"";i:1;s:0:"";}'),
(531, 'a:2:{i:0;s:0:"";i:1;s:0:"";}'),
(532, 'a:2:{i:0;s:0:"";i:1;s:0:"";}'),
(533, 'a:2:{i:0;s:0:"";i:1;s:0:"";}'),
(534, 'a:2:{i:0;s:0:"";i:1;s:0:"";}'),
(535, 'a:2:{i:0;s:0:"";i:1;s:0:"";}'),
(536, 'a:2:{i:0;s:0:"";i:1;s:0:"";}'),
(537, 'a:2:{i:0;s:0:"";i:1;s:0:"";}'),
(538, 'a:2:{i:0;s:0:"";i:1;s:0:"";}'),
(539, 'a:2:{i:0;s:0:"";i:1;s:0:"";}'),
(540, 'a:2:{i:0;s:0:"";i:1;s:0:"";}'),
(541, 'a:2:{i:0;s:0:"";i:1;s:0:"";}'),
(542, 'a:2:{i:0;s:0:"";i:1;s:0:"";}'),
(543, 'a:2:{i:0;s:0:"";i:1;s:0:"";}'),
(544, 'a:2:{i:0;s:0:"";i:1;s:0:"";}'),
(545, 'a:2:{i:0;s:0:"";i:1;s:0:"";}'),
(546, 'a:2:{i:0;s:0:"";i:1;s:0:"";}'),
(547, 'a:2:{i:0;s:0:"";i:1;s:0:"";}'),
(548, 'a:2:{i:0;s:0:"";i:1;s:0:"";}'),
(549, 'a:2:{i:0;s:0:"";i:1;s:0:"";}'),
(550, 'a:2:{i:0;s:0:"";i:1;s:0:"";}'),
(551, 'a:2:{i:0;s:0:"";i:1;s:0:"";}'),
(552, 'a:2:{i:0;s:0:"";i:1;s:0:"";}'),
(553, 'a:2:{i:0;s:0:"";i:1;s:0:"";}'),
(554, 'a:2:{i:0;s:0:"";i:1;s:0:"";}'),
(555, 'a:2:{i:0;s:0:"";i:1;s:0:"";}'),
(556, 'a:2:{i:0;s:0:"";i:1;s:0:"";}'),
(557, 'a:2:{i:0;s:0:"";i:1;s:0:"";}'),
(558, 'a:2:{i:0;s:0:"";i:1;s:0:"";}'),
(559, 'a:2:{i:0;s:0:"";i:1;s:0:"";}'),
(560, 'a:2:{i:0;s:0:"";i:1;s:0:"";}'),
(561, 'a:2:{i:0;s:0:"";i:1;s:0:"";}'),
(562, 'a:2:{i:0;s:0:"";i:1;s:0:"";}'),
(563, 'a:2:{i:0;s:0:"";i:1;s:0:"";}'),
(564, 'a:2:{i:0;s:0:"";i:1;s:0:"";}'),
(565, 'a:2:{i:0;s:0:"";i:1;s:0:"";}'),
(568, 'a:2:{i:0;s:0:"";i:1;s:0:"";}'),
(567, 'a:2:{i:0;s:0:"";i:1;s:0:"";}'),
(569, 'a:2:{i:0;s:0:"";i:1;s:0:"";}'),
(570, 'a:2:{i:0;s:0:"";i:1;s:0:"";}'),
(571, 'a:2:{i:0;s:0:"";i:1;s:0:"";}'),
(572, 'a:2:{i:0;s:0:"";i:1;s:0:"";}'),
(573, 'a:2:{i:0;s:0:"";i:1;s:0:"";}'),
(574, 'a:2:{i:0;s:0:"";i:1;s:0:"";}'),
(575, 'a:2:{i:0;s:0:"";i:1;s:0:"";}'),
(576, 'a:2:{i:0;s:0:"";i:1;s:0:"";}'),
(577, 'a:2:{i:0;s:0:"";i:1;s:0:"";}'),
(578, 'a:2:{i:0;s:0:"";i:1;s:0:"";}'),
(579, 'a:2:{i:0;s:0:"";i:1;s:0:"";}'),
(584, 'a:2:{i:0;s:0:"";i:1;s:0:"";}'),
(581, 'a:2:{i:0;s:0:"";i:1;s:0:"";}'),
(582, 'a:2:{i:0;s:0:"";i:1;s:0:"";}'),
(583, 'a:2:{i:0;s:0:"";i:1;s:0:"";}'),
(585, 'a:2:{i:0;s:0:"";i:1;s:0:"";}'),
(586, 'a:2:{i:0;s:0:"";i:1;s:0:"";}'),
(587, 'a:2:{i:0;s:0:"";i:1;s:0:"";}'),
(588, 'a:2:{i:0;s:0:"";i:1;s:0:"";}'),
(589, 'a:2:{i:0;s:0:"";i:1;s:0:"";}'),
(590, 'a:2:{i:0;s:0:"";i:1;s:0:"";}'),
(591, 'a:2:{i:0;s:0:"";i:1;s:0:"";}'),
(592, 'a:2:{i:0;s:0:"";i:1;s:0:"";}'),
(593, 'a:2:{i:0;s:0:"";i:1;s:0:"";}'),
(594, 'a:2:{i:0;s:0:"";i:1;s:0:"";}'),
(595, 'a:2:{i:0;s:0:"";i:1;s:0:"";}'),
(596, 'a:2:{i:0;s:0:"";i:1;s:0:"";}'),
(597, 'a:2:{i:0;s:0:"";i:1;s:0:"";}'),
(598, 'a:2:{i:0;s:0:"";i:1;s:0:"";}'),
(599, 'a:2:{i:0;s:0:"";i:1;s:0:"";}'),
(600, 'a:2:{i:0;s:0:"";i:1;s:0:"";}'),
(601, 'a:2:{i:0;s:0:"";i:1;s:0:"";}'),
(602, 'a:2:{i:0;s:0:"";i:1;s:0:"";}'),
(603, 'a:2:{i:0;s:0:"";i:1;s:0:"";}'),
(604, 'a:2:{i:0;s:0:"";i:1;s:0:"";}'),
(605, 'a:2:{i:0;s:0:"";i:1;s:0:"";}'),
(606, 'a:2:{i:0;s:0:"";i:1;s:0:"";}'),
(607, 'a:2:{i:0;s:0:"";i:1;s:0:"";}'),
(608, 'a:2:{i:0;s:0:"";i:1;s:0:"";}'),
(609, 'a:2:{i:0;s:0:"";i:1;s:0:"";}'),
(610, 'a:2:{i:0;s:0:"";i:1;s:0:"";}'),
(611, 'a:2:{i:0;s:0:"";i:1;s:0:"";}'),
(612, 'a:2:{i:0;s:0:"";i:1;s:0:"";}'),
(613, 'a:2:{i:0;s:0:"";i:1;s:0:"";}'),
(614, 'a:2:{i:0;s:0:"";i:1;s:0:"";}'),
(615, 'a:2:{i:0;s:0:"";i:1;s:0:"";}'),
(616, 'a:2:{i:0;s:0:"";i:1;s:0:"";}'),
(617, 'a:2:{i:0;s:0:"";i:1;s:0:"";}'),
(618, 'a:2:{i:0;s:0:"";i:1;s:0:"";}'),
(619, 'a:2:{i:0;s:0:"";i:1;s:0:"";}'),
(620, 'a:2:{i:0;s:0:"";i:1;s:0:"";}'),
(621, 'a:2:{i:0;s:0:"";i:1;s:0:"";}'),
(622, 'a:2:{i:0;s:0:"";i:1;s:0:"";}'),
(623, 'a:2:{i:0;s:0:"";i:1;s:0:"";}'),
(624, 'a:2:{i:0;s:0:"";i:1;s:0:"";}'),
(625, 'a:2:{i:0;s:0:"";i:1;s:0:"";}'),
(626, 'a:2:{i:0;s:0:"";i:1;s:0:"";}'),
(627, 'a:2:{i:0;s:0:"";i:1;s:0:"";}'),
(628, 'a:2:{i:0;s:0:"";i:1;s:0:"";}'),
(629, 'a:2:{i:0;s:0:"";i:1;s:0:"";}'),
(630, 'a:2:{i:0;s:0:"";i:1;s:0:"";}'),
(631, 'a:2:{i:0;s:0:"";i:1;s:0:"";}'),
(632, 'a:2:{i:0;s:0:"";i:1;s:0:"";}'),
(633, 'a:2:{i:0;s:0:"";i:1;s:0:"";}'),
(634, 'a:2:{i:0;s:0:"";i:1;s:0:"";}'),
(635, 'a:2:{i:0;s:0:"";i:1;s:0:"";}'),
(636, 'a:2:{i:0;s:0:"";i:1;s:0:"";}'),
(637, 'a:2:{i:0;s:0:"";i:1;s:0:"";}'),
(638, 'a:2:{i:0;s:0:"";i:1;s:0:"";}'),
(639, 'a:2:{i:0;s:0:"";i:1;s:0:"";}'),
(640, 'a:2:{i:0;s:0:"";i:1;s:0:"";}'),
(641, 'a:2:{i:0;s:0:"";i:1;s:0:"";}'),
(642, 'a:2:{i:0;s:0:"";i:1;s:0:"";}'),
(643, 'a:2:{i:0;s:0:"";i:1;s:0:"";}'),
(644, 'a:2:{i:0;s:0:"";i:1;s:0:"";}'),
(645, 'a:2:{i:0;s:0:"";i:1;s:0:"";}'),
(646, 'a:2:{i:0;s:0:"";i:1;s:0:"";}'),
(647, 'a:2:{i:0;s:0:"";i:1;s:0:"";}'),
(648, 'a:2:{i:0;s:0:"";i:1;s:0:"";}'),
(649, 'a:2:{i:0;s:0:"";i:1;s:0:"";}'),
(650, 'a:2:{i:0;s:0:"";i:1;s:0:"";}'),
(651, 'a:2:{i:0;s:0:"";i:1;s:0:"";}'),
(652, 'a:2:{i:0;s:0:"";i:1;s:0:"";}'),
(653, 'a:2:{i:0;s:0:"";i:1;s:0:"";}'),
(654, 'a:2:{i:0;s:0:"";i:1;s:0:"";}'),
(655, 'a:2:{i:0;s:0:"";i:1;s:0:"";}'),
(656, 'a:2:{i:0;s:0:"";i:1;s:0:"";}'),
(657, 'a:2:{i:0;s:0:"";i:1;s:0:"";}'),
(658, 'a:2:{i:0;s:0:"";i:1;s:0:"";}'),
(659, 'a:2:{i:0;s:0:"";i:1;s:0:"";}'),
(660, 'a:2:{i:0;s:0:"";i:1;s:0:"";}'),
(661, 'a:2:{i:0;s:0:"";i:1;s:0:"";}'),
(662, 'a:2:{i:0;s:0:"";i:1;s:0:"";}'),
(663, 'a:2:{i:0;s:0:"";i:1;s:0:"";}'),
(664, 'a:2:{i:0;s:0:"";i:1;s:0:"";}'),
(665, 'a:2:{i:0;s:0:"";i:1;s:0:"";}'),
(666, 'a:2:{i:0;s:0:"";i:1;s:0:"";}'),
(667, 'a:2:{i:0;s:0:"";i:1;s:0:"";}'),
(668, 'a:2:{i:0;s:0:"";i:1;s:0:"";}'),
(669, 'a:2:{i:0;s:0:"";i:1;s:0:"";}'),
(670, 'a:2:{i:0;s:0:"";i:1;s:0:"";}'),
(671, 'a:2:{i:0;s:0:"";i:1;s:0:"";}'),
(672, 'a:2:{i:0;s:0:"";i:1;s:0:"";}'),
(673, 'a:2:{i:0;s:0:"";i:1;s:0:"";}'),
(674, 'a:2:{i:0;s:0:"";i:1;s:0:"";}'),
(675, 'a:2:{i:0;s:0:"";i:1;s:0:"";}'),
(676, 'a:2:{i:0;s:0:"";i:1;s:0:"";}'),
(677, 'a:2:{i:0;s:0:"";i:1;s:0:"";}'),
(678, 'a:2:{i:0;s:0:"";i:1;s:0:"";}'),
(679, 'a:2:{i:0;s:0:"";i:1;s:0:"";}'),
(680, 'a:2:{i:0;s:0:"";i:1;s:0:"";}'),
(681, 'a:2:{i:0;s:0:"";i:1;s:0:"";}'),
(682, 'a:2:{i:0;s:0:"";i:1;s:0:"";}'),
(683, 'a:2:{i:0;s:0:"";i:1;s:0:"";}'),
(684, 'a:2:{i:0;s:0:"";i:1;s:0:"";}'),
(685, 'a:2:{i:0;s:0:"";i:1;s:0:"";}'),
(686, 'a:2:{i:0;s:0:"";i:1;s:0:"";}'),
(687, 'a:2:{i:0;s:0:"";i:1;s:0:"";}'),
(688, 'a:2:{i:0;s:0:"";i:1;s:0:"";}'),
(689, 'a:2:{i:0;s:0:"";i:1;s:0:"";}'),
(690, 'a:2:{i:0;s:0:"";i:1;s:0:"";}'),
(691, 'a:2:{i:0;s:0:"";i:1;s:0:"";}'),
(692, 'a:2:{i:0;s:0:"";i:1;s:0:"";}'),
(693, 'a:2:{i:0;s:0:"";i:1;s:0:"";}'),
(694, 'a:2:{i:0;s:0:"";i:1;s:0:"";}'),
(695, 'a:2:{i:0;s:0:"";i:1;s:0:"";}'),
(696, 'a:2:{i:0;s:0:"";i:1;s:0:"";}'),
(697, 'a:2:{i:0;s:0:"";i:1;s:0:"";}'),
(698, 'a:2:{i:0;s:0:"";i:1;s:0:"";}'),
(699, 'a:2:{i:0;s:0:"";i:1;s:0:"";}'),
(700, 'a:2:{i:0;s:0:"";i:1;s:0:"";}'),
(701, 'a:2:{i:0;s:0:"";i:1;s:0:"";}'),
(702, 'a:2:{i:0;s:0:"";i:1;s:0:"";}'),
(703, 'a:2:{i:0;s:0:"";i:1;s:0:"";}'),
(704, 'a:2:{i:0;s:0:"";i:1;s:0:"";}'),
(705, 'a:2:{i:0;s:0:"";i:1;s:0:"";}'),
(706, 'a:2:{i:0;s:0:"";i:1;s:0:"";}'),
(707, 'a:2:{i:0;s:0:"";i:1;s:0:"";}'),
(708, 'a:2:{i:0;s:0:"";i:1;s:0:"";}'),
(709, 'a:2:{i:0;s:0:"";i:1;s:0:"";}'),
(710, 'a:2:{i:0;s:0:"";i:1;s:0:"";}');

-- --------------------------------------------------------

--
-- 表的结构 `ix_goods_type`
--

CREATE TABLE IF NOT EXISTS `ix_goods_type` (
  `id` int(10) unsigned NOT NULL AUTO_INCREMENT,
  `name` varchar(20) CHARACTER SET gbk NOT NULL,
  `parentid` int(10) unsigned NOT NULL,
  `lock` tinyint(1) NOT NULL,
  PRIMARY KEY (`id`)
) ENGINE=MyISAM  DEFAULT CHARSET=utf8 AUTO_INCREMENT=179 ;

--
-- 转存表中的数据 `ix_goods_type`
--

INSERT INTO `ix_goods_type` (`id`, `name`, `parentid`, `lock`) VALUES
(1, '货品分类', 0, 1),
(2, '工业无线遥控器', 1, 0),
(3, '超载限制器', 1, 0),
(24, '接收机', 20, 0),
(5, '禹鼎系列', 2, 0),
(6, '上海乔正', 3, 0),
(7, '无锡明业', 3, 0),
(8, 'F21-E1B   36V', 4, 0),
(9, 'F21-E1B 380V', 4, 0),
(16, 'F21-E1B  380V', 14, 0),
(15, 'F21-E1B  36V', 14, 0),
(19, '沙克系列', 2, 0),
(20, '配件', 1, 0),
(23, '发射器', 20, 0),
(25, '发射机外壳', 20, 0),
(26, '接收机外壳', 20, 0),
(27, '发射板', 20, 0),
(28, '接收板', 20, 0),
(29, '高频板', 20, 0),
(30, '皮套', 20, 0),
(31, '小钥匙', 20, 0),
(32, '变压器', 20, 0),
(33, '天线', 20, 0),
(34, '晶振', 20, 0),
(35, '按键', 20, 0),
(36, '继电器', 20, 0),
(37, '控制柜', 1, 0),
(38, '防撞仪', 1, 0),
(39, '限位开关', 1, 0),
(40, '多功能行程开关', 1, 0),
(41, '起升高度限制器', 1, 0),
(42, '滑触线', 1, 0),
(43, '滑触线指示灯', 1, 0),
(44, '推动器', 1, 0),
(45, '变频器', 1, 0),
(56, '可编程控制器', 1, 0),
(47, '台达变频器', 45, 0),
(48, 'ABB变频器', 45, 0),
(49, '松下变频器', 45, 0),
(50, '西门子变频器', 45, 0),
(51, 'PLC', 1, 0),
(57, '台达可编程控制器', 56, 0),
(53, '西门子PLC', 51, 0),
(54, '三菱PLC', 51, 0),
(55, '三菱变频器', 45, 0),
(58, '松下可编程控制器', 56, 0),
(59, '人机界面', 1, 0),
(60, '台达人机界面', 59, 0),
(61, '意大利GG', 2, 0),
(62, '深圳众力大', 3, 0),
(65, '索具套环', 1, 0),
(64, '接触组', 1, 0),
(66, '重型绳夹', 1, 0),
(67, '交流接触器', 1, 0),
(68, '辅助触头', 1, 0),
(69, '电笛', 1, 0),
(70, '微动开关', 1, 0),
(71, '光电传感器', 1, 0),
(72, '显示屏', 1, 0),
(73, '售后', 1, 0),
(74, '维修费', 73, 0),
(75, '安装费', 73, 0),
(76, '电路板', 20, 0),
(77, '冷压端头', 20, 0),
(78, '拷贝机', 20, 0),
(79, '数据线', 20, 0),
(80, '开关', 20, 0),
(81, '急停', 20, 0),
(82, 'KT板', 20, 0),
(83, '端子插头', 20, 0),
(119, '调程序', 73, 0),
(85, '发射后壳', 20, 0),
(86, '发射后盖', 20, 0),
(87, '保险丝', 20, 0),
(88, '指示灯', 20, 0),
(89, '保险底座', 20, 0),
(90, '干簧管', 20, 0),
(91, '电容', 20, 0),
(92, '4M晶振', 20, 0),
(93, '电源快接插头', 20, 0),
(94, '电源贴片', 20, 0),
(95, '按钮', 20, 0),
(96, '电阻', 20, 0),
(97, '电压比较器', 20, 0),
(98, '稳压器', 20, 0),
(99, '整流桥', 20, 0),
(100, '芯片', 20, 0),
(101, '二极管', 20, 0),
(102, '三极管', 20, 0),
(103, '上海乔正', 2, 0),
(104, '显示屏', 20, 0),
(106, '散热片', 20, 0),
(107, '安徽蚌埠', 3, 0),
(115, '高频板连接线', 20, 0),
(113, '发射后盖', 20, 0),
(112, '发射后壳', 20, 0),
(114, '电源贴片', 20, 0),
(116, '天线连接线', 20, 0),
(117, 'F21系列', 115, 0),
(118, '维修管理', 73, 0),
(120, 'F23系列连接线', 115, 0),
(121, '发射器纯外壳', 20, 0),
(122, '施耐德交流接触器', 67, 0),
(123, '施耐德辅助触头', 68, 0),
(124, '电源模块', 20, 0),
(125, '正泰交流接触器', 67, 0),
(126, '正泰辅助触头', 68, 0),
(127, '柜体', 20, 0),
(128, '接线端子', 20, 0),
(129, '阿波罗系列', 2, 0),
(130, '松下PLC', 51, 0),
(131, '施耐德光电传感器', 71, 0),
(132, '施耐德光电开关附件', 71, 0),
(133, '正泰旋转开关', 1, 0),
(134, '导轨', 20, 0),
(135, '线槽', 20, 0),
(136, '线鼻子', 20, 0),
(137, '开鼻', 20, 0),
(138, '电线', 20, 0),
(139, '柜子内件', 20, 0),
(140, '运费', 1, 0),
(141, '台达PLC', 51, 0),
(142, '安川变频器', 45, 0),
(143, '制动单元', 1, 0),
(144, '天水213', 67, 0),
(145, '天水213', 68, 0),
(146, '断路器', 1, 0),
(147, '天水213', 146, 0),
(148, '天水213', 36, 0),
(149, '空气延时头', 1, 0),
(150, '天水213', 149, 0),
(151, '天水213', 36, 0),
(152, '触摸屏', 1, 0),
(153, '仪表', 6, 0),
(154, '继电器板', 20, 0),
(155, '熔断器', 1, 0),
(156, '接线端子', 1, 0),
(157, '菲尼克斯', 156, 0),
(158, '减震灯具', 1, 0),
(159, '螺丝', 20, 0),
(160, '锁扣', 1, 0),
(161, '工控盒', 20, 0),
(162, '欧姆龙PLC', 51, 0),
(163, '台湾捷控', 2, 0),
(164, '传感器', 1, 0),
(165, '节能灯', 158, 0),
(166, '辅助触点', 20, 0),
(167, '电源组件', 20, 0),
(168, '防转套', 1, 0),
(169, '零配件', 20, 0),
(170, '声光报警器', 1, 0),
(172, '法国捷亿', 2, 0),
(173, '显示器', 1, 0),
(174, '调试费', 1, 0),
(175, '风速仪', 1, 0),
(177, 'U段', 20, 0),
(178, '航空插头', 20, 0);

-- --------------------------------------------------------

--
-- 表的结构 `ix_group`
--

CREATE TABLE IF NOT EXISTS `ix_group` (
  `gid` int(10) unsigned NOT NULL AUTO_INCREMENT,
  `name` varchar(20) NOT NULL,
  `tel` varchar(100) NOT NULL,
  `address` varchar(100) NOT NULL,
  `parentid` int(10) unsigned NOT NULL,
  `lock` tinyint(1) unsigned NOT NULL DEFAULT '0',
  PRIMARY KEY (`gid`),
  KEY `parentid` (`parentid`)
) ENGINE=MyISAM  DEFAULT CHARSET=utf8 AUTO_INCREMENT=9 ;

--
-- 转存表中的数据 `ix_group`
--

INSERT INTO `ix_group` (`gid`, `name`, `tel`, `address`, `parentid`, `lock`) VALUES
(1, '惠好特', '', '', 0, 1),
(2, '主仓库', '', '', 1, 0),
(3, '维修库', '', '', 1, 0),
(5, '成品库', '', '', 2, 0),
(6, '配件库', '', '', 2, 0),
(7, '配件库', '', '', 3, 0),
(8, '赠品库', '', '', 1, 0);

-- --------------------------------------------------------

--
-- 表的结构 `ix_group_good`
--

CREATE TABLE IF NOT EXISTS `ix_group_good` (
  `group` int(11) NOT NULL,
  `good` int(11) NOT NULL
) ENGINE=MyISAM DEFAULT CHARSET=utf8;

--
-- 转存表中的数据 `ix_group_good`
--

INSERT INTO `ix_group_good` (`group`, `good`) VALUES
(3, 210),
(2, 5),
(6, 12),
(5, 10),
(5, 11),
(5, 13),
(5, 14),
(5, 15),
(5, 16),
(5, 17),
(5, 18),
(5, 19),
(5, 20),
(5, 21),
(6, 22),
(6, 23),
(6, 24),
(6, 25),
(6, 26),
(6, 28),
(6, 29),
(5, 30),
(5, 31),
(5, 32),
(5, 33),
(5, 34),
(5, 35),
(5, 36),
(5, 37),
(5, 38),
(5, 39),
(5, 40),
(5, 41),
(5, 42),
(5, 43),
(5, 44),
(5, 45),
(5, 46),
(5, 47),
(5, 48),
(5, 49),
(5, 50),
(5, 51),
(5, 52),
(5, 53),
(5, 54),
(5, 55),
(5, 56),
(5, 57),
(5, 58),
(5, 59),
(5, 60),
(5, 61),
(5, 62),
(5, 63),
(5, 64),
(5, 65),
(5, 66),
(5, 67),
(5, 68),
(5, 69),
(5, 70),
(5, 71),
(5, 72),
(5, 73),
(5, 74),
(5, 75),
(5, 76),
(5, 77),
(6, 78),
(6, 79),
(6, 80),
(6, 81),
(6, 82),
(6, 83),
(6, 84),
(6, 85),
(6, 86),
(6, 87),
(6, 88),
(6, 89),
(6, 90),
(6, 91),
(6, 92),
(6, 93),
(6, 94),
(6, 95),
(6, 96),
(6, 97),
(6, 98),
(6, 99),
(6, 100),
(6, 101),
(6, 102),
(6, 103),
(6, 104),
(6, 105),
(6, 106),
(6, 107),
(5, 108),
(5, 110),
(5, 109),
(5, 111),
(5, 112),
(5, 113),
(5, 114),
(5, 115),
(5, 116),
(5, 117),
(5, 118),
(5, 119),
(5, 120),
(5, 121),
(5, 122),
(5, 123),
(5, 124),
(5, 125),
(5, 126),
(5, 127),
(5, 128),
(5, 129),
(5, 130),
(5, 131),
(5, 132),
(5, 133),
(5, 134),
(5, 135),
(5, 136),
(5, 137),
(5, 138),
(5, 139),
(5, 140),
(5, 141),
(5, 142),
(5, 143),
(5, 144),
(5, 145),
(5, 146),
(5, 147),
(5, 148),
(5, 149),
(5, 150),
(5, 151),
(5, 152),
(5, 153),
(5, 154),
(5, 155),
(5, 156),
(5, 157),
(5, 158),
(5, 159),
(5, 160),
(5, 161),
(5, 162),
(5, 163),
(5, 164),
(5, 165),
(5, 166),
(5, 167),
(5, 168),
(5, 169),
(5, 170),
(3, 171),
(3, 172),
(5, 173),
(5, 174),
(5, 175),
(5, 176),
(5, 177),
(5, 178),
(6, 179),
(6, 180),
(6, 181),
(6, 182),
(6, 183),
(6, 184),
(6, 185),
(6, 186),
(6, 187),
(6, 188),
(6, 189),
(6, 190),
(6, 191),
(6, 192),
(6, 193),
(6, 194),
(6, 195),
(5, 196),
(7, 200),
(6, 203),
(6, 204),
(7, 202),
(7, 201),
(7, 197),
(7, 198),
(7, 199),
(7, 205),
(7, 206),
(7, 207),
(7, 208),
(7, 209),
(7, 210),
(6, 211),
(7, 212),
(7, 213),
(6, 214),
(7, 215),
(7, 216),
(7, 217),
(7, 218),
(5, 219),
(5, 220),
(5, 221),
(7, 222),
(7, 223),
(7, 224),
(7, 225),
(7, 226),
(5, 227),
(6, 228),
(6, 229),
(6, 230),
(7, 231),
(6, 232),
(6, 331),
(6, 234),
(5, 330),
(7, 236),
(5, 237),
(7, 238),
(5, 239),
(5, 240),
(7, 241),
(5, 242),
(7, 243),
(7, 244),
(5, 245),
(7, 246),
(7, 247),
(7, 248),
(7, 249),
(7, 250),
(7, 251),
(7, 252),
(7, 253),
(7, 254),
(7, 255),
(7, 256),
(5, 257),
(7, 258),
(7, 259),
(7, 260),
(5, 261),
(7, 262),
(7, 263),
(7, 264),
(7, 265),
(7, 266),
(7, 267),
(7, 268),
(7, 269),
(7, 270),
(7, 271),
(7, 272),
(6, 273),
(7, 274),
(7, 275),
(7, 276),
(7, 277),
(7, 278),
(7, 279),
(7, 280),
(7, 281),
(7, 282),
(7, 283),
(7, 284),
(7, 285),
(7, 286),
(7, 287),
(7, 288),
(7, 289),
(7, 290),
(7, 291),
(5, 293),
(5, 294),
(5, 295),
(5, 296),
(5, 297),
(7, 298),
(7, 299),
(7, 300),
(7, 301),
(7, 302),
(7, 303),
(7, 304),
(7, 305),
(7, 306),
(7, 308),
(7, 309),
(7, 310),
(7, 311),
(7, 312),
(7, 313),
(7, 314),
(7, 315),
(7, 316),
(7, 317),
(7, 318),
(7, 319),
(7, 320),
(7, 321),
(7, 322),
(7, 323),
(7, 324),
(7, 326),
(7, 327),
(6, 328),
(6, 329),
(6, 332),
(6, 334),
(7, 22),
(7, 78),
(7, 84),
(7, 88),
(7, 91),
(7, 96),
(7, 100),
(7, 101),
(7, 104),
(7, 106),
(7, 228),
(5, 335),
(5, 336),
(6, 337),
(6, 338),
(6, 339),
(6, 340),
(6, 341),
(7, 342),
(5, 343),
(7, 344),
(6, 345),
(5, 346),
(6, 347),
(5, 348),
(5, 349),
(5, 350),
(5, 351),
(5, 352),
(5, 353),
(5, 354),
(5, 355),
(5, 356),
(6, 357),
(6, 358),
(6, 359),
(6, 360),
(6, 361),
(6, 362),
(5, 363),
(5, 364),
(5, 365),
(5, 366),
(5, 367),
(6, 368),
(6, 369),
(5, 370),
(5, 371),
(6, 372),
(5, 373),
(5, 374),
(5, 375),
(5, 376),
(5, 377),
(6, 378),
(6, 379),
(6, 380),
(6, 381),
(6, 382),
(7, 383),
(7, 384),
(7, 385),
(7, 386),
(7, 387),
(7, 307),
(7, 388),
(7, 389),
(7, 390),
(7, 391),
(6, 392),
(6, 393),
(6, 394),
(6, 395),
(6, 396),
(6, 397),
(6, 398),
(6, 399),
(6, 400),
(7, 401),
(7, 402),
(7, 403),
(6, 404),
(6, 405),
(6, 406),
(6, 407),
(6, 408),
(5, 409),
(5, 410),
(6, 411),
(6, 412),
(6, 413),
(6, 414),
(6, 415),
(5, 416),
(6, 417),
(6, 418),
(6, 419),
(6, 420),
(6, 421),
(5, 422),
(6, 423),
(6, 424),
(6, 425),
(6, 426),
(6, 427),
(6, 428),
(6, 429),
(5, 430),
(6, 431),
(6, 432),
(6, 433),
(6, 434),
(6, 435),
(6, 436),
(6, 437),
(6, 438),
(6, 439),
(6, 440),
(6, 441),
(6, 442),
(6, 443),
(6, 444),
(6, 445),
(6, 446),
(6, 447),
(6, 448),
(6, 449),
(6, 450),
(6, 451),
(5, 452),
(6, 453),
(5, 454),
(5, 455),
(5, 456),
(5, 457),
(6, 458),
(5, 459),
(5, 460),
(6, 461),
(6, 462),
(6, 463),
(6, 464),
(6, 465),
(6, 466),
(5, 467),
(5, 468),
(6, 469),
(6, 470),
(6, 471),
(6, 472),
(6, 473),
(5, 474),
(6, 475),
(5, 476),
(5, 477),
(5, 478),
(5, 479),
(5, 480),
(5, 481),
(5, 482),
(5, 483),
(5, 484),
(6, 485),
(5, 486),
(5, 487),
(5, 488),
(5, 489),
(5, 490),
(6, 491),
(6, 492),
(5, 493),
(5, 494),
(5, 495),
(5, 496),
(5, 497),
(6, 498),
(5, 499),
(6, 500),
(6, 501),
(6, 502),
(6, 503),
(6, 504),
(5, 505),
(5, 506),
(5, 507),
(5, 508),
(5, 509),
(5, 510),
(5, 511),
(5, 512),
(5, 513),
(5, 514),
(5, 515),
(5, 516),
(5, 517),
(5, 518),
(5, 519),
(5, 520),
(5, 521),
(5, 522),
(5, 523),
(5, 524),
(5, 525),
(6, 526),
(6, 527),
(5, 528),
(6, 529),
(5, 530),
(5, 531),
(6, 532),
(5, 533),
(7, 534),
(7, 535),
(7, 536),
(7, 537),
(7, 538),
(7, 539),
(7, 540),
(7, 541),
(7, 542),
(7, 543),
(7, 544),
(7, 545),
(7, 546),
(6, 547),
(6, 548),
(6, 549),
(5, 550),
(6, 551),
(5, 552),
(5, 553),
(5, 554),
(6, 555),
(5, 556),
(5, 557),
(5, 558),
(5, 559),
(5, 560),
(5, 561),
(5, 562),
(5, 563),
(7, 564),
(7, 565),
(7, 566),
(7, 567),
(5, 568),
(5, 569),
(5, 570),
(5, 571),
(5, 572),
(5, 573),
(6, 574),
(6, 575),
(6, 576),
(6, 577),
(6, 578),
(6, 579),
(6, 580),
(6, 581),
(7, 582),
(6, 583),
(6, 584),
(5, 585),
(5, 586),
(5, 587),
(5, 588),
(5, 589),
(5, 590),
(5, 591),
(6, 592),
(6, 593),
(6, 594),
(6, 595),
(5, 596),
(5, 597),
(5, 598),
(5, 599),
(5, 600),
(5, 601),
(5, 602),
(5, 603),
(5, 604),
(6, 605),
(7, 606),
(7, 607),
(7, 608),
(7, 609),
(7, 610),
(7, 611),
(6, 612),
(6, 613),
(6, 614),
(5, 615),
(5, 616),
(5, 617),
(6, 618),
(5, 619),
(6, 620),
(5, 621),
(5, 622),
(5, 623),
(7, 624),
(6, 625),
(6, 626),
(7, 627),
(7, 628),
(7, 629),
(7, 630),
(5, 631),
(6, 632),
(6, 633),
(6, 634),
(5, 635),
(7, 636),
(7, 637),
(7, 638),
(7, 639),
(7, 640),
(6, 641),
(7, 642),
(7, 643),
(5, 644),
(7, 645),
(5, 646),
(6, 647),
(5, 648),
(5, 649),
(5, 650),
(5, 651),
(5, 652),
(5, 653),
(5, 654),
(5, 655),
(5, 656),
(7, 657),
(5, 658),
(5, 659),
(6, 660),
(5, 661),
(5, 662),
(6, 663),
(6, 664),
(5, 665),
(5, 666),
(5, 667),
(5, 668),
(5, 669),
(6, 670),
(6, 671),
(7, 672),
(7, 673),
(7, 674),
(7, 675),
(7, 676),
(5, 677),
(5, 678),
(7, 679),
(5, 680),
(6, 681),
(6, 682),
(6, 683),
(6, 684),
(5, 685),
(5, 686),
(6, 687),
(6, 688),
(6, 689),
(6, 690),
(6, 691),
(6, 692),
(6, 693),
(5, 694),
(6, 695),
(6, 696),
(6, 697),
(7, 698),
(7, 699),
(7, 700),
(6, 701),
(6, 702),
(6, 703),
(5, 704),
(6, 705),
(5, 706),
(6, 707),
(5, 708),
(5, 709);

-- --------------------------------------------------------

--
-- 表的结构 `ix_group_info`
--

CREATE TABLE IF NOT EXISTS `ix_group_info` (
  `gid` int(10) unsigned NOT NULL AUTO_INCREMENT,
  `value` text NOT NULL,
  PRIMARY KEY (`gid`)
) ENGINE=MyISAM  DEFAULT CHARSET=utf8 AUTO_INCREMENT=3 ;

--
-- 转存表中的数据 `ix_group_info`
--

INSERT INTO `ix_group_info` (`gid`, `value`) VALUES
(2, 'a:2:{i:0;s:0:"";i:1;s:0:"";}');

-- --------------------------------------------------------

--
-- 表的结构 `ix_group_member`
--

CREATE TABLE IF NOT EXISTS `ix_group_member` (
  `gid` int(10) unsigned NOT NULL,
  `uid` int(10) unsigned NOT NULL,
  KEY `gid` (`gid`,`uid`)
) ENGINE=MyISAM DEFAULT CHARSET=utf8;

--
-- 转存表中的数据 `ix_group_member`
--

INSERT INTO `ix_group_member` (`gid`, `uid`) VALUES
(1, 1),
(1, 18),
(1, 35),
(2, 19),
(2, 20),
(2, 21),
(2, 25),
(3, 18),
(3, 19),
(3, 20),
(3, 25),
(3, 100000);

-- --------------------------------------------------------

--
-- 表的结构 `ix_inform`
--

CREATE TABLE IF NOT EXISTS `ix_inform` (
  `id` int(10) unsigned NOT NULL AUTO_INCREMENT,
  `title` varchar(200) NOT NULL,
  `content` text NOT NULL,
  `time` int(10) unsigned NOT NULL,
  `hide` tinyint(1) unsigned NOT NULL,
  PRIMARY KEY (`id`)
) ENGINE=MyISAM DEFAULT CHARSET=utf8 AUTO_INCREMENT=1 ;

-- --------------------------------------------------------

--
-- 表的结构 `ix_order`
--

CREATE TABLE IF NOT EXISTS `ix_order` (
  `id` int(10) unsigned NOT NULL AUTO_INCREMENT,
  `num` varchar(100) NOT NULL,
  `cors` int(10) unsigned NOT NULL,
  `type` tinyint(3) unsigned NOT NULL,
  `goods` text NOT NULL,
  `used` text NOT NULL,
  `material` text NOT NULL,
  `comment` text NOT NULL,
  `uid` int(10) unsigned NOT NULL,
  `time` int(10) unsigned NOT NULL,
  `audit` int(10) NOT NULL,
  `over` tinyint(1) unsigned NOT NULL DEFAULT '0',
  `sale` varchar(200) NOT NULL COMMENT '销售人员 多个用,隔开',
  `total` varchar(20) NOT NULL COMMENT '总价',
  `tax_total` varchar(20) NOT NULL,
  `income` varchar(20) NOT NULL COMMENT '提成',
  `sort` tinyint(4) NOT NULL COMMENT '1批发 2零售',
  `bill` int(11) NOT NULL COMMENT '发票提醒日期',
  `spare` int(11) NOT NULL COMMENT '余款提醒日期',
  `operator` varchar(100) NOT NULL COMMENT '经办人',
  `way` tinyint(4) NOT NULL,
  `bank` int(11) NOT NULL,
  `havemoney` varchar(20) NOT NULL,
  `express` varchar(30) NOT NULL,
  `code` varchar(30) NOT NULL,
  `tax` float(6,2) NOT NULL COMMENT '税率',
  `cost` float(11,2) NOT NULL COMMENT '成本',
  `coststock` text NOT NULL COMMENT '成本详细信息',
  PRIMARY KEY (`id`),
  KEY `type` (`type`,`uid`,`time`,`audit`)
) ENGINE=MyISAM  DEFAULT CHARSET=utf8 AUTO_INCREMENT=11 ;

--
-- 转存表中的数据 `ix_order`
--

INSERT INTO `ix_order` (`id`, `num`, `cors`, `type`, `goods`, `used`, `material`, `comment`, `uid`, `time`, `audit`, `over`, `sale`, `total`, `tax_total`, `income`, `sort`, `bill`, `spare`, `operator`, `way`, `bank`, `havemoney`, `express`, `code`, `tax`, `cost`, `coststock`) VALUES
(2, 'cgrk-201403170001', 68, 2, 'a:2:{s:5:"261_1";a:8:{s:5:"goods";s:3:"261";s:3:"num";d:25;s:5:"price";i:30000;s:5:"total";d:641026;s:6:"repair";N;s:3:"com";s:0:"";s:3:"tax";s:2:"17";s:9:"tax_total";d:108974;}s:4:"22_1";a:8:{s:5:"goods";s:2:"22";s:3:"num";d:5;s:5:"price";i:0;s:5:"total";d:0;s:6:"repair";N;s:3:"com";s:0:"";s:3:"tax";s:2:"17";s:9:"tax_total";i:0;}}', '', '', '<br>', 35, 1395024840, 35, 0, '35', '641026', '108974', '', 0, 0, 0, '', 0, 0, '0', 'D速', '', 17.00, 0.00, ''),
(3, 'cgrk-201403170002', 35, 2, 'a:1:{s:4:"74_1";a:8:{s:5:"goods";s:2:"74";s:3:"num";d:3;s:5:"price";i:23000;s:5:"total";d:69000;s:6:"repair";N;s:3:"com";s:0:"";s:3:"tax";s:0:"";s:9:"tax_total";i:0;}}', '', '', '<br>', 35, 1395024960, 35, 0, '35', '69000', '0', '', 0, 0, 0, '', 0, 0, '0', 'D速', '', 0.00, 0.00, ''),
(4, 'cgrk-201403170003', 45, 2, 'a:1:{s:4:"10_1";a:8:{s:5:"goods";s:2:"10";s:3:"num";d:20;s:5:"price";i:26300;s:5:"total";d:449573;s:6:"repair";N;s:3:"com";s:0:"";s:3:"tax";s:2:"17";s:9:"tax_total";d:76427;}}', '', '', '<br>', 35, 1395025020, 35, 0, '35', '449573', '76427', '', 0, 0, 0, '', 0, 0, '0', 'D速', '', 17.00, 0.00, ''),
(5, 'xsck-201403170001', 43, 3, 'a:1:{s:4:"10_1";a:8:{s:5:"goods";s:2:"10";s:3:"num";d:2;s:5:"price";i:63000;s:5:"total";d:107692;s:6:"repair";N;s:3:"com";s:0:"";s:3:"tax";s:2:"17";s:9:"tax_total";d:18308;}}', '', '', '<br>', 35, 1395025080, 35, 0, '35', '107692', '18308', '2520', 13, 0, 0, '', 0, 0, '0', 'D速', '', 17.00, 52600.00, 'a:1:{i:10;a:1:{i:6;a:2:{s:6:"detail";a:1:{i:5;a:7:{s:2:"id";s:1:"5";s:5:"goods";s:2:"10";s:10:"goods_name";s:15:"禹鼎遥控器";s:5:"group";s:1:"6";s:3:"num";i:2;s:5:"price";i:-26300;s:5:"rtime";s:10:"1395025095";}}s:3:"num";i:2;}}}'),
(6, 'xsck-201403170002', 37, 3, 'a:1:{s:4:"74_1";a:8:{s:5:"goods";s:2:"74";s:3:"num";d:3;s:5:"price";i:120000;s:5:"total";d:360000;s:6:"repair";N;s:3:"com";s:0:"";s:3:"tax";s:0:"";s:9:"tax_total";i:0;}}', '', '', '<br>', 35, 1395025200, 35, 0, '35', '360000', '0', '7200', 13, 0, 0, '', 0, 0, '0', 'D速', '', 0.00, 69000.00, 'a:1:{i:74;a:1:{i:5;a:2:{s:6:"detail";a:1:{i:4;a:7:{s:2:"id";s:1:"4";s:5:"goods";s:2:"74";s:10:"goods_name";s:15:"沙克遥控器";s:5:"group";s:1:"5";s:3:"num";d:3;s:5:"price";i:-23000;s:5:"rtime";s:10:"1395025045";}}s:3:"num";i:3;}}}'),
(7, 'scrk-201403170001', 74, 1, 'a:1:{s:4:"74_1";a:8:{s:5:"goods";s:2:"74";s:3:"num";d:12;s:5:"price";i:10000;s:5:"total";d:102564;s:6:"repair";N;s:3:"com";s:0:"";s:3:"tax";s:2:"17";s:9:"tax_total";d:17436;}}', '', '', '<br>', 35, 1395025380, 35, 0, '0', '102564', '17436', '', 0, 0, 0, '', 0, 0, '0', 'D速', '', 17.00, 0.00, ''),
(8, 'xsck-201403170003', 32, 3, 'a:1:{s:4:"10_1";a:8:{s:5:"goods";s:2:"10";s:3:"num";d:2;s:5:"price";i:62000;s:5:"total";d:105983;s:6:"repair";N;s:3:"com";s:0:"";s:3:"tax";s:2:"17";s:9:"tax_total";d:18017;}}', '', '', '<br>', 35, 1395025800, 35, 0, '19', '105983', '18017', '2480', 13, 0, 0, '', 0, 0, '0', 'D速', '', 17.00, 52600.00, 'a:1:{i:10;a:1:{i:6;a:2:{s:6:"detail";a:1:{i:5;a:7:{s:2:"id";s:1:"5";s:5:"goods";s:2:"10";s:10:"goods_name";s:15:"禹鼎遥控器";s:5:"group";s:1:"6";s:3:"num";i:2;s:5:"price";i:-26300;s:5:"rtime";s:10:"1395025095";}}s:3:"num";i:2;}}}'),
(9, 'xsck-201403180001', 71, 3, 'a:1:{s:4:"10_1";a:8:{s:5:"goods";s:2:"10";s:3:"num";d:1;s:5:"price";i:15000;s:5:"total";d:15000;s:6:"repair";N;s:3:"com";s:0:"";s:3:"tax";s:0:"";s:9:"tax_total";i:0;}}', '', '', '<br>', 35, 1395108240, 0, 0, '18', '15000', '0', '', 0, 0, 0, '', 0, 0, '0', '', '', 0.00, 0.00, ''),
(10, 'xsck-201403180002', 233, 3, 'a:1:{s:4:"10_1";a:8:{s:5:"goods";s:2:"10";s:3:"num";d:1;s:5:"price";i:12000;s:5:"total";d:12000;s:6:"repair";N;s:3:"com";s:0:"";s:3:"tax";s:4:"0.00";s:9:"tax_total";d:0;}}', '', '', '<br>', 35, 1395109440, 0, 0, '24', '12000', '0', '', 0, 0, 0, '', 0, 0, '0', '', '', 0.00, 0.00, '');

-- --------------------------------------------------------

--
-- 表的结构 `ix_parts`
--

CREATE TABLE IF NOT EXISTS `ix_parts` (
  `id` int(11) NOT NULL AUTO_INCREMENT,
  `operator` varchar(10) NOT NULL,
  `time` int(11) NOT NULL,
  `status` tinyint(4) NOT NULL,
  `comment` varchar(250) NOT NULL,
  `goods` text NOT NULL,
  `stock` text NOT NULL COMMENT '库存记录 用',
  `audit` int(11) NOT NULL,
  `addtime` int(11) NOT NULL,
  `uid` int(11) NOT NULL COMMENT '添加',
  PRIMARY KEY (`id`)
) ENGINE=MyISAM DEFAULT CHARSET=utf8 AUTO_INCREMENT=1 ;

-- --------------------------------------------------------

--
-- 表的结构 `ix_return`
--

CREATE TABLE IF NOT EXISTS `ix_return` (
  `id` int(10) unsigned NOT NULL AUTO_INCREMENT,
  `uid` int(11) NOT NULL,
  `num` varchar(20) NOT NULL COMMENT '订单单号',
  `type` tinyint(4) NOT NULL COMMENT '订单的分类',
  `sort` varchar(20) NOT NULL COMMENT '退换货的分类',
  `goods` text NOT NULL,
  `stocks` text NOT NULL,
  `comment` text NOT NULL,
  `time` int(11) NOT NULL,
  `rtime` int(11) NOT NULL,
  `audit` int(11) NOT NULL,
  `price` varchar(20) NOT NULL,
  `way` tinyint(4) NOT NULL,
  `bank` int(11) NOT NULL,
  `cors` int(11) NOT NULL,
  `cost` int(11) NOT NULL,
  `coststock` text NOT NULL,
  PRIMARY KEY (`id`)
) ENGINE=MyISAM  DEFAULT CHARSET=utf8 AUTO_INCREMENT=3 ;

--
-- 转存表中的数据 `ix_return`
--

INSERT INTO `ix_return` (`id`, `uid`, `num`, `type`, `sort`, `goods`, `stocks`, `comment`, `time`, `rtime`, `audit`, `price`, `way`, `bank`, `cors`, `cost`, `coststock`) VALUES
(1, 35, 'cgrk-201403170001', 2, '退货', 'a:1:{i:261;a:7:{s:5:"goods";s:3:"261";s:3:"num";s:2:"23";s:3:"com";s:0:"";s:4:"cost";s:9:"undefined";s:5:"price";s:5:"30000";s:4:"name";s:21:"上海乔正遥控器";s:5:"total";i:690000;}}', '', '<br>', 1395024840, 1395025283, 35, '690000', 0, 0, 68, 0, ''),
(2, 35, 'xsck-201403170001', 3, '退货', 'a:1:{i:10;a:6:{s:5:"goods";s:2:"10";s:3:"num";s:1:"2";s:3:"com";s:0:"";s:5:"price";s:5:"63000";s:4:"name";s:15:"禹鼎遥控器";s:5:"total";i:126000;}}', '', '<br>', 1395025080, 1395025317, 35, '126000', 0, 0, 43, 52600, 'a:1:{s:4:"10-6";a:1:{i:5;a:7:{s:2:"id";s:1:"5";s:5:"goods";s:2:"10";s:10:"goods_name";s:15:"禹鼎遥控器";s:5:"group";s:1:"6";s:3:"num";i:2;s:5:"price";i:-26300;s:5:"rtime";s:10:"1395025095";}}}');

-- --------------------------------------------------------

--
-- 表的结构 `ix_role`
--

CREATE TABLE IF NOT EXISTS `ix_role` (
  `id` int(10) unsigned NOT NULL AUTO_INCREMENT,
  `name` varchar(100) NOT NULL,
  `parentid` int(10) unsigned NOT NULL,
  `type` tinyint(1) unsigned NOT NULL DEFAULT '0',
  `lock` tinyint(1) unsigned NOT NULL DEFAULT '0',
  PRIMARY KEY (`id`)
) ENGINE=MyISAM  DEFAULT CHARSET=utf8 AUTO_INCREMENT=28 ;

--
-- 转存表中的数据 `ix_role`
--

INSERT INTO `ix_role` (`id`, `name`, `parentid`, `type`, `lock`) VALUES
(1, '管理员', 0, 0, 1),
(18, '采购部', 1, 0, 0),
(19, '销售部', 1, 0, 0),
(20, '仓管部', 1, 0, 0),
(21, '技术部', 1, 0, 0),
(22, '财务部', 1, 0, 0),
(23, '外贸部', 1, 0, 0),
(24, '人事部', 1, 0, 0),
(25, '财务一部', 22, 0, 0),
(26, '技术一部', 21, 0, 0),
(27, '技术二部', 21, 0, 0);

-- --------------------------------------------------------

--
-- 表的结构 `ix_role_node`
--

CREATE TABLE IF NOT EXISTS `ix_role_node` (
  `role` int(10) unsigned NOT NULL,
  `node` int(10) unsigned NOT NULL,
  KEY `role` (`role`),
  KEY `node` (`node`)
) ENGINE=MyISAM DEFAULT CHARSET=utf8;

--
-- 转存表中的数据 `ix_role_node`
--

INSERT INTO `ix_role_node` (`role`, `node`) VALUES
(1, 187),
(1, 152),
(1, 151),
(1, 150),
(1, 149),
(1, 148),
(1, 146),
(1, 145),
(1, 128),
(1, 127),
(1, 126),
(1, 125),
(1, 124),
(1, 123),
(1, 122),
(1, 118),
(1, 117),
(1, 116),
(1, 115),
(1, 114),
(1, 113),
(1, 112),
(1, 182),
(1, 177),
(1, 176),
(1, 161),
(1, 160),
(1, 159),
(1, 158),
(1, 157),
(1, 156),
(1, 155),
(1, 119),
(1, 111),
(1, 110),
(1, 109),
(1, 108),
(1, 107),
(1, 106),
(1, 105),
(1, 104),
(1, 103),
(1, 102),
(1, 101),
(1, 100),
(1, 98),
(1, 96),
(1, 55),
(1, 54),
(1, 53),
(1, 52),
(1, 51),
(1, 95),
(1, 50),
(1, 49),
(1, 48),
(1, 47),
(1, 46),
(1, 45),
(1, 94),
(1, 44),
(1, 29),
(1, 28),
(1, 27),
(1, 26),
(1, 25),
(1, 24),
(1, 23),
(1, 22),
(1, 20),
(1, 21),
(1, 133),
(1, 19),
(1, 18),
(1, 17),
(1, 16),
(1, 15),
(1, 14),
(1, 13),
(1, 12),
(1, 10),
(1, 11),
(1, 9),
(1, 8),
(1, 7),
(1, 144),
(1, 6),
(1, 5),
(1, 4),
(2, 70),
(2, 71),
(2, 72),
(2, 73),
(2, 74),
(2, 75),
(2, 62),
(2, 63),
(2, 64),
(2, 65),
(2, 66),
(2, 67),
(2, 68),
(2, 77),
(2, 78),
(2, 79),
(2, 80),
(2, 81),
(2, 82),
(2, 83),
(2, 38),
(2, 86),
(2, 39),
(2, 40),
(2, 41),
(2, 42),
(2, 43),
(2, 69),
(2, 85),
(2, 87),
(2, 88),
(2, 30),
(2, 37),
(2, 36),
(2, 31),
(2, 32),
(2, 33),
(2, 34),
(2, 35),
(2, 1),
(2, 7),
(2, 12),
(2, 18),
(2, 23),
(2, 44),
(2, 50),
(2, 51),
(2, 52),
(2, 53),
(2, 54),
(2, 55),
(2, 56),
(3, 70),
(3, 71),
(3, 72),
(3, 73),
(3, 74),
(3, 75),
(3, 76),
(3, 62),
(3, 63),
(3, 64),
(3, 65),
(3, 66),
(3, 67),
(3, 68),
(3, 77),
(3, 78),
(3, 79),
(3, 80),
(3, 81),
(3, 82),
(3, 83),
(3, 38),
(3, 86),
(3, 39),
(3, 40),
(3, 41),
(3, 42),
(3, 43),
(3, 69),
(3, 85),
(3, 87),
(3, 88),
(3, 30),
(3, 37),
(3, 36),
(3, 31),
(3, 32),
(3, 33),
(3, 34),
(3, 35),
(3, 1),
(3, 2),
(3, 3),
(3, 4),
(3, 5),
(3, 6),
(3, 7),
(3, 8),
(3, 9),
(3, 11),
(3, 10),
(3, 12),
(3, 18),
(3, 23),
(3, 44),
(3, 45),
(3, 46),
(3, 47),
(3, 48),
(3, 49),
(3, 50),
(3, 51),
(3, 52),
(3, 53),
(3, 54),
(3, 55),
(3, 56),
(3, 57),
(3, 58),
(3, 59),
(3, 60),
(3, 61),
(3, 84),
(3, 91),
(4, 61),
(4, 60),
(4, 59),
(4, 58),
(4, 57),
(4, 56),
(4, 55),
(4, 54),
(4, 53),
(4, 52),
(4, 51),
(4, 95),
(4, 50),
(4, 49),
(4, 48),
(4, 47),
(4, 46),
(4, 45),
(4, 94),
(4, 44),
(4, 29),
(4, 28),
(4, 27),
(4, 26),
(4, 25),
(4, 24),
(4, 23),
(4, 22),
(4, 21),
(4, 20),
(4, 19),
(4, 18),
(4, 17),
(4, 16),
(4, 15),
(4, 14),
(4, 13),
(4, 12),
(4, 10),
(4, 11),
(4, 9),
(4, 8),
(4, 7),
(4, 6),
(4, 5),
(4, 4),
(4, 3),
(4, 2),
(4, 1),
(4, 35),
(4, 34),
(4, 33),
(4, 32),
(4, 31),
(4, 36),
(4, 37),
(4, 30),
(4, 88),
(4, 87),
(4, 85),
(4, 69),
(4, 43),
(4, 42),
(4, 41),
(4, 40),
(4, 39),
(4, 86),
(4, 38),
(4, 83),
(4, 82),
(4, 81),
(4, 80),
(4, 79),
(4, 78),
(4, 77),
(4, 68),
(4, 67),
(4, 66),
(4, 65),
(4, 64),
(6, 55),
(6, 54),
(6, 53),
(6, 52),
(6, 51),
(6, 95),
(6, 50),
(6, 44),
(6, 23),
(6, 18),
(6, 12),
(6, 7),
(6, 1),
(6, 30),
(6, 38),
(6, 77),
(6, 62),
(6, 70),
(4, 63),
(4, 62),
(4, 76),
(4, 75),
(4, 74),
(4, 73),
(4, 72),
(4, 71),
(4, 70),
(1, 3),
(1, 2),
(6, 56),
(4, 84),
(4, 91),
(7, 91),
(7, 84),
(7, 61),
(7, 60),
(7, 59),
(7, 58),
(7, 57),
(7, 56),
(7, 55),
(7, 54),
(7, 53),
(7, 52),
(7, 51),
(7, 95),
(7, 50),
(7, 49),
(7, 48),
(7, 47),
(7, 46),
(7, 45),
(7, 94),
(7, 44),
(7, 29),
(7, 28),
(7, 27),
(7, 26),
(7, 25),
(7, 24),
(7, 23),
(7, 22),
(7, 21),
(7, 20),
(7, 19),
(7, 18),
(7, 17),
(7, 16),
(7, 15),
(7, 14),
(7, 13),
(7, 12),
(7, 10),
(7, 11),
(7, 9),
(7, 8),
(7, 7),
(7, 6),
(7, 5),
(7, 4),
(7, 3),
(7, 2),
(7, 1),
(7, 35),
(7, 34),
(7, 33),
(7, 32),
(7, 31),
(7, 36),
(7, 37),
(7, 30),
(7, 88),
(7, 87),
(7, 85),
(7, 69),
(7, 43),
(7, 42),
(7, 41),
(7, 40),
(7, 39),
(7, 86),
(7, 38),
(7, 83),
(7, 82),
(7, 81),
(7, 80),
(7, 79),
(7, 78),
(7, 77),
(7, 68),
(7, 67),
(7, 66),
(7, 65),
(7, 64),
(7, 63),
(7, 62),
(7, 76),
(7, 75),
(7, 74),
(7, 73),
(7, 72),
(7, 71),
(7, 70),
(8, 70),
(8, 62),
(8, 77),
(8, 38),
(8, 86),
(8, 39),
(8, 40),
(8, 41),
(8, 42),
(8, 43),
(8, 69),
(8, 85),
(8, 87),
(8, 88),
(8, 30),
(8, 1),
(8, 2),
(8, 3),
(8, 4),
(8, 5),
(8, 6),
(8, 7),
(8, 12),
(8, 18),
(8, 23),
(8, 44),
(8, 50),
(8, 56),
(9, 56),
(9, 50),
(9, 44),
(9, 29),
(9, 28),
(9, 27),
(9, 26),
(9, 25),
(9, 24),
(9, 23),
(9, 18),
(9, 17),
(9, 16),
(9, 15),
(9, 14),
(9, 13),
(9, 12),
(9, 7),
(9, 6),
(9, 5),
(9, 4),
(9, 3),
(9, 2),
(9, 1),
(9, 30),
(9, 88),
(9, 87),
(9, 85),
(9, 69),
(9, 43),
(9, 42),
(9, 41),
(9, 40),
(9, 39),
(9, 86),
(9, 38),
(9, 77),
(9, 62),
(9, 70),
(11, 70),
(11, 62),
(11, 77),
(11, 38),
(11, 86),
(11, 39),
(11, 40),
(11, 41),
(11, 42),
(11, 43),
(11, 69),
(11, 85),
(11, 87),
(11, 88),
(11, 30),
(11, 1),
(11, 2),
(11, 3),
(11, 4),
(11, 5),
(11, 6),
(11, 7),
(11, 12),
(11, 18),
(11, 23),
(11, 44),
(11, 50),
(11, 56),
(12, 70),
(12, 62),
(12, 63),
(12, 64),
(12, 65),
(12, 66),
(12, 67),
(12, 68),
(12, 77),
(12, 38),
(12, 86),
(12, 39),
(12, 40),
(12, 41),
(12, 42),
(12, 43),
(12, 69),
(12, 85),
(12, 87),
(12, 88),
(12, 30),
(12, 37),
(12, 36),
(12, 31),
(12, 32),
(12, 33),
(12, 34),
(12, 35),
(12, 1),
(12, 2),
(12, 3),
(12, 4),
(12, 5),
(12, 6),
(12, 7),
(12, 12),
(12, 18),
(12, 23),
(12, 44),
(12, 50),
(12, 56),
(13, 70),
(13, 71),
(13, 72),
(13, 73),
(13, 74),
(13, 75),
(13, 76),
(13, 62),
(13, 77),
(13, 38),
(13, 86),
(13, 39),
(13, 40),
(13, 41),
(13, 42),
(13, 43),
(13, 69),
(13, 85),
(13, 87),
(13, 88),
(13, 30),
(13, 1),
(13, 7),
(13, 12),
(13, 18),
(13, 23),
(13, 44),
(13, 50),
(13, 56),
(14, 70),
(14, 71),
(14, 72),
(14, 73),
(14, 74),
(14, 75),
(14, 76),
(14, 62),
(14, 63),
(14, 64),
(14, 65),
(14, 66),
(14, 67),
(14, 68),
(14, 77),
(14, 78),
(14, 79),
(14, 80),
(14, 81),
(14, 82),
(14, 83),
(14, 38),
(14, 86),
(14, 39),
(14, 40),
(14, 41),
(14, 42),
(14, 43),
(14, 69),
(14, 85),
(14, 87),
(14, 88),
(14, 30),
(14, 37),
(14, 36),
(14, 31),
(14, 32),
(14, 33),
(14, 34),
(14, 35),
(14, 1),
(14, 7),
(14, 8),
(14, 9),
(14, 11),
(14, 10),
(14, 12),
(14, 18),
(14, 23),
(14, 44),
(14, 94),
(14, 45),
(14, 46),
(14, 47),
(14, 48),
(14, 49),
(14, 50),
(14, 95),
(14, 51),
(14, 52),
(14, 53),
(14, 54),
(14, 55),
(14, 56),
(14, 57),
(14, 58),
(14, 59),
(14, 60),
(14, 61),
(14, 84),
(14, 91),
(15, 70),
(15, 71),
(15, 72),
(15, 73),
(15, 74),
(15, 75),
(15, 76),
(15, 62),
(15, 63),
(15, 64),
(15, 65),
(15, 66),
(15, 67),
(15, 68),
(15, 77),
(15, 78),
(15, 79),
(15, 80),
(15, 81),
(15, 82),
(15, 83),
(15, 38),
(15, 86),
(15, 39),
(15, 40),
(15, 41),
(15, 42),
(15, 43),
(15, 69),
(15, 85),
(15, 87),
(15, 88),
(15, 30),
(15, 37),
(15, 36),
(15, 31),
(15, 32),
(15, 33),
(15, 34),
(15, 35),
(15, 1),
(15, 7),
(15, 8),
(15, 9),
(15, 11),
(15, 10),
(15, 12),
(15, 18),
(15, 23),
(15, 44),
(15, 94),
(15, 45),
(15, 46),
(15, 47),
(15, 48),
(15, 49),
(15, 50),
(15, 95),
(15, 51),
(15, 52),
(15, 53),
(15, 54),
(15, 55),
(15, 56),
(15, 57),
(15, 58),
(15, 59),
(15, 60),
(15, 61),
(15, 84),
(15, 91),
(16, 70),
(16, 71),
(16, 72),
(16, 73),
(16, 74),
(16, 75),
(16, 76),
(16, 62),
(16, 63),
(16, 64),
(16, 65),
(16, 66),
(16, 67),
(16, 68),
(16, 77),
(16, 78),
(16, 79),
(16, 80),
(16, 81),
(16, 82),
(16, 83),
(16, 38),
(16, 86),
(16, 39),
(16, 40),
(16, 41),
(16, 42),
(16, 43),
(16, 69),
(16, 85),
(16, 87),
(16, 88),
(16, 30),
(16, 37),
(16, 36),
(16, 31),
(16, 32),
(16, 33),
(16, 34),
(16, 35),
(16, 1),
(16, 2),
(16, 3),
(16, 4),
(16, 5),
(16, 6),
(16, 7),
(16, 8),
(16, 9),
(16, 11),
(16, 10),
(16, 12),
(16, 13),
(16, 14),
(16, 15),
(16, 16),
(16, 17),
(16, 18),
(16, 23),
(16, 24),
(16, 25),
(16, 26),
(16, 27),
(16, 28),
(16, 29),
(16, 44),
(16, 94),
(16, 45),
(16, 46),
(16, 47),
(16, 48),
(16, 49),
(16, 50),
(16, 95),
(16, 51),
(16, 52),
(16, 53),
(16, 54),
(16, 55),
(16, 56),
(16, 57),
(16, 58),
(16, 59),
(16, 60),
(16, 61),
(16, 84),
(16, 91),
(17, 55),
(17, 54),
(17, 53),
(17, 52),
(17, 51),
(17, 95),
(17, 50),
(17, 49),
(17, 48),
(17, 47),
(17, 46),
(17, 45),
(17, 94),
(17, 44),
(17, 25),
(17, 24),
(17, 23),
(17, 18),
(17, 12),
(17, 10),
(17, 11),
(17, 9),
(17, 8),
(17, 7),
(17, 1),
(17, 35),
(17, 34),
(17, 33),
(17, 32),
(17, 31),
(17, 36),
(17, 37),
(17, 30),
(17, 88),
(17, 87),
(17, 85),
(17, 69),
(17, 43),
(17, 42),
(17, 41),
(17, 40),
(17, 39),
(17, 86),
(17, 38),
(17, 77),
(17, 64),
(17, 62),
(17, 70),
(17, 56),
(1, 1),
(1, 35),
(1, 34),
(1, 33),
(1, 32),
(1, 31),
(1, 36),
(1, 37),
(1, 30),
(1, 211),
(1, 210),
(1, 209),
(1, 208),
(1, 206),
(1, 205),
(1, 203),
(1, 202),
(1, 88),
(1, 87),
(1, 85),
(1, 69),
(1, 43),
(1, 42),
(1, 41),
(1, 40),
(1, 39),
(1, 86),
(1, 38),
(1, 178),
(1, 171),
(1, 170),
(1, 154),
(1, 153),
(1, 132),
(1, 131),
(1, 130),
(1, 129),
(1, 120),
(1, 83),
(1, 212),
(1, 82),
(1, 81),
(1, 80),
(1, 79),
(1, 78),
(1, 77),
(1, 68),
(1, 67),
(1, 66),
(1, 65),
(1, 64),
(1, 63),
(1, 62),
(1, 180),
(1, 179),
(1, 175),
(1, 174),
(1, 169),
(1, 168),
(1, 166),
(1, 165),
(1, 164),
(1, 163),
(1, 76),
(1, 75),
(1, 74),
(1, 73),
(1, 72),
(1, 71),
(1, 70),
(1, 201),
(1, 199),
(1, 190),
(1, 198),
(1, 189),
(1, 197),
(1, 196),
(1, 195),
(1, 194),
(1, 186),
(1, 185),
(1, 184),
(22, 182),
(18, 110),
(22, 177),
(26, 145),
(20, 148),
(18, 107),
(18, 106),
(25, 152),
(25, 151),
(25, 150),
(25, 148),
(25, 146),
(25, 145),
(25, 122),
(25, 112),
(25, 182),
(25, 177),
(25, 176),
(25, 159),
(25, 119),
(25, 111),
(25, 106),
(25, 105),
(25, 100),
(25, 96),
(25, 55),
(25, 51),
(25, 50),
(25, 49),
(25, 45),
(25, 44),
(25, 25),
(25, 24),
(25, 23),
(25, 18),
(25, 12),
(25, 11),
(25, 9),
(25, 8),
(25, 7),
(25, 1),
(25, 32),
(25, 36),
(25, 30),
(25, 208),
(23, 145),
(23, 122),
(23, 112),
(23, 105),
(25, 205),
(25, 203),
(25, 202),
(25, 85),
(25, 69),
(25, 42),
(25, 41),
(22, 152),
(22, 151),
(22, 150),
(22, 146),
(22, 145),
(22, 122),
(22, 112),
(1, 183),
(1, 173),
(1, 172),
(1, 167),
(1, 162),
(1, 143),
(1, 142),
(25, 39),
(25, 86),
(25, 38),
(25, 178),
(25, 171),
(25, 154),
(25, 153),
(25, 129),
(18, 105),
(23, 96),
(25, 120),
(22, 176),
(22, 161),
(22, 159),
(22, 156),
(1, 141),
(1, 140),
(18, 96),
(27, 145),
(27, 128),
(27, 127),
(27, 125),
(27, 124),
(27, 123),
(27, 122),
(27, 118),
(27, 117),
(27, 115),
(27, 114),
(27, 113),
(27, 112),
(27, 182),
(27, 177),
(27, 176),
(27, 161),
(27, 159),
(27, 156),
(27, 155),
(27, 119),
(27, 111),
(27, 110),
(27, 107),
(27, 106),
(27, 105),
(27, 96),
(27, 50),
(27, 49),
(27, 45),
(27, 44),
(27, 25),
(27, 24),
(27, 23),
(27, 18),
(27, 12),
(27, 11),
(27, 9),
(27, 7),
(25, 82),
(25, 78),
(25, 77),
(25, 63),
(25, 62),
(25, 180),
(25, 179),
(25, 175),
(25, 174),
(25, 169),
(25, 163),
(25, 75),
(25, 71),
(25, 70),
(25, 201),
(25, 199),
(25, 190),
(25, 198),
(25, 189),
(25, 197),
(25, 196),
(25, 195),
(25, 194),
(25, 186),
(25, 185),
(25, 184),
(22, 155),
(22, 119),
(22, 108),
(18, 55),
(18, 53),
(27, 1),
(18, 52),
(18, 51),
(18, 95),
(1, 139),
(25, 183),
(18, 50),
(18, 49),
(26, 125),
(26, 124),
(26, 123),
(26, 122),
(26, 112),
(27, 34),
(27, 33),
(27, 32),
(27, 31),
(27, 36),
(27, 37),
(26, 182),
(26, 177),
(26, 176),
(26, 161),
(18, 47),
(27, 30),
(22, 107),
(22, 106),
(22, 105),
(22, 103),
(22, 100),
(22, 98),
(22, 96),
(22, 55),
(22, 52),
(22, 51),
(22, 95),
(22, 50),
(22, 49),
(22, 46),
(22, 45),
(22, 94),
(22, 44),
(22, 26),
(22, 25),
(22, 24),
(22, 23),
(22, 18),
(22, 12),
(22, 11),
(22, 9),
(22, 7),
(22, 144),
(22, 6),
(22, 3),
(22, 2),
(22, 1),
(22, 33),
(22, 32),
(22, 31),
(22, 36),
(22, 37),
(22, 30),
(22, 88),
(22, 87),
(22, 85),
(22, 69),
(22, 43),
(22, 42),
(22, 41),
(22, 40),
(22, 39),
(22, 86),
(22, 38),
(22, 178),
(22, 171),
(22, 154),
(22, 153),
(22, 131),
(22, 130),
(22, 129),
(22, 120),
(22, 83),
(22, 82),
(22, 80),
(22, 79),
(22, 78),
(22, 77),
(22, 67),
(22, 65),
(22, 64),
(22, 63),
(22, 62),
(22, 180),
(22, 179),
(22, 175),
(22, 174),
(22, 169),
(22, 168),
(22, 165),
(22, 164),
(22, 163),
(22, 76),
(22, 75),
(22, 73),
(22, 72),
(22, 71),
(22, 70),
(22, 201),
(22, 199),
(22, 190),
(22, 198),
(22, 189),
(22, 197),
(22, 196),
(22, 195),
(22, 194),
(22, 186),
(22, 185),
(22, 184),
(22, 183),
(22, 173),
(22, 172),
(22, 167),
(22, 162),
(22, 143),
(22, 142),
(22, 141),
(22, 140),
(22, 139),
(22, 138),
(22, 137),
(22, 136),
(22, 135),
(22, 134),
(22, 91),
(22, 84),
(23, 50),
(23, 49),
(23, 46),
(23, 45),
(23, 94),
(23, 44),
(23, 25),
(23, 23),
(23, 18),
(23, 12),
(23, 11),
(23, 9),
(23, 7),
(23, 56),
(23, 144),
(23, 1),
(23, 32),
(23, 36),
(23, 30),
(23, 38),
(23, 82),
(23, 79),
(23, 78),
(23, 77),
(23, 62),
(23, 70),
(25, 173),
(25, 172),
(25, 167),
(22, 61),
(18, 46),
(18, 45),
(18, 94),
(18, 44),
(18, 25),
(18, 23),
(20, 145),
(20, 128),
(20, 127),
(20, 125),
(20, 124),
(20, 123),
(20, 122),
(20, 118),
(20, 117),
(20, 114),
(20, 113),
(20, 112),
(20, 182),
(20, 177),
(20, 176),
(20, 161),
(20, 160),
(20, 159),
(20, 156),
(20, 155),
(20, 111),
(20, 106),
(20, 105),
(20, 96),
(20, 50),
(20, 49),
(20, 48),
(20, 47),
(20, 46),
(20, 45),
(20, 94),
(20, 44),
(20, 25),
(20, 24),
(20, 23),
(20, 20),
(20, 18),
(20, 12),
(20, 11),
(20, 9),
(20, 7),
(20, 144),
(20, 6),
(20, 3),
(20, 2),
(20, 1),
(20, 35),
(20, 34),
(20, 33),
(20, 32),
(20, 31),
(20, 36),
(20, 37),
(20, 30),
(20, 205),
(18, 18),
(18, 12),
(18, 11),
(18, 9),
(18, 7),
(18, 144),
(18, 4),
(18, 3),
(18, 2),
(18, 1),
(18, 34),
(18, 33),
(18, 32),
(18, 31),
(18, 36),
(18, 37),
(18, 30),
(18, 208),
(18, 206),
(18, 205),
(18, 203),
(18, 202),
(18, 88),
(18, 85),
(18, 69),
(18, 42),
(18, 41),
(18, 40),
(18, 39),
(18, 86),
(18, 38),
(18, 178),
(18, 171),
(18, 170),
(18, 153),
(18, 130),
(18, 129),
(18, 120),
(18, 83),
(18, 82),
(18, 79),
(18, 78),
(18, 77),
(18, 191),
(18, 68),
(18, 67),
(18, 64),
(18, 63),
(18, 62),
(19, 122),
(19, 112),
(19, 105),
(19, 96),
(19, 50),
(19, 49),
(19, 45),
(19, 94),
(19, 44),
(19, 25),
(19, 24),
(19, 23),
(19, 18),
(19, 12),
(19, 11),
(19, 9),
(19, 7),
(19, 1),
(19, 32),
(19, 31),
(19, 36),
(19, 30),
(19, 85),
(19, 86),
(19, 38),
(19, 171),
(19, 120),
(19, 82),
(19, 79),
(19, 78),
(19, 77),
(19, 62),
(19, 70),
(19, 56),
(20, 203),
(22, 60),
(22, 59),
(22, 58),
(22, 57),
(22, 192),
(22, 56),
(25, 162),
(1, 138),
(20, 88),
(20, 85),
(20, 69),
(20, 42),
(20, 41),
(20, 40),
(20, 39),
(20, 86),
(20, 38),
(20, 178),
(20, 171),
(20, 170),
(20, 153),
(25, 143),
(20, 130),
(20, 129),
(20, 120),
(20, 83),
(20, 82),
(25, 142),
(20, 79),
(20, 78),
(20, 77),
(20, 191),
(27, 208),
(27, 69),
(27, 41),
(27, 39),
(27, 38),
(27, 82),
(27, 79),
(27, 78),
(27, 77),
(27, 62),
(27, 70),
(27, 56),
(20, 68),
(20, 67),
(20, 63),
(20, 62),
(20, 180),
(20, 179),
(20, 169),
(20, 168),
(20, 76),
(20, 75),
(20, 74),
(26, 159),
(26, 156),
(26, 155),
(26, 119),
(26, 111),
(26, 110),
(26, 107),
(26, 106),
(26, 105),
(26, 96),
(26, 55),
(26, 51),
(26, 50),
(26, 49),
(26, 45),
(26, 44),
(26, 25),
(26, 24),
(26, 23),
(26, 18),
(26, 12),
(26, 11),
(26, 9),
(26, 7),
(26, 144),
(26, 6),
(26, 1),
(26, 32),
(26, 36),
(26, 37),
(26, 30),
(26, 208),
(26, 85),
(26, 41),
(26, 39),
(26, 86),
(26, 38),
(26, 153),
(26, 82),
(26, 79),
(26, 78),
(26, 77),
(26, 62),
(26, 70),
(26, 56),
(20, 73),
(20, 72),
(20, 71),
(25, 141),
(25, 140),
(25, 139),
(25, 138),
(25, 137),
(25, 136),
(25, 135),
(25, 134),
(25, 91),
(25, 84),
(25, 61),
(25, 60),
(25, 59),
(20, 70),
(1, 137),
(1, 136),
(1, 135),
(1, 134),
(1, 91),
(1, 84),
(1, 61),
(1, 60),
(1, 59),
(18, 180),
(18, 179),
(18, 175),
(18, 174),
(18, 169),
(18, 168),
(18, 164),
(18, 163),
(18, 76),
(18, 75),
(20, 56),
(20, 151),
(20, 187),
(25, 58),
(25, 57),
(25, 192),
(25, 56),
(18, 72),
(18, 71),
(18, 70),
(18, 56),
(25, 187),
(19, 145),
(18, 111),
(18, 119),
(18, 155),
(18, 156),
(18, 159),
(18, 160),
(18, 161),
(18, 176),
(18, 177),
(18, 182),
(18, 112),
(18, 113),
(18, 114),
(18, 117),
(18, 118),
(18, 122),
(18, 123),
(18, 125),
(18, 127),
(18, 128),
(18, 145),
(1, 58),
(1, 57),
(1, 192),
(1, 56);

-- --------------------------------------------------------

--
-- 表的结构 `ix_service`
--

CREATE TABLE IF NOT EXISTS `ix_service` (
  `id` int(10) unsigned NOT NULL AUTO_INCREMENT,
  `num` varchar(100) NOT NULL,
  `cors` int(10) unsigned NOT NULL,
  `type` tinyint(1) unsigned NOT NULL,
  `goods` text NOT NULL,
  `used` text NOT NULL,
  `material` text NOT NULL,
  `comment` text NOT NULL,
  `uid` int(10) unsigned NOT NULL,
  `time` int(10) unsigned NOT NULL,
  `audit` int(10) NOT NULL,
  `over` tinyint(1) unsigned NOT NULL DEFAULT '0',
  `total` varchar(20) NOT NULL,
  `tax_total` varchar(20) NOT NULL,
  `responsible` varchar(20) NOT NULL COMMENT '负责人',
  `income1` varchar(20) NOT NULL COMMENT '提成',
  `sort1` tinyint(4) NOT NULL COMMENT '1批发 2零售',
  `way` tinyint(4) NOT NULL,
  `bank` int(11) NOT NULL,
  `havemoney` varchar(20) NOT NULL,
  `service` varchar(20) NOT NULL,
  `express` varchar(20) NOT NULL,
  `code` varchar(40) NOT NULL,
  `income2` varchar(30) NOT NULL,
  `sort2` varchar(10) NOT NULL,
  `cost` float(11,2) NOT NULL COMMENT '成本',
  `coststock` text NOT NULL COMMENT '成本仓库明细',
  PRIMARY KEY (`id`),
  KEY `type` (`type`,`uid`,`time`,`audit`)
) ENGINE=MyISAM  DEFAULT CHARSET=utf8 AUTO_INCREMENT=6 ;

--
-- 转存表中的数据 `ix_service`
--

INSERT INTO `ix_service` (`id`, `num`, `cors`, `type`, `goods`, `used`, `material`, `comment`, `uid`, `time`, `audit`, `over`, `total`, `tax_total`, `responsible`, `income1`, `sort1`, `way`, `bank`, `havemoney`, `service`, `express`, `code`, `income2`, `sort2`, `cost`, `coststock`) VALUES
(1, 'wxgl-201403170001', 33, 1, 'a:1:{s:4:"10_1";a:9:{s:5:"goods";s:2:"10";s:3:"num";d:1;s:5:"price";i:30000;s:5:"total";d:25641;s:3:"tax";s:2:"17";s:9:"tax_total";d:4359;s:6:"repair";s:0:"";s:7:"rePrice";i:0;s:3:"com";s:0:"";}}', 'a:1:{i:0;a:3:{s:5:"group";i:3;s:5:"goods";s:2:"10";s:4:"used";d:1;}}', '', '', 35, 1395025320, 35, 0, '25641', '4359', '', '0', 20, 0, 0, '0', '', 'D速', '', '300', '8', 26300.00, 'a:1:{i:10;a:1:{i:6;a:2:{s:6:"detail";a:1:{i:5;a:7:{s:2:"id";s:1:"5";s:5:"goods";s:2:"10";s:10:"goods_name";s:15:"禹鼎遥控器";s:5:"group";s:1:"6";s:3:"num";d:1;s:5:"price";i:-26300;s:5:"rtime";s:10:"1395025095";}}s:3:"num";d:1;}}}'),
(2, 'wxgl-201403170002', 51, 1, 'a:1:{s:4:"74_1";a:9:{s:5:"goods";s:2:"74";s:3:"num";d:1;s:5:"price";i:250000;s:5:"total";d:250000;s:3:"tax";s:0:"";s:9:"tax_total";i:0;s:6:"repair";s:0:"";s:7:"rePrice";i:0;s:3:"com";s:0:"";}}', 'a:1:{i:0;a:3:{s:5:"group";i:3;s:5:"goods";s:2:"74";s:4:"used";d:1;}}', '', '', 35, 1395025380, 35, 0, '250000', '0', '', '0', 23, 0, 0, '0', '', 'D速', '', '5000', '7', 10000.00, 'a:1:{i:74;a:1:{i:7;a:2:{s:6:"detail";a:1:{i:11;a:7:{s:2:"id";s:2:"11";s:5:"goods";s:2:"74";s:10:"goods_name";s:15:"沙克遥控器";s:5:"group";s:1:"7";s:3:"num";d:1;s:5:"price";i:-10000;s:5:"rtime";s:10:"1395025464";}}s:3:"num";d:1;}}}'),
(3, 'wxgl-201403170003', 32, 1, 'a:1:{s:4:"74_1";a:9:{s:5:"goods";s:2:"74";s:3:"num";d:2;s:5:"price";i:30000;s:5:"total";d:51282;s:3:"tax";s:2:"17";s:9:"tax_total";d:8718;s:6:"repair";s:0:"";s:7:"rePrice";i:0;s:3:"com";s:0:"";}}', 'a:1:{i:0;a:3:{s:5:"group";i:3;s:5:"goods";s:2:"74";s:4:"used";d:2;}}', '', '', 35, 1395025500, 35, 0, '51282', '8718', '', '0', 24, 0, 0, '0', '', 'D速', '', '1200', '9', 20000.00, 'a:1:{i:74;a:1:{i:7;a:2:{s:6:"detail";a:1:{i:11;a:7:{s:2:"id";s:2:"11";s:5:"goods";s:2:"74";s:10:"goods_name";s:15:"沙克遥控器";s:5:"group";s:1:"7";s:3:"num";d:2;s:5:"price";i:-10000;s:5:"rtime";s:10:"1395025464";}}s:3:"num";d:2;}}}'),
(4, 'wxgl-201403170004', 32, 1, 'a:1:{s:4:"22_1";a:9:{s:5:"goods";s:2:"22";s:3:"num";d:2;s:5:"price";i:12000;s:5:"total";d:24000;s:3:"tax";s:0:"";s:9:"tax_total";i:0;s:6:"repair";s:0:"";s:7:"rePrice";i:0;s:3:"com";s:0:"";}}', 'a:1:{i:0;a:3:{s:5:"group";i:3;s:5:"goods";s:2:"22";s:4:"used";d:2;}}', '', '', 35, 1395025500, 35, 0, '24000', '0', '', '0', 20, 0, 0, '0', '', 'D速', '', '480', '7', 0.00, 'a:1:{i:22;a:1:{i:8;a:2:{s:6:"detail";a:1:{i:3;a:7:{s:2:"id";s:1:"3";s:5:"goods";s:2:"22";s:10:"goods_name";s:9:"发射器";s:5:"group";s:1:"8";s:3:"num";d:2;s:5:"price";i:0;s:5:"rtime";s:10:"1395024946";}}s:3:"num";d:2;}}}'),
(5, 'wxgl-201403170005', 33, 1, 'a:1:{s:4:"78_1";a:9:{s:5:"goods";s:2:"78";s:3:"num";d:1;s:5:"price";i:14000;s:5:"total";d:14000;s:3:"tax";s:0:"";s:9:"tax_total";i:0;s:6:"repair";s:0:"";s:7:"rePrice";i:0;s:3:"com";s:0:"";}}', 'a:1:{i:0;a:3:{s:5:"group";i:3;s:5:"goods";s:2:"78";s:4:"used";d:1;}}', '', '', 35, 1395025680, 35, 0, '14000', '0', '', '0', 20, 0, 0, '0', '', 'D速', '', '280', '7', 0.00, 'a:1:{i:78;a:1:{i:7;a:2:{s:6:"detail";a:1:{i:16;a:7:{s:2:"id";s:2:"16";s:5:"goods";s:2:"78";s:10:"goods_name";s:15:"发射器外壳";s:5:"group";s:1:"7";s:3:"num";d:1;s:5:"price";i:0;s:5:"rtime";s:10:"1395025671";}}s:3:"num";d:1;}}}');

-- --------------------------------------------------------

--
-- 表的结构 `ix_split`
--

CREATE TABLE IF NOT EXISTS `ix_split` (
  `id` int(10) unsigned NOT NULL AUTO_INCREMENT,
  `num` varchar(100) NOT NULL,
  `cors` int(10) unsigned NOT NULL,
  `type` varchar(7) NOT NULL,
  `goods` text NOT NULL,
  `used` text NOT NULL,
  `material` text NOT NULL,
  `comment` text NOT NULL,
  `uid` int(10) unsigned NOT NULL,
  `time` int(10) unsigned NOT NULL,
  `audit` int(10) NOT NULL,
  `coststock` text NOT NULL COMMENT '耗费详情',
  PRIMARY KEY (`id`),
  KEY `type` (`type`,`uid`,`time`,`audit`)
) ENGINE=MyISAM  DEFAULT CHARSET=utf8 AUTO_INCREMENT=2 ;

--
-- 转存表中的数据 `ix_split`
--

INSERT INTO `ix_split` (`id`, `num`, `cors`, `type`, `goods`, `used`, `material`, `comment`, `uid`, `time`, `audit`, `coststock`) VALUES
(1, 'cfgl-201403170001', 0, 'split', 'a:1:{i:22;a:4:{s:5:"goods";s:2:"22";s:3:"num";d:1;s:3:"com";s:0:"";s:5:"stock";a:1:{i:0;a:3:{s:5:"group";s:1:"8";s:3:"num";i:-1;s:5:"price";i:0;}}}}', 'a:2:{i:78;a:4:{s:5:"goods";s:2:"78";s:4:"used";i:1;s:3:"com";s:0:"";s:5:"stock";a:1:{i:0;a:3:{s:5:"group";s:1:"7";s:3:"num";i:1;s:5:"price";i:0;}}}i:82;a:4:{s:5:"goods";s:2:"82";s:4:"used";i:1;s:3:"com";s:0:"";s:5:"stock";a:1:{i:0;a:3:{s:5:"group";s:1:"7";s:3:"num";i:1;s:5:"price";i:0;}}}}', '', '<br>', 35, 1395025620, 35, 'a:1:{i:22;a:1:{i:8;a:2:{s:6:"detail";a:1:{i:3;a:7:{s:2:"id";s:1:"3";s:5:"goods";s:2:"22";s:10:"goods_name";s:9:"发射器";s:5:"group";s:1:"8";s:3:"num";i:1;s:5:"price";i:0;s:5:"rtime";s:10:"1395024946";}}s:3:"num";s:1:"1";}}}');

-- --------------------------------------------------------

--
-- 表的结构 `ix_stock`
--

CREATE TABLE IF NOT EXISTS `ix_stock` (
  `id` int(10) unsigned NOT NULL AUTO_INCREMENT,
  `goods` int(10) unsigned NOT NULL,
  `goods_name` varchar(100) NOT NULL,
  `group` int(10) unsigned NOT NULL,
  `num` float NOT NULL,
  `price` int(10) NOT NULL,
  `time` int(10) unsigned NOT NULL,
  `uid` int(10) unsigned NOT NULL COMMENT '记录人',
  `rtime` int(10) unsigned NOT NULL COMMENT '记录时间',
  `comment` text NOT NULL,
  `order` int(10) unsigned NOT NULL,
  `audit` int(10) unsigned NOT NULL DEFAULT '0',
  `come` varchar(10) NOT NULL COMMENT '来源',
  `money` varchar(30) NOT NULL,
  `mType` varchar(20) NOT NULL,
  PRIMARY KEY (`id`),
  KEY `uid` (`uid`,`rtime`),
  KEY `order` (`order`),
  KEY `goods` (`goods`,`num`,`time`,`group`,`audit`)
) ENGINE=MyISAM  DEFAULT CHARSET=utf8 AUTO_INCREMENT=20 ;

--
-- 转存表中的数据 `ix_stock`
--

INSERT INTO `ix_stock` (`id`, `goods`, `goods_name`, `group`, `num`, `price`, `time`, `uid`, `rtime`, `comment`, `order`, `audit`, `come`, `money`, `mType`) VALUES
(2, 261, '上海乔正遥控器', 5, 25, -750000, 1395024946, 35, 1395024946, '采购入库 (cgrk-201403170001)', 2, 35, 'order', '-750000', '实付'),
(3, 22, '发射器', 8, 5, 0, 1395024946, 35, 1395024946, '采购入库 (cgrk-201403170001)', 2, 35, 'order', '0', '实付'),
(4, 74, '沙克遥控器', 5, 3, -69000, 1394985600, 35, 1395025045, '采购入库 (cgrk-201403170002)', 3, 35, 'order', '0', '实付'),
(5, 10, '禹鼎遥控器', 6, 20, 526000, 1394985600, 35, 1395027123, '采购入库 (cgrk-201403170003)', 4, 35, 'order', '26000', '实付'),
(6, 10, '禹鼎遥控器', 6, -2, 126000, 1395025193, 35, 1395025193, '销售出库 (xsck-201403170001)', 5, 35, 'order', '126000', '实收'),
(7, 74, '沙克遥控器', 5, -3, 360000, 1394985600, 35, 1395025259, '销售出库 (xsck-201403170002)', 6, 35, 'order', '0', '实收'),
(8, 261, '上海乔正遥控器', 5, -23, 690000, 1395025291, 35, 1395025291, '采购退货出库 (cgrk-201403170001)', 1, 35, 'return', '690000', '实收'),
(9, 10, '禹鼎遥控器', 6, 2, -126000, 1395025324, 35, 1395025324, '销售退货入库 (xsck-201403170001)', 2, 35, 'return', '-126000', '实付'),
(10, 10, '禹鼎遥控器', 6, -1, 30000, 1395025383, 35, 1395025383, '维修管理 (wxgl-201403170001)', 1, 35, 'service', '30000', '实收'),
(11, 74, '沙克遥控器', 7, 12, -120000, 1395025464, 35, 1395025464, '生产入库 (scrk-201403170001)', 7, 35, 'order', '-120000', '实付'),
(12, 74, '沙克遥控器', 7, -1, 250000, 1395025485, 35, 1395025485, '维修管理 (wxgl-201403170002)', 2, 35, 'service', '250000', '实收'),
(13, 74, '沙克遥控器', 7, -2, 60000, 1395025545, 35, 1395025545, '维修管理 (wxgl-201403170003)', 3, 35, 'service', '60000', '实收'),
(14, 22, '发射器', 8, -2, 24000, 1395025587, 35, 1395025587, '维修管理 (wxgl-201403170004)', 4, 35, 'service', '24000', '实收'),
(15, 22, '发射器', 8, -1, 0, 1395025620, 35, 1395025671, '拆分--成品--', 1, 35, 'split', '0', '实收'),
(16, 78, '发射器外壳', 7, 1, 0, 1395025620, 35, 1395025671, '拆分--原材料--', 1, 35, 'split', '0', '实付'),
(17, 82, '发射板', 7, 1, 0, 1395025620, 35, 1395025671, '拆分--原材料--', 1, 35, 'split', '0', '实付'),
(18, 78, '发射器外壳', 7, -1, 14000, 1395025717, 35, 1395025717, '维修管理 (wxgl-201403170005)', 5, 35, 'service', '14000', '实收'),
(19, 10, '禹鼎遥控器', 6, -2, 124000, 1395025874, 35, 1395027083, '销售出库 (xsck-201403170003)', 8, 35, 'order', '0', '实收');

-- --------------------------------------------------------

--
-- 表的结构 `ix_stock_info`
--

CREATE TABLE IF NOT EXISTS `ix_stock_info` (
  `id` int(10) NOT NULL AUTO_INCREMENT COMMENT '主键',
  `stock` int(10) NOT NULL COMMENT 'stock表关联id',
  `goods` int(10) NOT NULL COMMENT 'goodsid',
  `goods_name` varchar(100) NOT NULL COMMENT 'goods名',
  `group` int(10) NOT NULL COMMENT 'groupid',
  `num` int(10) NOT NULL COMMENT '个数',
  `price` int(10) NOT NULL COMMENT '价格',
  PRIMARY KEY (`id`)
) ENGINE=MyISAM  DEFAULT CHARSET=utf8 COMMENT='stock附加信息' AUTO_INCREMENT=10 ;

--
-- 转存表中的数据 `ix_stock_info`
--

INSERT INTO `ix_stock_info` (`id`, `stock`, `goods`, `goods_name`, `group`, `num`, `price`) VALUES
(1, 5, 10, '禹鼎遥控器', 6, 2, -26300),
(2, 4, 74, '沙克遥控器', 5, 3, -23000),
(3, 5, 10, '禹鼎遥控器', 6, 1, -26300),
(4, 11, 74, '沙克遥控器', 7, 1, -10000),
(5, 11, 74, '沙克遥控器', 7, 2, -10000),
(6, 3, 22, '发射器', 8, 2, 0),
(7, 3, 22, '发射器', 8, 1, 0),
(8, 16, 78, '发射器外壳', 7, 1, 0),
(9, 5, 10, '禹鼎遥控器', 6, 2, -26300);

-- --------------------------------------------------------

--
-- 表的结构 `ix_stock_warn`
--

CREATE TABLE IF NOT EXISTS `ix_stock_warn` (
  `id` int(10) unsigned NOT NULL AUTO_INCREMENT,
  `goods` int(10) unsigned NOT NULL,
  `group` int(10) unsigned NOT NULL,
  `num` int(10) unsigned NOT NULL,
  `uid` int(10) unsigned NOT NULL,
  PRIMARY KEY (`id`),
  KEY `goods` (`goods`,`group`,`num`,`uid`)
) ENGINE=MyISAM DEFAULT CHARSET=utf8 AUTO_INCREMENT=1 ;

-- --------------------------------------------------------

--
-- 表的结构 `ix_supplier`
--

CREATE TABLE IF NOT EXISTS `ix_supplier` (
  `id` int(10) unsigned NOT NULL AUTO_INCREMENT,
  `name` varchar(20) CHARACTER SET gbk NOT NULL,
  `type` int(10) NOT NULL,
  PRIMARY KEY (`id`),
  KEY `name` (`name`)
) ENGINE=MyISAM  DEFAULT CHARSET=utf8 AUTO_INCREMENT=102 ;

--
-- 转存表中的数据 `ix_supplier`
--

INSERT INTO `ix_supplier` (`id`, `name`, `type`) VALUES
(9, '泉州以诺贸易有限公司', 37),
(15, '南京特尼电子有限公司', 22),
(16, '张昌民', 24),
(17, '南京翰宝科技发展有限公司', 22),
(10, '无锡明业自动化系统有限公司', 21),
(11, '深圳德创实业有限公司', 24),
(12, '上海乔正起重电器有限公司', 27),
(13, '深圳众力达电子有限公司', 24),
(86, '青岛世纪友邦电子科技有限公司', 20),
(18, '荣饶泰（上海）贸易有限公司', 5),
(19, '乐清柳市益虹电气有限公司', 27),
(20, '松下电工（中国）有限公司青岛办事处', 20),
(21, '北京晶川电子技术发展有限责任公司', 33),
(22, '乐清固电金具有限公司', 27),
(23, '青岛瑞德电气有限公司', 20),
(24, '天津中海创实业有限公司', 32),
(25, '上海飞艺照明电器有限公司', 5),
(26, '天水三二一低压电器厂', 5),
(27, '杭州天冠科技有限公司', 31),
(28, '德力玛工业供电系统有限公司', 30),
(29, '乐清市长城电声厂', 27),
(30, '常州港华起重工具有限公司', 29),
(31, '宁波北仓君威起重配件有限公司', 28),
(32, '南京开关厂', 22),
(33, '广州爱浦电子科技有限公司', 25),
(34, '青岛环海世纪工贸有限公司', 20),
(35, '上海韩起起重电器有限公司', 35),
(36, '安徽奈尔特机电制造有限公司', 23),
(37, '上海共融电气科技发展有限公司', 5),
(38, '洞头县永盛电器厂', 36),
(39, '上海巨龙电子有限公司', 5),
(40, '东莞浩阳五金塑胶滴胶厂', 26),
(41, '青岛思锐自动化工程有限公司', 20),
(42, '天津金浩运电气自动化技术有限公司', 32),
(43, '广州金禹电子有限公司', 25),
(44, '南京立信电子电器有限公司', 22),
(45, '安徽蚌埠', 23),
(46, '南京和福电子工程有限责任公司', 22),
(47, '北京欧能科技发展有限公司（天津办事处）', 32),
(48, '北京欧能科技发展有限公司（济南办事处）', 30),
(49, '青岛惠好特自动化设备有限公司', 20),
(50, '青岛柳柳电子科技有限公司', 20),
(51, '青岛长征电控/聚泰信电器', 20),
(52, '青岛明志创新科技有限公司', 20),
(53, '捷亿工业科技（上海）有限公司', 5),
(54, '美国凯特龙国际集团上海办事处', 5),
(55, '青岛金维佳电子商行', 20),
(56, '青岛诚顺电子有限公司', 20),
(57, '冈本微动开关/和泉电气青岛总代理', 20),
(58, '青岛泉杰科技有限公司', 20),
(59, '宁波禹鼎电子有限公司', 28),
(60, '联胜科技厦门福仓商贸有限公司', 38),
(61, '黄锡峰（维修丘比特）', 38),
(62, '上海比芭机电有限公司', 5),
(63, '上海禹鼎代理商', 5),
(64, '上海荆源电气科技有限公司', 5),
(65, '德莱奇起重吊具（昆山）有限公司', 39),
(66, '市北区盛东达电气线缆商行', 20),
(67, '图尔克（青岛）分公司', 20),
(68, '倍加福（青岛）办事处', 20),
(69, '上海吉欣电缆有限公司', 5),
(70, '吴传涛', 20),
(71, '济南执尔电气有限公司', 30),
(72, '青岛唯美自动化电器有限公司', 20),
(73, '青岛伯特利机电有限公司', 20),
(74, '烟台众和电气有限公司', 40),
(75, '常州市振港机电有限公司', 29),
(76, '乐清市大众电子有限公司', 27),
(77, '市北区金维佳有限公司', 20),
(78, '青岛菲兔电子有限公司', 20),
(79, '青岛市市北区意利达机电电子有限公司', 20),
(80, '张绪广', 20),
(81, '青岛市万顺电子商贸公司', 20),
(82, '东莞市十户科技有限公司', 26),
(83, '青岛勇松自动化系统有限公司', 20),
(84, '浙江森本科技有限公司', 27),
(85, '青岛弘迈电气有限公司', 20),
(87, '青岛集大成自动化有限公司', 20),
(88, '上海大柏树防爆技术有限公司', 5),
(89, '李沧区顺吉达五金工具经销部', 20),
(90, '李沧区圣安旭电缆经销处', 20),
(91, '青岛鑫本源贸易有限公司', 20),
(92, '捷亿工业科技（上海）有限公司', 5),
(93, '青岛鹏之博电气有限公司', 20),
(94, '彭海江', 5),
(95, '上海比芭环保科技有限公司山东办', 30),
(96, '青岛广运五金五金电器有限公司', 20),
(97, '佳木斯防爆电机有限公司', 41),
(98, '北京星火创仪电子科技有限公司', 33),
(99, '阿联酋Roozbeh', 42),
(100, '北京烁宇森联商贸中心', 33),
(101, '青岛爱德森照明电器有限公司', 20);

-- --------------------------------------------------------

--
-- 表的结构 `ix_supplier_info`
--

CREATE TABLE IF NOT EXISTS `ix_supplier_info` (
  `id` int(10) unsigned NOT NULL,
  `value` text NOT NULL,
  PRIMARY KEY (`id`)
) ENGINE=MyISAM DEFAULT CHARSET=utf8;

--
-- 转存表中的数据 `ix_supplier_info`
--

INSERT INTO `ix_supplier_info` (`id`, `value`) VALUES
(11, 'a:9:{i:0;s:36:"何嗣顺（总经理） 18681552180";i:1;s:0:"";i:2;s:34:"吴一军（销售）  18681552160";i:3;s:0:"";i:4;s:39:"南京市江宁区江宁镇梅山医院";i:5;s:9:"吴继平";i:6;s:0:"";i:7;s:24:"禹鼎遥控器及配件";i:8;s:61:"安徽安庆西迎宾西路329号 孙金玲（维修板子）";}'),
(10, 'a:9:{i:0;s:36:"吴守业（总经理） 13806172634";i:1;s:32:"0510-83078892/8525 0510-83078525";i:2;s:0:"";i:3;s:0:"";i:4;s:55:"江苏省无锡市金山北工业经济园区B区175号";i:5;s:0:"";i:6;s:0:"";i:7;s:51:"高度限制器、超载限制器、力矩限制器";i:8;s:25:"吴守业 QQ ：470425853";}'),
(9, 'a:9:{i:0;s:33:"庄菊玲（销售） 13559020434";i:1;s:27:"0595-22659956 0595-22657956";i:2;s:0:"";i:3;s:0:"";i:4;s:65:"福建省泉州市洛江区安吉路阳光国际广场1#楼509室";i:5;s:0:"";i:6;s:0:"";i:7;s:75:"禹鼎遥控器、沙克遥控器、阿波罗遥控器、大力神遥控器";i:8;s:24:"庄菊玲 QQ：165461037";}'),
(12, 'a:9:{i:0;s:36:"陈志强（总经理） 13587769855";i:1;s:12:"021-51877286";i:2;s:22:"黄小姐（销售） ";i:3;s:27:"0577-57105616 0577-62707300";i:4;s:39:"浙江省乐清柳市镇戴西工业区";i:5;s:33:"黄泽波（财务） 13968746115";i:6;s:30:"周工（技术） 13567778587";i:7;s:45:"超载限制器、限位开关、行程开关";i:8;s:25:"周小姐 QQ ：188797286";}'),
(13, 'a:9:{i:0;s:33:"罗英刚（销售） 13751145025";i:1;s:0:"";i:2;s:29:"张工（技术）13798572543";i:3;s:0:"";i:4;s:68:"中国 广东省深圳市福田区上梅林越华路凡恩大厦6层";i:5;s:0:"";i:6;s:0:"";i:7;s:21:"电流超载限制器";i:8;s:25:"罗英刚 QQ ：184323158";}'),
(86, 'a:9:{i:0;s:0:"";i:1;s:0:"";i:2;s:0:"";i:3;s:0:"";i:4;s:0:"";i:5;s:0:"";i:6;s:0:"";i:7;s:0:"";i:8;s:0:"";}'),
(87, 'a:9:{i:0;s:22:"孔德洋  13964280682";i:1;s:19:"5806035  / 58806036";i:2;s:0:"";i:3;s:0:"";i:4;s:51:"青岛市李沧区青山路689号宝龙公寓3-1227";i:5;s:0:"";i:6;s:0:"";i:7;s:0:"";i:8;s:0:"";}'),
(15, 'a:9:{i:0;s:30:"付蓉（销售） 13390777780";i:1;s:32:"025-52335517/14/13  025-52335512";i:2;s:39:"徐工（遥控器技术） 15951701701";i:3;s:0:"";i:4;s:55:"江苏省南京市中山南路321号现代大厦2108室";i:5;s:38:"翟工（制动器技术）13952016919";i:6;s:0:"";i:7;s:45:"禹鼎遥控器、沙克遥控器、制动器";i:8;s:22:"付蓉 QQ ：519367957";}'),
(16, 'a:9:{i:0;s:36:"张昌民（总经理） 18923431813";i:1;s:15:"F:0755-29515011";i:2;s:0:"";i:3;s:0:"";i:4;s:47:"深圳市宝安区石岩三祝里村16号401室";i:5;s:0:"";i:6;s:0:"";i:7;s:15:"无线遥控器";i:8;s:24:"张昌民QQ：1078187321";}'),
(17, 'a:9:{i:0;s:33:"苏有伟（销售） 13951703493";i:1;s:34:"025-86623119 86623382 F：86623569";i:2;s:30:"华林 （库管）13337821018";i:3;s:0:"";i:4;s:42:"南京市双龙大道577号16号楼1006室";i:5;s:0:"";i:6;s:0:"";i:7;s:15:"无线遥控器";i:8;s:23:"苏有伟QQ：596123009";}'),
(18, 'a:9:{i:0;s:33:"胡秀芳（销售） 13601710732";i:1;s:25:"021-50581397 F：51010168";i:2;s:0:"";i:3;s:0:"";i:4;s:48:"上海市浦东陆家嘴金融贸易区向城路";i:5;s:0:"";i:6;s:0:"";i:7;s:20:"意大利GG手电门";i:8;s:23:"胡秀芳QQ：445953653";}'),
(19, 'a:9:{i:0;s:33:"王小峰（销售） 13905879915";i:1;s:37:"0577-62620877、62618111 F：62626817";i:2;s:0:"";i:3;s:0:"";i:4;s:47:"浙江乐清市象阳镇高四环城西路24号";i:5;s:0:"";i:6;s:0:"";i:7;s:147:"起重按钮开关，起重机按钮，遥控起重机按钮，起重机控制站，起重机控制台，起重机控制箱，联动台，信号灯";i:8;s:24:"王小峰QQ：1430573320";}'),
(20, 'a:9:{i:0;s:33:"李泽伟（销售） 13969670586";i:1;s:21:"88701769 F：88702568";i:2;s:33:"许    宁（后勤）15205326162";i:3;s:12:"400-6070-716";i:4;s:24:"崂山区株洲路121号";i:5;s:0:"";i:6;s:0:"";i:7;s:12:"松下产品";i:8;s:21:"许宁QQ：1223686710";}'),
(21, 'a:9:{i:0;s:41:"辛振华（青岛办事处）18669811352";i:1;s:0:"";i:2;s:18:"刘工（销售）";i:3;s:16:"010-67695050-872";i:4;s:59:"北京市方庄南三环东路23号院1号楼A座601&602室";i:5;s:0:"";i:6;s:0:"";i:7;s:10:"IGBT模块";i:8;s:0:"";}'),
(22, 'a:9:{i:0;s:32:"谢经理（销售）13567799750";i:1;s:26:"0577-62608800 F：62608801";i:2;s:0:"";i:3;s:0:"";i:4;s:33:"乐清市象阳镇汤岙镇宇村";i:5;s:0:"";i:6;s:0:"";i:7;s:81:"铜铝类电力金具「接线端子、接线管、设备线夹、并沟线夹」";i:8;s:24:"谢经理QQ：1145282401";}'),
(23, 'a:9:{i:0;s:33:"肖经理（销售） 18366212792";i:1;s:17:"F：0532-80931769";i:2;s:0:"";i:3;s:0:"";i:4;s:42:"青岛市山东路177号鲁邦广场809室";i:5;s:0:"";i:6;s:0:"";i:7;s:15:"施耐德电气";i:8;s:0:"";}'),
(24, 'a:9:{i:0;s:22:"何秀芹（销售） ";i:1;s:26:"0531-88968606 F：88968609";i:2;s:0:"";i:3;s:0:"";i:4;s:75:"天津华苑产业区海泰发展六道6号海泰绿色产业基地G-401-33";i:5;s:0:"";i:6;s:0:"";i:7;s:18:"施耐德断路器";i:8;s:0:"";}'),
(25, 'a:9:{i:0;s:30:"王欣（销售） 13817747158";i:1;s:36:"021-61845580、61845590 F：55600539";i:2;s:0:"";i:3;s:0:"";i:4;s:32:"上海市中山北路42号308室";i:5;s:0:"";i:6;s:0:"";i:7;s:15:"飞利浦灯具";i:8;s:0:"";}'),
(26, 'a:10:{i:0;s:30:"周琦（销售） 13524672300";i:1;s:25:"021-64855680 F：64855059";i:2;s:0:"";i:3;s:0:"";i:4;s:0:"";i:5;s:0:"";i:6;s:0:"";i:7;s:12:"低压电器";i:8;s:20:"周琦QQ：542862500";i:9;s:9:"123456789";}'),
(27, 'a:9:{i:0;s:32:"张建华（销售）15157110789";i:1;s:26:"0571-88851120 F：88481150";i:2;s:0:"";i:3;s:0:"";i:4;s:47:"杭州市莫干山路1418-36号二号楼五楼 ";i:5;s:0:"";i:6;s:0:"";i:7;s:15:"声光报警器";i:8;s:24:"张建华QQ：1309198981";}'),
(28, 'a:9:{i:0;s:32:"宁总（总经理）13573100811";i:1;s:0:"";i:2;s:32:"朱小姐（销售）13906412214";i:3;s:26:"0531-85998880 F：85998881";i:4;s:42:"济南市美里湖新沙工业园2街28号";i:5;s:0:"";i:6;s:0:"";i:7;s:24:"滑触线及相应配件";i:8;s:0:"";}'),
(29, 'a:9:{i:0;s:32:"钱湖滨（厂长）13868736773";i:1;s:13:"0577-62688366";i:2;s:0:"";i:3;s:0:"";i:4;s:45:"浙江乐清市北白象镇赵家硐工业园";i:5;s:0:"";i:6;s:0:"";i:7;s:6:"电笛";i:8;s:0:"";}'),
(30, 'a:9:{i:0;s:32:"周总（总经理）13806145911";i:1;s:17:"F：0519-82521289";i:2;s:0:"";i:3;s:0:"";i:4;s:31:"江苏常州河头工业园6号";i:5;s:0:"";i:6;s:0:"";i:7;s:51:"起重工具、热轧滑轮、起重机械零部件";i:8;s:0:"";}'),
(31, 'a:9:{i:0;s:32:"钱小君（销售）13732185189";i:1;s:26:"0574-86140846 F：86109238";i:2;s:0:"";i:3;s:0:"";i:4;s:29:"宁波北仑大碶杜家46号";i:5;s:0:"";i:6;s:0:"";i:7;s:143:"梨形绳套;快速卸扣;防转套;钢索索节;索具螺旋扣;楔形接头;卸扣;吊钩;吊环;抓斗链条;起重工索具;集装箱吊具";i:8;s:0:"";}'),
(32, 'a:9:{i:0;s:32:"支保良（销售）13913831137";i:1;s:36:"025-86106131 F：86106131、86106515";i:2;s:20:"许部长13915964781";i:3;s:25:"总经理025-86106952-121";i:4;s:42:"江苏省南京市秦淮区升州路133号";i:5;s:9:"销售部";i:6;s:16:"025-86106952-114";i:7;s:81:"起重机电气控制系统（联动台）、低压电器元件、低压开关板";i:8;s:23:"支保良QQ：164741755";}'),
(33, 'a:9:{i:0;s:32:"李桂英（销售）18002228805";i:1;s:25:"020-84224701 F：84206762";i:2;s:0:"";i:3;s:0:"";i:4;s:35:"广州市海珠区广州道南33号";i:5;s:0:"";i:6;s:0:"";i:7;s:12:"电源模块";i:8;s:0:"";}'),
(34, 'a:9:{i:0;s:32:"杨振华（销售）15865591150";i:1;s:24:"82716666-19 F：85785544";i:2;s:32:"方文婷（销售）15166067830";i:3;s:14:"QQ：982592927";i:4;s:36:"燕儿岛路22号环海公寓1101室";i:5;s:0:"";i:6;s:0:"";i:7;s:9:"西门子";i:8;s:23:"杨振华QQ：965344128";}'),
(35, 'a:9:{i:0;s:32:"韩国利（销售）13949607148";i:1;s:24:"0373-8712246 F：8791658";i:2;s:0:"";i:3;s:0:"";i:4;s:0:"";i:5;s:0:"";i:6;s:0:"";i:7;s:18:"滑触线指示灯";i:8;s:35:"发车车号91675 电话13569429266";}'),
(36, 'a:9:{i:0;s:32:"胡经理（销售）13955134200";i:1;s:24:"0551-3534730 F：3534720";i:2;s:32:"黄圣付（销售）13339299116";i:3;s:0:"";i:4;s:55:"合肥市国家高新技术产业开发区天波路8号";i:5;s:0:"";i:6;s:0:"";i:7;s:30:"滑触线指示灯（防水）";i:8;s:0:"";}'),
(37, 'a:10:{i:0;s:44:"吴兴轮（销售）18733313977 13501984033";i:1;s:25:"021-31210001 F：31210002";i:2;s:0:"";i:3;s:0:"";i:4;s:63:"上海市普陀区真北路915号710室（绿洲中环中心）";i:5;s:0:"";i:6;s:0:"";i:7;s:18:"激光防撞仪GRK";i:8;s:0:"";i:9;s:15:"622222222222222";}'),
(38, 'a:9:{i:0;s:32:"李经理（销售）13732030096";i:1;s:13:"0577-63487881";i:2;s:0:"";i:3;s:0:"";i:4;s:0:"";i:5;s:0:"";i:6;s:0:"";i:7;s:44:"激光防撞仪HL130-A14WT、红外防撞仪";i:8;s:0:"";}'),
(39, 'a:9:{i:0;s:24:"皇甫婷婷（销售）";i:1;s:44:"021-51904385、86、87、88-8887F：51904389";i:2;s:0:"";i:3;s:0:"";i:4;s:47:"上海市汇祝桥空港工业区金闻路39号";i:5;s:0:"";i:6;s:0:"";i:7;s:19:"激光防撞仪JL-D";i:8;s:0:"";}'),
(40, 'a:9:{i:0;s:35:"徐秀英（总经理）15323521652";i:1;s:31:"0769-27380120、21 F：27205377";i:2;s:32:"邱经理（销售）13532309929";i:3;s:0:"";i:4;s:39:"东莞市东城区温塘第一工业区";i:5;s:0:"";i:6;s:0:"";i:7;s:12:"硅胶按键";i:8;s:23:"徐秀英QQ：395686658";}'),
(41, 'a:9:{i:0;s:32:"郝经理（销售）13698675639";i:1;s:0:"";i:2;s:33:"李治红 （销售）15866876383";i:3;s:46:"0532-55557385/86/87/88/89/90 F：0532-55557391";i:4;s:59:"青岛市株洲路177号惠特工业园5号楼4层西单元";i:5;s:29:"E-mail：lizhihong110@163.com";i:6;s:29:"欧姆龙技术部 4008204535";i:7;s:9:"欧姆龙";i:8;s:17:"郝QQ：79429608 ";}'),
(42, 'a:9:{i:0;s:32:"卢彦顺（销售）13652052514";i:1;s:26:"022-87890195 F：87895517 ";i:2;s:32:"杨先生（销售）15922006533";i:3;s:12:"022-87890194";i:4;s:43:"天津市南开区白堤路馨达园1-2-401";i:5;s:0:"";i:6;s:0:"";i:7;s:12:"松下产品";i:8;s:23:"卢彦顺QQ：349672773";}'),
(43, 'a:9:{i:0;s:32:"李经理（销售）13352843656";i:1;s:25:"020-36757102 F：36757099";i:2;s:32:"陈锐忠（销售）18028698163";i:3;s:12:"优先联系";i:4;s:56:"广州市白云区太和镇大源岐山西街一巷32号";i:5;s:0:"";i:6;s:0:"";i:7;s:24:"禹鼎遥控器及配件";i:8;s:24:"陈锐忠QQ：1485744805";}'),
(44, 'a:9:{i:0;s:35:"吴长利（总经理）13851755867";i:1;s:23:"025-86215805、86212375";i:2;s:0:"";i:3;s:0:"";i:4;s:34:"南京市鼓楼区龙园西路5号";i:5;s:0:"";i:6;s:0:"";i:7;s:24:"禹鼎遥控器及配件";i:8;s:0:"";}'),
(45, 'a:9:{i:0;s:0:"";i:1;s:0:"";i:2;s:0:"";i:3;s:0:"";i:4;s:0:"";i:5;s:0:"";i:6;s:0:"";i:7;s:0:"";i:8;s:0:"";}'),
(46, 'a:9:{i:0;s:32:"李斌（总经理）18651618875";i:1;s:25:"025-58531260 F：58231266";i:2;s:30:"程丽（库管） 13951822588";i:3;s:0:"";i:4;s:56:"南京市浦口区珠江镇珠江工业园雅园路16号";i:5;s:23:"徐工技术18605186696";i:6;s:0:"";i:7;s:0:"";i:8;s:21:"程丽QQ：2272175725";}'),
(47, 'a:9:{i:0;s:31:"刘建辉（销售）1370208095";i:1;s:12:"022-24323550";i:2;s:0:"";i:3;s:0:"";i:4;s:0:"";i:5;s:0:"";i:6;s:0:"";i:7;s:3:"ABB";i:8;s:22:"刘建辉QQ：46137202";}'),
(48, 'a:9:{i:0;s:29:"李强（销售）15589947512";i:1;s:21:"F：0531-85823689-807";i:2;s:0:"";i:3;s:0:"";i:4;s:63:"济南市天桥区无影山东路重汽翡翠郡南区21-3-1003";i:5;s:0:"";i:6;s:0:"";i:7;s:3:"ABB";i:8;s:20:"李强QQ：864159406";}'),
(49, 'a:9:{i:0;s:0:"";i:1;s:0:"";i:2;s:0:"";i:3;s:0:"";i:4;s:0:"";i:5;s:0:"";i:6;s:0:"";i:7;s:0:"";i:8;s:0:"";}'),
(50, 'a:9:{i:0;s:36:"邵明光（总经理） 13505422639";i:1;s:20:"83028961F：83028961";i:2;s:0:"";i:3;s:0:"";i:4;s:60:"青岛市威海路28号-170（青岛市电子科技市场）";i:5;s:0:"";i:6;s:0:"";i:7;s:51:"专业加工（设计）电路板、面板、机箱";i:8;s:20:"Email:shaomg@126.com";}'),
(51, 'a:9:{i:0;s:30:"杨丽（销售） 13687617948";i:1;s:21:"87896300 F：87898815";i:2;s:0:"";i:3;s:0:"";i:4;s:25:"李沧区京口路78号-3";i:5;s:0:"";i:6;s:0:"";i:7;s:0:"";i:8;s:22:"Email：chaoyg@163.com";}'),
(52, 'a:9:{i:0;s:33:"陈红云（销售） 13176860452";i:1;s:21:"83200758 F：87653568";i:2;s:0:"";i:3;s:0:"";i:4;s:34:"李沧区重庆中路299号2号楼";i:5;s:0:"";i:6;s:0:"";i:7;s:0:"";i:8;s:0:"";}'),
(53, 'a:10:{i:0;s:32:"孙德明（销售）13681923575";i:1;s:28:"021-50275018/5008 F:50275435";i:2;s:0:"";i:3;s:0:"";i:4;s:39:"上海市碧波路690号2号楼104-C室";i:5;s:0:"";i:6;s:0:"";i:7;s:12:"法国捷亿";i:8;s:0:"";i:9;s:0:"";}'),
(54, 'a:9:{i:0;s:32:"陈礼云（销售）13801997283";i:1;s:30:"021-23081128-1158 F：23081168";i:2;s:0:"";i:3;s:0:"";i:4;s:46:"上海市南京西路399号明天广场A403室";i:5;s:0:"";i:6;s:0:"";i:7;s:18:"凯特龙遥控器";i:8;s:0:"";}'),
(55, 'a:9:{i:0;s:32:"黄学礼（销售）13625427959";i:1;s:21:"83020981 F：86673280";i:2;s:0:"";i:3;s:0:"";i:4;s:48:"威海路292号（山贺电子市场B23-26号）";i:5;s:0:"";i:6;s:0:"";i:7;s:75:"继电器、电位器、保险丝、集成电路、电阻、二级三级管";i:8;s:0:"";}'),
(56, 'a:9:{i:0;s:30:"杨飞（销售） 18866620850";i:1;s:21:"83085267 F：88994005";i:2;s:0:"";i:3;s:0:"";i:4;s:51:"青岛市市北区鞍山路108号颐和广厦619室";i:5;s:0:"";i:6;s:0:"";i:7;s:54:"集成电路、二极管、三极管、电容、电阻";i:8;s:21:"杨飞QQ：1055722771";}'),
(57, 'a:9:{i:0;s:29:"王海（销售）13906390527";i:1;s:8:"83022707";i:2;s:0:"";i:3;s:0:"";i:4;s:42:"威海路292号（山贺电子市场）B31";i:5;s:0:"";i:6;s:0:"";i:7;s:56:"KT冷压端子、接线配件、冈本电子、和泉等";i:8;s:0:"";}'),
(58, 'a:9:{i:0;s:29:"高青（销售）13645421215";i:1;s:8:"83731625";i:2;s:0:"";i:3;s:0:"";i:4;s:42:"四方区鞍山一路88号黄金岁月3225";i:5;s:0:"";i:6;s:0:"";i:7;s:6:"台达";i:8;s:0:"";}'),
(59, 'a:9:{i:0;s:32:"肖全周（销售）15157847116";i:1;s:32:"0574-87164091、92  F：87150953";i:2;s:0:"";i:3;s:0:"";i:4;s:33:"宁波市机场路南丰工业区";i:5;s:0:"";i:6;s:0:"";i:7;s:0:"";i:8;s:0:"";}'),
(60, 'a:9:{i:0;s:44:"陈美芸（销售）15692367266 15980833183";i:1;s:24:"0592-5762251 F：2073261";i:2;s:0:"";i:3;s:0:"";i:4;s:47:"厦门市火炬高新园区新丰二路8号3F-K";i:5;s:0:"";i:6;s:0:"";i:7;s:18:"阿尔法遥控器";i:8;s:0:"";}'),
(61, 'a:9:{i:0;s:32:"黄锡峰（维修）15960238523";i:1;s:12:"0592-5053428";i:2;s:0:"";i:3;s:0:"";i:4;s:54:"厦门市思明区湖滨北路16号新港广场1116号";i:5;s:0:"";i:6;s:0:"";i:7;s:0:"";i:8;s:0:"";}'),
(62, 'a:9:{i:0;s:32:"惠军（总经理）13918870481";i:1;s:0:"";i:2;s:35:"刘冰（销售）18660185220济南";i:3;s:0:"";i:4;s:0:"";i:5;s:0:"";i:6;s:0:"";i:7;s:0:"";i:8;s:28:"E-mail：13918870481@163.com";}'),
(63, 'a:9:{i:0;s:26:"彭（销售）13321861803";i:1;s:0:"";i:2;s:0:"";i:3;s:0:"";i:4;s:0:"";i:5;s:0:"";i:6;s:0:"";i:7;s:0:"";i:8;s:0:"";}'),
(64, 'a:9:{i:0;s:32:"王迎迎（销售）15021740212";i:1;s:25:"021-60713347 F：60713347";i:2;s:35:"孙良志（总经理）15901961005";i:3;s:34:"021-61174544/61556944 F：61174544";i:4;s:68:"上海市嘉定区上海国际五金城方德路101弄62-63号302室";i:5;s:0:"";i:6;s:0:"";i:7;s:0:"";i:8;s:0:"";}'),
(65, 'a:9:{i:0;s:32:"刘水兵（销售）15969891399";i:1;s:26:"0512-57427870 F：57428766";i:2;s:0:"";i:3;s:0:"";i:4;s:49:"江苏省昆山市张浦南港古城南路1155号";i:5;s:0:"";i:6;s:0:"";i:7;s:242:"高强度合成纤维吊带（圆形吊带;扁平吊带）及运输用栓紧器;高强度钢丝绳及钢丝绳索具;高强度链条索具;吊装带;吊带;吊索具;索具;吊梁;吊点;卸扣;吊环螺钉;圆形吊带;吊具;起重吊索具";i:8;s:0:"";}'),
(66, 'a:9:{i:0;s:0:"";i:1;s:0:"";i:2;s:0:"";i:3;s:0:"";i:4;s:0:"";i:5;s:0:"";i:6;s:0:"";i:7;s:0:"";i:8;s:0:"";}'),
(67, 'a:9:{i:0;s:0:"";i:1;s:40:"0532-85800921/13573810441 F：85800923  ";i:2;s:0:"";i:3;s:0:"";i:4;s:50:"青岛市福州南路8号中天恒大厦1006房间";i:5;s:0:"";i:6;s:0:"";i:7;s:0:"";i:8;s:0:"";}'),
(68, 'a:9:{i:0;s:33:"姜经理（销售）分机号108";i:1;s:33:" T:85727468/85731075  F: 85727418";i:2;s:0:"";i:3;s:0:"";i:4;s:33:"福州路中港大厦16楼1011室";i:5;s:0:"";i:6;s:0:"";i:7;s:0:"";i:8;s:0:"";}'),
(69, 'a:9:{i:0;s:32:"陆先生（销售）13122292396";i:1;s:25:"021-60524922 F：36379106";i:2;s:0:"";i:3;s:0:"";i:4;s:56:"上海市综合工业区B区奉贤金汇光泰路1996号";i:5;s:0:"";i:6;s:0:"";i:7;s:9:"电缆线";i:8;s:0:"";}'),
(70, 'a:9:{i:0;s:9:"吴传涛";i:1;s:0:"";i:2;s:0:"";i:3;s:0:"";i:4;s:0:"";i:5;s:0:"";i:6;s:0:"";i:7;s:0:"";i:8;s:0:"";}'),
(71, 'a:9:{i:0;s:0:"";i:1;s:0:"";i:2;s:0:"";i:3;s:0:"";i:4;s:0:"";i:5;s:0:"";i:6;s:0:"";i:7;s:0:"";i:8;s:0:"";}'),
(72, 'a:9:{i:0;s:22:"杨经理  13954282991";i:1;s:0:"";i:2;s:0:"";i:3;s:0:"";i:4;s:0:"";i:5;s:0:"";i:6;s:0:"";i:7;s:0:"";i:8;s:0:"";}'),
(73, 'a:9:{i:0;s:0:"";i:1;s:0:"";i:2;s:0:"";i:3;s:0:"";i:4;s:32:"青岛市四方区人民路20号";i:5;s:0:"";i:6;s:0:"";i:7;s:0:"";i:8;s:0:"";}'),
(74, 'a:9:{i:0;s:9:"张婷婷";i:1;s:0:"";i:2;s:0:"";i:3;s:0:"";i:4;s:0:"";i:5;s:0:"";i:6;s:0:"";i:7;s:0:"";i:8;s:0:"";}'),
(75, 'a:9:{i:0;s:22:"李卫平  13685228706";i:1;s:22:"0519-88197209/88197207";i:2;s:0:"";i:3;s:0:"";i:4;s:40:"江苏省关河中路65号2号楼2166号";i:5;s:0:"";i:6;s:0:"";i:7;s:0:"";i:8;s:0:"";}'),
(76, 'a:9:{i:0;s:22:"郑素晓  13806861122";i:1;s:22:"0577-27812755/27876069";i:2;s:0:"";i:3;s:0:"";i:4;s:27:"乐清市柳市镇三里村";i:5;s:0:"";i:6;s:0:"";i:7;s:0:"";i:8;s:0:"";}'),
(77, 'a:9:{i:0;s:0:"";i:1;s:0:"";i:2;s:0:"";i:3;s:0:"";i:4;s:0:"";i:5;s:0:"";i:6;s:0:"";i:7;s:0:"";i:8;s:0:"";}'),
(78, 'a:9:{i:0;s:0:"";i:1;s:0:"";i:2;s:0:"";i:3;s:0:"";i:4;s:0:"";i:5;s:0:"";i:6;s:0:"";i:7;s:0:"";i:8;s:0:"";}'),
(79, 'a:9:{i:0;s:0:"";i:1;s:0:"";i:2;s:0:"";i:3;s:0:"";i:4;s:0:"";i:5;s:0:"";i:6;s:0:"";i:7;s:0:"";i:8;s:0:"";}'),
(80, 'a:9:{i:0;s:23:"张绪广   18663930342";i:1;s:0:"";i:2;s:0:"";i:3;s:0:"";i:4;s:0:"";i:5;s:0:"";i:6;s:0:"";i:7;s:0:"";i:8;s:0:"";}'),
(81, 'a:9:{i:0;s:0:"";i:1;s:0:"";i:2;s:0:"";i:3;s:0:"";i:4;s:0:"";i:5;s:0:"";i:6;s:0:"";i:7;s:0:"";i:8;s:0:"";}'),
(82, 'a:9:{i:0;s:35:"郭金松（总经理）15899948737";i:1;s:23:"0769-87133489F;87133486";i:2;s:30:"郑小姐（业务)13763138846";i:3;s:0:"";i:4;s:0:"";i:5;s:0:"";i:6;s:0:"";i:7;s:0:"";i:8;s:0:"";}'),
(83, 'a:9:{i:0;s:19:"臧龙  13210272881";i:1;s:24:"0532/83749958、83746455";i:2;s:0:"";i:3;s:0:"";i:4;s:34:"青岛市市北区杭州路9-10号";i:5;s:0:"";i:6;s:0:"";i:7;s:0:"";i:8;s:0:"";}'),
(84, 'a:9:{i:0;s:6:"臧仲";i:1;s:0:"";i:2;s:0:"";i:3;s:0:"";i:4;s:0:"";i:5;s:0:"";i:6;s:0:"";i:7;s:0:"";i:8;s:0:"";}'),
(85, 'a:9:{i:0;s:9:"李新辉";i:1;s:0:"";i:2;s:0:"";i:3;s:0:"";i:4;s:0:"";i:5;s:0:"";i:6;s:0:"";i:7;s:0:"";i:8;s:0:"";}'),
(88, 'a:9:{i:0;s:10:"张素玲 ";i:1;s:21:"02155892070、5589310";i:2;s:0:"";i:3;s:0:"";i:4;s:18:"上海市虹口区";i:5;s:0:"";i:6;s:0:"";i:7;s:0:"";i:8;s:0:"";}'),
(89, 'a:9:{i:0;s:21:"蒋林华 13606340321";i:1;s:8:"80692108";i:2;s:0:"";i:3;s:0:"";i:4;s:0:"";i:5;s:0:"";i:6;s:0:"";i:7;s:9:"报警灯";i:8;s:0:"";}'),
(90, 'a:9:{i:0;s:0:"";i:1;s:0:"";i:2;s:0:"";i:3;s:0:"";i:4;s:0:"";i:5;s:0:"";i:6;s:0:"";i:7;s:0:"";i:8;s:0:"";}'),
(91, 'a:9:{i:0;s:0:"";i:1;s:0:"";i:2;s:0:"";i:3;s:0:"";i:4;s:0:"";i:5;s:0:"";i:6;s:0:"";i:7;s:0:"";i:8;s:0:"";}'),
(92, 'a:9:{i:0;s:21:"孙德明 13681923575";i:1;s:16:"F：021-50275435";i:2;s:0:"";i:3;s:0:"";i:4;s:39:"上海市碧波路690号2号楼104-C室";i:5;s:0:"";i:6;s:0:"";i:7;s:0:"";i:8;s:21:"法国捷亿遥控器";}'),
(93, 'a:9:{i:0;s:0:"";i:1;s:8:"82002517";i:2;s:0:"";i:3;s:0:"";i:4;s:38:"青岛市李沧区振华路90号301室";i:5;s:0:"";i:6;s:0:"";i:7;s:0:"";i:8;s:0:"";}'),
(94, 'a:9:{i:0;s:21:"彭海江 13321861803";i:1;s:0:"";i:2;s:0:"";i:3;s:0:"";i:4;s:0:"";i:5;s:0:"";i:6;s:0:"";i:7;s:0:"";i:8;s:0:"";}'),
(95, 'a:9:{i:0;s:27:"董娟    18660147882产假";i:1;s:13:"0531-88770725";i:2;s:18:"刘冰 18660185220";i:3;s:0:"";i:4;s:0:"";i:5;s:0:"";i:6;s:0:"";i:7;s:0:"";i:8;s:0:"";}'),
(96, 'a:9:{i:0;s:0:"";i:1;s:0:"";i:2;s:0:"";i:3;s:0:"";i:4;s:0:"";i:5;s:0:"";i:6;s:0:"";i:7;s:0:"";i:8;s:0:"";}'),
(97, 'a:9:{i:0;s:21:"孙继祥 13846136529";i:1;s:0:"";i:2;s:0:"";i:3;s:0:"";i:4;s:0:"";i:5;s:0:"";i:6;s:0:"";i:7;s:0:"";i:8;s:36:"佳木斯市东风区建国街418号";}'),
(98, 'a:9:{i:0;s:21:"石经理 18944667478";i:1;s:25:"010-58416168 F：60747017";i:2;s:0:"";i:3;s:0:"";i:4;s:35:"北京市昌平区沙河工业园C9";i:5;s:0:"";i:6;s:0:"";i:7;s:25:"测风仪,风速风向计";i:8;s:14:"QQ：112650910";}'),
(99, 'a:9:{i:0;s:7:"Roozbeh";i:1;s:11:"97148818571";i:2;s:0:"";i:3;s:0:"";i:4;s:0:"";i:5;s:0:"";i:6;s:0:"";i:7;s:15:"沙克遥控器";i:8;s:0:"";}'),
(100, 'a:9:{i:0;s:20:"罗群杰13601310978";i:1;s:12:"010-66518438";i:2;s:0:"";i:3;s:0:"";i:4;s:0:"";i:5;s:0:"";i:6;s:0:"";i:7;s:0:"";i:8;s:0:"";}'),
(101, 'a:9:{i:0;s:11:"13656489569";i:1;s:20:"86013517F：86013527";i:2;s:0:"";i:3;s:0:"";i:4;s:17:"杭州路76-88号";i:5;s:0:"";i:6;s:0:"";i:7;s:0:"";i:8;s:0:"";}');

-- --------------------------------------------------------

--
-- 表的结构 `ix_supplier_type`
--

CREATE TABLE IF NOT EXISTS `ix_supplier_type` (
  `id` int(10) NOT NULL AUTO_INCREMENT,
  `name` varchar(20) CHARACTER SET utf8 NOT NULL,
  `parentid` int(10) NOT NULL,
  `lock` tinyint(1) NOT NULL,
  PRIMARY KEY (`id`)
) ENGINE=MyISAM  DEFAULT CHARSET=utf8 COLLATE=utf8_unicode_ci AUTO_INCREMENT=43 ;

--
-- 转存表中的数据 `ix_supplier_type`
--

INSERT INTO `ix_supplier_type` (`id`, `name`, `parentid`, `lock`) VALUES
(1, '供应商分类', 0, 1),
(2, '江苏', 1, 0),
(3, '浙江', 1, 0),
(4, '广东', 1, 0),
(5, '上海', 1, 0),
(33, '北京', 1, 0),
(32, '天津', 1, 0),
(31, '杭州', 3, 0),
(30, '济南', 11, 0),
(29, '常州', 2, 0),
(11, '山东', 1, 0),
(24, '深圳', 4, 0),
(25, '广州', 4, 0),
(26, '东莞', 4, 0),
(27, '乐清', 3, 0),
(28, '宁波', 3, 0),
(16, '福建', 1, 0),
(20, '青岛', 11, 0),
(21, '无锡', 2, 0),
(22, '南京', 2, 0),
(23, '安徽', 1, 0),
(34, '河南', 1, 0),
(35, '新乡', 34, 0),
(36, '温州', 3, 0),
(37, '泉州', 16, 0),
(38, '厦门', 16, 0),
(39, '苏州', 2, 0),
(40, '烟台', 11, 0),
(41, '黑龙江', 1, 0),
(42, '国外', 1, 0);

-- --------------------------------------------------------

--
-- 表的结构 `ix_system_config`
--

CREATE TABLE IF NOT EXISTS `ix_system_config` (
  `id` int(10) unsigned NOT NULL AUTO_INCREMENT,
  `name` varchar(20) NOT NULL,
  `value` text NOT NULL,
  `intro` varchar(100) NOT NULL,
  `type` varchar(20) NOT NULL,
  PRIMARY KEY (`id`)
) ENGINE=MyISAM  DEFAULT CHARSET=utf8 AUTO_INCREMENT=25 ;

--
-- 转存表中的数据 `ix_system_config`
--

INSERT INTO `ix_system_config` (`id`, `name`, `value`, `intro`, `type`) VALUES
(1, 'user_info', 'a:4:{i:0;a:2:{s:4:"name";s:6:"照片";s:4:"type";s:3:"pic";}i:1;a:2:{s:4:"name";s:12:"家庭住址";s:4:"type";s:4:"text";}i:2;a:2:{s:4:"name";s:12:"通讯工具";s:4:"type";s:4:"text";}i:3;a:2:{s:4:"name";s:12:"身份证号";s:4:"type";s:4:"text";}}', '用户详细资料', ''),
(2, 'ip', '', '访问限制', ''),
(3, 'group_info', 'a:2:{i:0;a:2:{s:4:"name";s:6:"名称";s:4:"type";s:4:"text";}i:1;a:2:{s:4:"name";s:6:"电话";s:4:"type";s:4:"text";}}', '仓库资料扩展', ''),
(4, 'goods_info', 'a:6:{i:0;a:2:{s:4:"name";s:10:"负责人1";s:4:"type";s:4:"text";}i:1;a:2:{s:4:"name";s:13:"固话/传真";s:4:"type";s:4:"text";}i:2;a:2:{s:4:"name";s:10:"负责人2";s:4:"type";s:4:"text";}i:3;a:2:{s:4:"name";s:13:"固话/传真";s:4:"type";s:4:"text";}i:4;a:2:{s:4:"name";s:9:"地址：";s:4:"type";s:4:"text";}i:5;a:2:{s:4:"name";s:6:"快递";s:4:"type";s:4:"text";}}', '货品资料扩展', ''),
(5, 'client_info', 'a:10:{i:0;a:2:{s:4:"name";s:10:"负责人1";s:4:"type";s:4:"text";}i:1;a:2:{s:4:"name";s:13:"固话/传真";s:4:"type";s:4:"text";}i:2;a:2:{s:4:"name";s:10:"负责人2";s:4:"type";s:4:"text";}i:3;a:2:{s:4:"name";s:13:"固话/传真";s:4:"type";s:4:"text";}i:4;a:2:{s:4:"name";s:6:"地址";s:4:"type";s:4:"text";}i:5;a:2:{s:4:"name";s:10:"负责人3";s:4:"type";s:4:"text";}i:6;a:2:{s:4:"name";s:10:"负责人4";s:4:"type";s:4:"text";}i:7;a:2:{s:4:"name";s:12:"主营产品";s:4:"type";s:4:"text";}i:8;a:2:{s:4:"name";s:6:"备注";s:4:"type";s:4:"text";}i:9;a:2:{s:4:"name";s:12:"银行账户";s:4:"type";s:4:"text";}}', '客户资料', ''),
(6, 'supplier_info', 'a:2:{i:0;a:2:{s:4:"name";s:6:"电话";s:4:"type";s:4:"text";}i:1;a:2:{s:4:"name";s:6:"地址";s:4:"type";s:4:"text";}}', '供应商资料', ''),
(7, 'service2', '2', '外销(批发售后)', 'config'),
(8, 'service2', '1', '内销(批发售后)', 'config'),
(15, 'sorder', '', '曹欠欠', 'config'),
(13, 'sorder', '2', '内销(批发)', 'config'),
(9, 'service2', '2', '外销(零售售后)', 'config'),
(10, 'service2', '2', '内销(零售售后)', 'config'),
(11, 'sorder', '2', '外销(批发)', 'config'),
(12, 'sorder', '2', '外销(零售)', 'config'),
(14, 'sorder', '5', '内销(零售)', 'config'),
(16, 'sorder', '', '武海伦', 'config'),
(17, 'sorder', '', '王江', 'config'),
(18, 'sorder', '', '鹿光鹏', 'config'),
(19, 'sorder', '', '马宪品', 'config'),
(20, 'service1', '100000', '王家望', 'config'),
(21, 'sorder', '', '李娟娟', 'config'),
(22, 'sorder', '', '张秀萍', 'config'),
(23, 'service1', '21', '鹿光鹏', 'config'),
(24, 'service1', '27', '王江', 'config');

-- --------------------------------------------------------

--
-- 表的结构 `ix_system_node`
--

CREATE TABLE IF NOT EXISTS `ix_system_node` (
  `id` int(10) unsigned NOT NULL AUTO_INCREMENT,
  `m` varchar(20) NOT NULL,
  `a` varchar(20) NOT NULL,
  `name` varchar(100) NOT NULL,
  `hide` tinyint(4) NOT NULL DEFAULT '0',
  `sort` int(10) unsigned NOT NULL,
  PRIMARY KEY (`id`),
  KEY `m` (`m`,`a`,`hide`,`sort`)
) ENGINE=MyISAM  DEFAULT CHARSET=utf8 AUTO_INCREMENT=213 ;

--
-- 转存表中的数据 `ix_system_node`
--

INSERT INTO `ix_system_node` (`id`, `m`, `a`, `name`, `hide`, `sort`) VALUES
(1, 'Group', '', '仓库管理', 0, 107),
(2, 'Group', 'index', '仓库结构', 0, 108),
(3, 'Group', 'add', '仓库添加', 1, 109),
(4, 'Group', 'edit', '仓库修改', 1, 110),
(5, 'Group', 'delete', '仓库删除', 1, 111),
(6, 'Group', 'member', '仓库人员', 0, 112),
(7, 'Home', '', '个人信息管理', 0, 114),
(8, 'Home', 'password', '修改密码', 0, 115),
(9, 'Home', 'mail', '个人邮箱', 0, 116),
(10, 'Home', 'intro', '修改个人资料', 0, 118),
(11, 'Home', 'inform', '个人通知', 0, 117),
(12, 'Role', '', '权限管理', 0, 119),
(13, 'Role', 'index', '角色设置', 0, 120),
(14, 'Role', 'add', '角色添加', 1, 121),
(15, 'Role', 'node', '角色赋权', 0, 122),
(16, 'Role', 'edit', '角色修改', 1, 123),
(17, 'Role', 'delete', '角色删除', 1, 124),
(18, 'System', '', '系统配置', 0, 125),
(19, 'System', 'index', '关键数据设置', 0, 126),
(20, 'System', 'info', '资料扩展设置', 0, 129),
(21, 'System', 'node', '系统节点设置', 0, 128),
(22, 'System', 'optimize', '数据库优化', 0, 130),
(23, 'User', '', '人员管理', 0, 131),
(24, 'User', 'index', '人员列表', 0, 132),
(25, 'User', 'view', '查看人员资料', 1, 133),
(26, 'User', 'add', '人员添加', 1, 134),
(27, 'User', 'edit', '人员资料修改', 1, 135),
(28, 'User', 'delete', '人员删除', 1, 136),
(29, 'User', 'role', '人员角色', 1, 137),
(31, 'Goods', 'type', '货品分类', 0, 102),
(30, 'Goods', '', '货品管理', 0, 99),
(32, 'Goods', 'index', '货品列表', 0, 103),
(33, 'Goods', 'add', '货品添加', 1, 104),
(34, 'Goods', 'edit', '货品修改', 1, 105),
(35, 'Goods', 'del', '货品删除', 1, 106),
(36, 'Goods', 'view', '货品查看', 1, 101),
(37, 'Goods', 'code', '条码生成器', 1, 100),
(38, 'Stock', '', '库存管理', 0, 80),
(39, 'Stock', 'index', '库存出入记录', 0, 82),
(40, 'Stock', 'add', '库存添加', 1, 83),
(41, 'Stock', 'view', '查看出入记录', 1, 84),
(42, 'Stock', 'edit', '出入记录修改', 1, 85),
(43, 'Stock', 'delete', '库存记录删除', 1, 86),
(44, 'Client', '', '客户管理', 0, 138),
(45, 'Client', 'index', '客户列表', 0, 140),
(46, 'Client', 'add', '客户添加', 1, 141),
(47, 'Client', 'edit', '客户修改', 1, 142),
(48, 'Client', 'delete', '客户删除', 1, 143),
(49, 'Client', 'view', '查看客户', 1, 144),
(50, 'Supplier', '', '供应商管理', 0, 145),
(51, 'Supplier', 'index', '供应商列表', 0, 147),
(52, 'Supplier', 'add', '供应商添加', 1, 148),
(53, 'Supplier', 'edit', '供应商修改', 1, 149),
(54, 'Supplier', 'delete', '供应商删除', 1, 150),
(55, 'Supplier', 'view', '供应商查看', 1, 151),
(56, 'Financial', '', '财务管理', 0, 1),
(57, 'Financial', 'index', '财务收支表', 0, 3),
(58, 'Financial', 'add', '添加财务收支', 1, 4),
(59, 'Financial', 'edit', '收支修改', 1, 5),
(60, 'Financial', 'delete', '收支删除', 1, 6),
(61, 'Financial', 'view', '收支详单查看', 1, 7),
(62, 'Morder', '', '生产入库', 0, 54),
(63, 'Morder', 'index', '生产入库单列表', 0, 55),
(64, 'Morder', 'add', '添加生产入库单', 0, 56),
(65, 'Morder', 'edit', '入库单修改', 1, 57),
(66, 'Morder', 'delete', '入库单删除', 1, 58),
(67, 'Morder', 'view', '入库单审阅', 1, 59),
(68, 'Morder', 'audit', '入库单审批', 0, 60),
(69, 'Stock', 'audit', '库存出入确认', 1, 87),
(70, 'Porder', '', '采购入库', 0, 37),
(71, 'Porder', 'index', '采购入库单列表', 0, 38),
(72, 'Porder', 'add', '添加采购入库单', 0, 39),
(73, 'Porder', 'edit', '入库单修改', 1, 40),
(74, 'Porder', 'delete', '入库单删除', 1, 41),
(75, 'Porder', 'view', '入库单审阅', 1, 42),
(76, 'Porder', 'audit', '入库单审批', 0, 43),
(77, 'Sorder', '', '销售出库', 0, 62),
(78, 'Sorder', 'index', '销售出库单列表', 0, 63),
(79, 'Sorder', 'add', '添加销售出库单', 0, 64),
(80, 'Sorder', 'edit', '出库单修改', 1, 65),
(81, 'Sorder', 'delete', '出库单删除', 1, 66),
(82, 'Sorder', 'view', '普通查看', 1, 67),
(83, 'Sorder', 'audit', '出库单审批', 0, 69),
(84, 'Financial', 'audit', '收支确认', 1, 8),
(85, 'Stock', 'statistics', '库存统计', 0, 88),
(86, 'Stock', 'getsum', 'Ajax读取货品存量', 1, 81),
(87, 'Stock', 'inorde', '库存损溢', 1, 89),
(88, 'Stock', 'warn', '库存报警', 0, 90),
(91, 'Financial', 'statistics', '财务统计', 0, 9),
(94, 'Client', 'type', '客户类型', 0, 139),
(95, 'Supplier', 'type', '供应商类型', 0, 146),
(96, 'Wastage', '', '原材料损耗', 0, 152),
(100, 'Wastage', 'index', '损耗列表', 0, 154),
(98, 'Wastage', 'add', '添加损耗', 0, 153),
(101, 'Wastage', 'edit', '损耗修改', 1, 155),
(102, 'Wastage', 'delete', '损耗删除', 1, 156),
(103, 'Wastage', 'view', '损耗审阅', 1, 157),
(104, 'Wastage', 'audit', '损耗审批', 0, 158),
(105, 'Service', '', '售后管理', 0, 159),
(106, 'Service', 'index', '售后管理', 0, 160),
(107, 'Service', 'add', '添加售后服务', 1, 161),
(108, 'Service', 'edit', '修改售后服务', 1, 162),
(109, 'Service', 'delete', '删除售后服务', 1, 163),
(110, 'Service', 'audit', '售后审批', 0, 164),
(111, 'Service', 'view', '售后审阅', 1, 165),
(112, 'Split', '', '拆分管理', 0, 177),
(113, 'Split', 'index', '拆分列表', 0, 178),
(114, 'Split', 'add', '添加拆分', 1, 179),
(115, 'Split', 'edit', '修改拆分', 1, 180),
(116, 'Split', 'delete', '删除拆分', 1, 181),
(117, 'Split', 'audit', '审核拆分', 0, 182),
(118, 'Split', 'view', '查看拆分', 1, 183),
(119, 'Service', 'statistics', '售后统计', 0, 166),
(120, 'Sorder', 'statistics', '销售统计', 0, 70),
(122, 'Fitting', '', '组装管理', 0, 184),
(123, 'Fitting', 'index', '组装列表', 0, 185),
(124, 'Fitting', 'edit', '修改组装', 1, 186),
(125, 'Fitting', 'add', '添加组装', 1, 187),
(126, 'Fitting', 'delete', '删除组装', 1, 188),
(127, 'Fitting', 'audit', '审核组装', 0, 189),
(128, 'Fitting', 'view', '查看拆分', 1, 190),
(129, 'Sorder', 'swap', '销售退货', 0, 71),
(130, 'Sorder', 'addSwap', '添加退货', 1, 72),
(131, 'Sorder', 'editSwap', '修改退货', 1, 73),
(132, 'Sorder', 'delSwap', '删除退货', 1, 74),
(133, 'System', 'config', '基础数据管理', 0, 127),
(134, 'Financial', 'daily', '日常收支管理', 0, 10),
(135, 'Financial', 'addDaily', '添加日常费用', 1, 11),
(136, 'Financial', 'editDaily', '修改日常费用', 1, 12),
(137, 'Financial', 'deleteDaily', '删除日常费用', 1, 13),
(138, 'Financial', 'worker', '员工费用管理', 0, 14),
(139, 'Financial', 'bank', '银行账户管理', 0, 15),
(140, 'Financial', 'viewBank', '银行账户明细', 1, 16),
(141, 'Financial', 'addBank', '添加银行', 1, 17),
(142, 'Financial', 'editBank', '修改银行', 1, 18),
(143, 'Financial', 'deleteBank', '删除银行', 1, 19),
(144, 'Group', 'goods', '仓库产品', 0, 113),
(145, 'Fixed', '', '固定资产管理', 0, 191),
(146, 'Fixed', 'sort', '固定资产分类', 0, 192),
(152, 'Fixed', 'add', '固定资产添加', 1, 197),
(148, 'Fixed', 'edit', '固定资产修改', 1, 193),
(149, 'Fixed', 'delete', '固定资产删除', 1, 194),
(150, 'Fixed', 'deal', '固定资产折旧/变卖', 1, 195),
(151, 'Fixed', 'index', '固定资产列表', 0, 196),
(153, 'Sorder', 'printOrder', '出库单 打印', 1, 75),
(154, 'Sorder', 'printStatistics', '销售统计打印', 1, 76),
(155, 'Service', 'parts', '配件管理', 0, 167),
(156, 'Service', 'addParts', '配件添加', 1, 168),
(157, 'Service', 'editParts', '配件修改', 1, 169),
(158, 'Service', 'deleteParts', '配件删除', 1, 170),
(159, 'Service', 'viewParts', '配件查看', 1, 171),
(160, 'Service', 'auditParts', '配件审批', 0, 172),
(161, 'Service', 'backParts', '配件退回', 1, 173),
(162, 'Financial', 'money', '库存现金管理', 0, 20),
(163, 'Porder', 'swap', '采购退货', 0, 44),
(164, 'Porder', 'addSwap', '添加退货', 1, 45),
(165, 'Porder', 'editSwap', '修改退货', 1, 46),
(166, 'Porder', 'delSwap', '删除退货', 1, 47),
(167, 'Financial', 'viewDaily', '查看日常消费', 1, 21),
(168, 'Porder', 'auditSwap', '采购退货审核', 0, 48),
(169, 'Porder', 'viewSwap', '退货查看', 1, 49),
(170, 'Sorder', 'auditSwap', '销售退货审核', 0, 77),
(171, 'Sorder', 'viewSwap', '销售退货产看', 1, 78),
(172, 'Financial', 'printDaily', '打印日常费用', 1, 22),
(173, 'Financial', 'sort', '科目管理', 0, 23),
(174, 'Porder', 'statistics', '采购统计', 0, 50),
(175, 'Porder', 'printStatistics', '打印 采购统计', 1, 51),
(176, 'Service', 'printStatistics', '打印售后统计', 1, 174),
(177, 'Service', 'printService', '打印售后单', 1, 175),
(178, 'Sorder', 'printSwap', '打印退货', 1, 79),
(179, 'Porder', 'printSwap', '打印退货', 1, 52),
(180, 'Porder', 'printOrder', '采购打印', 1, 53),
(182, 'Service', 'printParts', '配件打印', 1, 176),
(183, 'Financial', 'debt', '应收应付统计', 0, 24),
(184, 'Financial', 'debtList', '应收应付明细', 1, 25),
(185, 'Financial', 'printFinancial', '打印财务支出', 1, 26),
(186, 'Financial', 'delBankRecord', '删除银行现金记录', 1, 27),
(187, 'Fixed', 'low', '低值易耗品列表', 0, 198),
(189, 'Financial', 'addDebt', '应收应付 添加', 1, 32),
(190, 'Financial', 'editDebt', '应收应付  修改', 1, 34),
(191, 'Morder', 'printOrder', '生产打印', 1, 61),
(192, 'Financial', 'profit', '利润统计', 0, 2),
(194, 'Financial', 'allot', '银行调拨管理', 0, 28),
(195, 'Financial', 'addAllot', '添加银行调拨', 1, 29),
(196, 'Financial', 'editAllot', '修改银行调拨', 1, 30),
(197, 'Financial', 'delAllot', '删除银行调拨', 1, 31),
(198, 'Financial', 'auditAllot', '审核银行调拨', 1, 33),
(199, 'Financial', 'viewAllot', '查看银行调拨', 1, 35),
(201, 'Financial', 'printAllot', '打印银行调拨', 1, 36),
(202, 'Stock', 'pprice', '采购库存价格管理', 0, 91),
(203, 'Stock', 'editPrice', '修改库存价格', 1, 92),
(205, 'Stock', 'sprice', '销售库存价格管理', 0, 93),
(206, 'Stock', 'viewPrice', '查看库存价格', 1, 94),
(208, 'Stock', 'servprice', '维修库存价格管理', 0, 95),
(209, 'Stock', 'report', '报溢报损', 0, 96),
(210, 'Stock', 'remain', 'ajax获取商品剩余数量', 1, 97),
(211, 'Stock', 'detail', '库存详情', 1, 98),
(212, 'Sorder', 'costView', '成本查看', 1, 68);

-- --------------------------------------------------------

--
-- 表的结构 `ix_user`
--

CREATE TABLE IF NOT EXISTS `ix_user` (
  `uid` int(10) unsigned NOT NULL AUTO_INCREMENT,
  `username` char(40) NOT NULL,
  `password` char(32) NOT NULL,
  `name` varchar(20) NOT NULL,
  `num` varchar(32) NOT NULL,
  `btype` varchar(10) NOT NULL,
  `birthday` varchar(10) NOT NULL,
  `lasttime` int(10) unsigned NOT NULL,
  `nowtime` int(10) unsigned NOT NULL,
  `lock` tinyint(1) unsigned NOT NULL DEFAULT '0',
  `del` tinyint(1) unsigned NOT NULL DEFAULT '0',
  PRIMARY KEY (`uid`),
  UNIQUE KEY `username` (`username`),
  KEY `num` (`num`)
) ENGINE=MyISAM  DEFAULT CHARSET=utf8 AUTO_INCREMENT=100002 ;

--
-- 转存表中的数据 `ix_user`
--

INSERT INTO `ix_user` (`uid`, `username`, `password`, `name`, `num`, `btype`, `birthday`, `lasttime`, `nowtime`, `lock`, `del`) VALUES
(1, 'admin@admin.com', '8d9f27a0979400f4307379001c9b487e', '管理员', '', '', '', 1393297572, 1393314775, 1, 0),
(15, 'dl_cangku', '0aea67add5fe0199febe771962aafdc9', '主库存管理', '005', '', '', 1347589706, 1347671314, 0, 1),
(16, 'dl_test', '05a671c66aefea124cc08b76ea6d30bb', '测试库管账号', 'test0001', '', '', 1344228028, 1344237485, 0, 1),
(17, 'dl_weixiu', '4b029bdae08dcaf831dec3b4b5cf3579', '维修库管理', '', '', '', 1345249742, 1346468306, 0, 1),
(18, 'huihaote-zxp', '767baf52fc2d8563eb9c94ac2554b35c', '张秀萍', 'huihaote-007', '阳历', '1987-1-18', 1395045846, 1395102724, 0, 0),
(19, 'huihaote-ljj', 'bd9017fe83ce86af74d4dd9fca707b5f', '李娟娟', 'huihaote-022', '', '1988-9-29', 1392949373, 1392957087, 0, 0),
(20, 'huihaote-fgx', '687fc797b5b091bad600b4d34bec04c0', '冯贵欣', 'huihaote-002', '', '1979-6-25', 1378695330, 1378782718, 1, 0),
(21, 'huihaote-lgp', 'f1917a961ef9da68e01cfc267bc9840e', '鹿光鹏', 'huihaote-017', '', '1987-4-4', 1393550179, 1393806147, 1, 0),
(22, 'dl_huihaote-wxl', '6cb7ae66ffddc7fc0a4d9a1eb0b841d3', '王晓丽', 'huihaote-025', '阳历', '1989-8-11', 1356667075, 1366074681, 1, 1),
(23, 'dl_huihaote-lyh', '215cfc550bf091c228a53f43b4e5f526', '李永华', 'huihaote-023', '', '1989-2-12', 1358498814, 1358559500, 1, 1),
(24, 'huihaote-cqq', 'eb1cdd6dd506c204686190b2f3327e96', '曹欠欠', 'huihaote-014', '', '1989-12-28', 1353549054, 1354864183, 1, 0),
(25, 'huihaote-yxn', 'ad3b45dc0cbd1c5b8038cf52d2ab443e', '苑秀娜', 'huihaote-027', '', '1983-11-6', 1393805783, 1395026384, 1, 0),
(26, 'dl_aaa', '0b4e7a0e5fe84ad35fb5f95b9ceeac79', '', '', '', '', 1353563607, 1353563705, 0, 1),
(27, 'huihaote-wj', '012d8baa9a51d0039869f9732c0d5b61', '王江', 'huihaote-001', '阳历', '1976-10-20', 1354868106, 1354868133, 0, 0),
(28, 'dl_huihaote-cxh', 'fd2e40997a7219c429a687736327050d', '初旭红', 'huihaote-025', '阳历', '1989-8-11', 1381387631, 1383272505, 0, 1),
(29, 'dl_huihaote-jzy', 'fd2e40997a7219c429a687736327050d', '贾志夷', 'huihaote-028', '阳历', '', 1367800320, 1369024519, 0, 1),
(30, 'huihaote-bgs', 'fd2e40997a7219c429a687736327050d', '办公室', '', '阳历', '', 1367800594, 0, 0, 0),
(31, 'huihaote-yhd', 'fd2e40997a7219c429a687736327050d', '银行调拨', 'huihaote-yhd', '阳历', '', 1367986263, 0, 0, 0),
(32, 'huihaote-mxp', 'fd2e40997a7219c429a687736327050d', '马宪品', 'huihaote-026', '阳历', '', 1393203679, 1393805282, 1, 0),
(33, 'huihaote-whl', 'fd2e40997a7219c429a687736327050d', '武海伦', 'huihaote-whl', '阳历', '', 1383272676, 1393216189, 0, 0),
(34, 'dl_huihaote-HM', '4cc28c673eeb46291f8fa99382757799', '贺苗', 'huihaote-029', '阳历', '', 1371710105, 0, 1, 1),
(35, 'admin@admin1.com', 'cff1101c00b9a442b49c83e893bf8a43', 'Keler', '', '', '', 1395026162, 1395037017, 1, 0),
(100000, 'huihaote-wjw', 'fd2e40997a7219c429a687736327050d', '王家望', 'huihaote-031', '阳历', '', 1392270029, 1392338623, 0, 0),
(100001, 'dl_huihaote-gcy', 'fd2e40997a7219c429a687736327050d', '郭春艳', 'huihaote-030', '阳历', '', 1376970286, 0, 0, 1);

-- --------------------------------------------------------

--
-- 表的结构 `ix_user_info`
--

CREATE TABLE IF NOT EXISTS `ix_user_info` (
  `uid` int(10) unsigned NOT NULL,
  `value` text NOT NULL,
  PRIMARY KEY (`uid`)
) ENGINE=MyISAM DEFAULT CHARSET=utf8;

--
-- 转存表中的数据 `ix_user_info`
--

INSERT INTO `ix_user_info` (`uid`, `value`) VALUES
(15, 'a:4:{i:0;s:0:"";i:1;s:0:"";i:2;s:0:"";i:3;s:0:"";}'),
(16, 'a:4:{i:0;s:0:"";i:1;s:0:"";i:2;s:0:"";i:3;s:0:"";}'),
(17, 'a:4:{i:0;s:0:"";i:1;s:0:"";i:2;s:0:"";i:3;s:0:"";}'),
(18, 'a:4:{i:0;s:0:"";i:1;s:32:"青岛市李沧区永安路50号";i:2;s:11:"15154437923";i:3;s:18:"370782198703163686";}'),
(19, 'a:4:{i:0;s:0:"";i:1;s:27:"青岛市市北区保尔村";i:2;s:11:"15092070893";i:3;s:18:"371482198810170843";}'),
(20, 'a:4:{i:0;s:0:"";i:1;s:30:"青岛市城阳区正阳东路";i:2;s:11:"18953209899";i:3;s:18:"130182197906256223";}'),
(21, 'a:4:{i:0;s:0:"";i:1;s:27:"青岛市李沧区金水路";i:2;s:11:"18953209896";i:3;s:18:"372926198704042538";}'),
(22, 'a:4:{i:0;s:0:"";i:1;s:27:"青岛市李沧区虎山路";i:2;s:11:"15970615024";i:3;s:18:"370683198909116421";}'),
(23, 'a:4:{i:0;s:0:"";i:1;s:27:"青岛市李沧区金水路";i:2;s:11:"18953209901";i:3;s:18:"372922198902127991";}'),
(24, 'a:4:{i:0;s:0:"";i:1;s:27:"青岛市李沧区金水路";i:2;s:11:"15066816265";i:3;s:18:"372901198912288041";}'),
(25, 'a:4:{i:0;s:0:"";i:1;s:27:"青岛市李沧区永安路";i:2;s:11:"13864885511";i:3;s:18:"371323198311061460";}'),
(27, 'a:4:{i:0;s:0:"";i:1;s:0:"";i:2;s:11:"13365329938";i:3;s:0:"";}'),
(28, 'a:4:{i:0;s:0:"";i:1;s:0:"";i:2;s:0:"";i:3;s:0:"";}'),
(29, 'a:4:{i:0;s:0:"";i:1;s:0:"";i:2;s:0:"";i:3;s:0:"";}'),
(30, 'a:4:{i:0;s:0:"";i:1;s:0:"";i:2;s:0:"";i:3;s:0:"";}'),
(31, 'a:4:{i:0;s:0:"";i:1;s:0:"";i:2;s:0:"";i:3;s:0:"";}'),
(32, 'a:4:{i:0;s:0:"";i:1;s:0:"";i:2;s:0:"";i:3;s:0:"";}'),
(33, 'a:4:{i:0;s:0:"";i:1;s:0:"";i:2;s:0:"";i:3;s:0:"";}'),
(34, 'a:4:{i:0;s:0:"";i:1;s:0:"";i:2;s:0:"";i:3;s:0:"";}'),
(100000, 'a:4:{i:0;s:0:"";i:1;s:0:"";i:2;s:0:"";i:3;s:0:"";}'),
(100001, 'a:4:{i:0;s:0:"";i:1;s:0:"";i:2;s:0:"";i:3;s:0:"";}');

-- --------------------------------------------------------

--
-- 表的结构 `ix_user_inform`
--

CREATE TABLE IF NOT EXISTS `ix_user_inform` (
  `uid` int(10) unsigned NOT NULL,
  `inform` int(10) unsigned NOT NULL,
  `read` tinyint(1) unsigned NOT NULL,
  KEY `uid` (`uid`,`inform`,`read`)
) ENGINE=MyISAM DEFAULT CHARSET=utf8;

--
-- 转存表中的数据 `ix_user_inform`
--

INSERT INTO `ix_user_inform` (`uid`, `inform`, `read`) VALUES
(18, 1, 1),
(18, 3, 1),
(18, 9, 1),
(18, 11, 1),
(18, 14, 1),
(18, 17, 1),
(18, 24, 1),
(18, 27, 1),
(18, 31, 1),
(18, 34, 1),
(18, 36, 1),
(18, 39, 1),
(18, 42, 1),
(18, 45, 1),
(18, 48, 1),
(18, 51, 1),
(18, 54, 1),
(18, 57, 1),
(18, 60, 1),
(18, 63, 1),
(18, 66, 1),
(18, 68, 1),
(18, 72, 1),
(18, 75, 1),
(18, 77, 1),
(18, 80, 1),
(18, 86, 1),
(18, 88, 1),
(18, 91, 1),
(18, 94, 1),
(18, 97, 1),
(18, 100, 1),
(18, 104, 1),
(18, 113, 1),
(18, 116, 1),
(18, 119, 1),
(18, 122, 1),
(18, 124, 1),
(18, 126, 1),
(18, 129, 1),
(18, 131, 1),
(18, 134, 1),
(18, 138, 1),
(18, 144, 1),
(18, 147, 1),
(18, 150, 1),
(18, 153, 1),
(18, 156, 1),
(18, 159, 1),
(18, 161, 1),
(18, 163, 1),
(18, 166, 1),
(18, 174, 1),
(18, 177, 1),
(18, 180, 1),
(18, 183, 1),
(18, 186, 1),
(18, 192, 1),
(18, 193, 1),
(18, 194, 1),
(18, 195, 1),
(18, 195, 1),
(18, 196, 1),
(18, 197, 1),
(18, 198, 1),
(18, 200, 1),
(18, 200, 1),
(18, 201, 1),
(18, 202, 1),
(18, 203, 1),
(18, 204, 1),
(18, 204, 1),
(18, 205, 1),
(18, 206, 1),
(18, 207, 1),
(18, 208, 1),
(18, 210, 1),
(18, 213, 1),
(18, 216, 1),
(18, 219, 1),
(18, 222, 1),
(18, 223, 1),
(18, 224, 1),
(18, 225, 1),
(18, 225, 1),
(18, 226, 1),
(18, 227, 1),
(18, 228, 1),
(18, 228, 1),
(18, 229, 1),
(18, 230, 1),
(18, 231, 1),
(18, 231, 1),
(18, 232, 1),
(18, 233, 1),
(18, 234, 1),
(18, 234, 1),
(18, 235, 1),
(18, 236, 1),
(18, 237, 1),
(18, 237, 1),
(18, 238, 1),
(18, 239, 1),
(18, 239, 1),
(18, 240, 1),
(18, 242, 1),
(18, 244, 1),
(18, 247, 1),
(18, 249, 1),
(18, 251, 1),
(18, 251, 1),
(18, 253, 1),
(18, 253, 1),
(18, 255, 1),
(18, 259, 1),
(18, 260, 1),
(18, 261, 1),
(18, 262, 1),
(18, 263, 1),
(18, 279, 1),
(18, 299, 1),
(18, 300, 1),
(18, 301, 1),
(18, 302, 1),
(18, 304, 1),
(18, 308, 1),
(18, 310, 1),
(18, 312, 1),
(18, 314, 1),
(18, 316, 1),
(18, 339, 1),
(18, 379, 1),
(18, 380, 1),
(18, 381, 1),
(18, 382, 1),
(18, 385, 1),
(18, 386, 1),
(18, 387, 1),
(18, 388, 1),
(18, 389, 1),
(18, 390, 1),
(18, 391, 1),
(18, 392, 1),
(18, 393, 1),
(18, 394, 1),
(18, 396, 1),
(18, 398, 1),
(18, 400, 1),
(18, 402, 1),
(18, 409, 1),
(18, 411, 1),
(18, 414, 1),
(18, 416, 1),
(18, 418, 1),
(18, 420, 1),
(18, 422, 1),
(18, 424, 1),
(18, 426, 1),
(18, 428, 1),
(18, 431, 1),
(18, 433, 1),
(18, 435, 1),
(18, 437, 1),
(18, 439, 1),
(18, 440, 1),
(18, 441, 1),
(18, 442, 1),
(18, 443, 1),
(18, 444, 1),
(18, 445, 1),
(18, 446, 1),
(18, 449, 1),
(18, 450, 1),
(18, 451, 1),
(18, 452, 1),
(18, 453, 1),
(18, 454, 1),
(18, 455, 1),
(18, 456, 1),
(18, 457, 1),
(18, 458, 1),
(19, 252, 0),
(19, 254, 0),
(19, 256, 0),
(19, 260, 0),
(19, 263, 0),
(19, 266, 0),
(35, 20, 1),
(35, 22, 1),
(35, 26, 1),
(35, 29, 1),
(35, 30, 1),
(35, 33, 1),
(35, 38, 1),
(35, 41, 1),
(35, 44, 1),
(35, 47, 1),
(35, 50, 1),
(35, 53, 1),
(35, 56, 1),
(35, 59, 1),
(35, 62, 1),
(35, 65, 1),
(35, 70, 1),
(35, 74, 1),
(35, 79, 1),
(35, 82, 1),
(35, 83, 1),
(35, 84, 1),
(35, 90, 1),
(35, 93, 1),
(35, 96, 1),
(35, 99, 1),
(35, 102, 1),
(35, 103, 1),
(35, 106, 1),
(35, 107, 1),
(35, 108, 1),
(35, 109, 1),
(35, 110, 1),
(35, 111, 1),
(35, 112, 1),
(35, 115, 1),
(35, 118, 1),
(35, 121, 1),
(35, 128, 1),
(35, 133, 1),
(35, 136, 1),
(35, 137, 1),
(35, 140, 1),
(35, 142, 1),
(35, 146, 1),
(35, 149, 1),
(35, 152, 1),
(35, 155, 1),
(35, 158, 1),
(35, 165, 1),
(35, 168, 1),
(35, 169, 1),
(35, 170, 1),
(35, 171, 1),
(35, 172, 1),
(35, 173, 1),
(35, 176, 1),
(35, 179, 1),
(35, 182, 1),
(35, 185, 1),
(35, 188, 1),
(35, 189, 1),
(35, 190, 1),
(35, 191, 1),
(35, 192, 1),
(35, 193, 1),
(35, 194, 1),
(35, 197, 1),
(35, 198, 1),
(35, 199, 1),
(35, 202, 1),
(35, 203, 1),
(35, 206, 1),
(35, 209, 1),
(35, 212, 1),
(35, 215, 1),
(35, 218, 1),
(35, 221, 1),
(35, 224, 1),
(35, 227, 1),
(35, 230, 1),
(35, 233, 1),
(35, 236, 1),
(35, 241, 1),
(35, 244, 1),
(35, 245, 1),
(35, 246, 1),
(35, 248, 1),
(35, 249, 1),
(35, 257, 1),
(35, 258, 1),
(35, 261, 1),
(35, 264, 1),
(35, 265, 1);

-- --------------------------------------------------------

--
-- 表的结构 `ix_user_mail`
--

CREATE TABLE IF NOT EXISTS `ix_user_mail` (
  `id` int(10) unsigned NOT NULL AUTO_INCREMENT,
  `uid` int(10) unsigned NOT NULL,
  `title` varchar(200) NOT NULL,
  `content` text NOT NULL,
  `writer` int(10) NOT NULL,
  `time` int(10) unsigned NOT NULL,
  `read` tinyint(1) unsigned NOT NULL,
  `reply` int(10) unsigned NOT NULL,
  `system` tinyint(1) unsigned NOT NULL,
  PRIMARY KEY (`id`)
) ENGINE=MyISAM  DEFAULT CHARSET=utf8 AUTO_INCREMENT=1307 ;

--
-- 转存表中的数据 `ix_user_mail`
--

INSERT INTO `ix_user_mail` (`id`, `uid`, `title`, `content`, `writer`, `time`, `read`, `reply`, `system`) VALUES
(1, 2, '新的“采购入库单”需要审批', 'Keler提交了新的“采购入库单”需要您审批，单号：<a href="/index.php/Porder/view/id/1">《cgrk-201403130001》</a>', 0, 1394693916, 0, 0, 1),
(2, 3, '新的“采购入库单”需要审批', 'Keler提交了新的“采购入库单”需要您审批，单号：<a href="/index.php/Porder/view/id/1">《cgrk-201403130001》</a>', 0, 1394693916, 0, 0, 1),
(3, 2, '新的“采购入库单”需要审批', 'Keler提交了新的“采购入库单”需要您审批，单号：<a href="/index.php/Porder/view/id/1">《cgrk-201403130001》</a>', 0, 1394693916, 0, 0, 1),
(4, 3, '新的“采购入库单”需要审批', 'Keler提交了新的“采购入库单”需要您审批，单号：<a href="/index.php/Porder/view/id/1">《cgrk-201403130001》</a>', 0, 1394693916, 0, 0, 1),
(5, 4, '新的“采购入库单”需要审批', 'Keler提交了新的“采购入库单”需要您审批，单号：<a href="/index.php/Porder/view/id/1">《cgrk-201403130001》</a>', 0, 1394693916, 0, 0, 1),
(6, 7, '新的“采购入库单”需要审批', 'Keler提交了新的“采购入库单”需要您审批，单号：<a href="/index.php/Porder/view/id/1">《cgrk-201403130001》</a>', 0, 1394693916, 0, 0, 1),
(7, 12, '新的“采购入库单”需要审批', 'Keler提交了新的“采购入库单”需要您审批，单号：<a href="/index.php/Porder/view/id/1">《cgrk-201403130001》</a>', 0, 1394693916, 0, 0, 1),
(8, 13, '新的“采购入库单”需要审批', 'Keler提交了新的“采购入库单”需要您审批，单号：<a href="/index.php/Porder/view/id/1">《cgrk-201403130001》</a>', 0, 1394693916, 0, 0, 1),
(9, 14, '新的“采购入库单”需要审批', 'Keler提交了新的“采购入库单”需要您审批，单号：<a href="/index.php/Porder/view/id/1">《cgrk-201403130001》</a>', 0, 1394693916, 0, 0, 1),
(10, 15, '新的“采购入库单”需要审批', 'Keler提交了新的“采购入库单”需要您审批，单号：<a href="/index.php/Porder/view/id/1">《cgrk-201403130001》</a>', 0, 1394693916, 0, 0, 1),
(11, 14, '新的“采购入库单”需要审批', 'Keler提交了新的“采购入库单”需要您审批，单号：<a href="/index.php/Porder/view/id/1">《cgrk-201403130001》</a>', 0, 1394693916, 0, 0, 1),
(12, 15, '新的“采购入库单”需要审批', 'Keler提交了新的“采购入库单”需要您审批，单号：<a href="/index.php/Porder/view/id/1">《cgrk-201403130001》</a>', 0, 1394693916, 0, 0, 1),
(13, 1, '新的“采购入库单”需要审批', 'Keler提交了新的“采购入库单”需要您审批，单号：<a href="/index.php/Porder/view/id/1">《cgrk-201403130001》</a>', 0, 1394693916, 0, 0, 1),
(14, 6, '新的“采购入库单”需要审批', 'Keler提交了新的“采购入库单”需要您审批，单号：<a href="/index.php/Porder/view/id/1">《cgrk-201403130001》</a>', 0, 1394693916, 0, 0, 1),
(15, 35, '新的“采购入库单”需要审批', 'Keler提交了新的“采购入库单”需要您审批，单号：<a href="/index.php/Porder/view/id/1">《cgrk-201403130001》</a>', 0, 1394693916, 0, 0, 1),
(16, 1, '新的“采购入库单”需要审批', 'Keler提交了新的“采购入库单”需要您审批，单号：<a href="/index.php/Porder/view/id/1">《cgrk-201403130001》</a>', 0, 1394693916, 0, 0, 1),
(17, 6, '新的“采购入库单”需要审批', 'Keler提交了新的“采购入库单”需要您审批，单号：<a href="/index.php/Porder/view/id/1">《cgrk-201403130001》</a>', 0, 1394693916, 0, 0, 1),
(18, 35, '新的“采购入库单”需要审批', 'Keler提交了新的“采购入库单”需要您审批，单号：<a href="/index.php/Porder/view/id/1">《cgrk-201403130001》</a>', 0, 1394693916, 0, 0, 1),
(19, 1, '新的“采购入库单”需要审批', 'Keler提交了新的“采购入库单”需要您审批，单号：<a href="/index.php/Porder/view/id/1">《cgrk-201403130001》</a>', 0, 1394693916, 0, 0, 1),
(20, 6, '新的“采购入库单”需要审批', 'Keler提交了新的“采购入库单”需要您审批，单号：<a href="/index.php/Porder/view/id/1">《cgrk-201403130001》</a>', 0, 1394693916, 0, 0, 1),
(21, 35, '新的“采购入库单”需要审批', 'Keler提交了新的“采购入库单”需要您审批，单号：<a href="/index.php/Porder/view/id/1">《cgrk-201403130001》</a>', 0, 1394693916, 0, 0, 1),
(22, 20, '新的“采购入库单”需要审批', 'Keler提交了新的“采购入库单”需要您审批，单号：<a href="/index.php/Porder/view/id/1">《cgrk-201403130001》</a>', 0, 1394693916, 0, 0, 1),
(23, 19, '新的“采购入库单”需要审批', 'Keler提交了新的“采购入库单”需要您审批，单号：<a href="/index.php/Porder/view/id/1">《cgrk-201403130001》</a>', 0, 1394693916, 0, 0, 1),
(24, 15, '新的“采购入库单”需要审批', 'Keler提交了新的“采购入库单”需要您审批，单号：<a href="/index.php/Porder/view/id/1">《cgrk-201403130001》</a>', 0, 1394693916, 0, 0, 1),
(25, 17, '新的“采购入库单”需要审批', 'Keler提交了新的“采购入库单”需要您审批，单号：<a href="/index.php/Porder/view/id/1">《cgrk-201403130001》</a>', 0, 1394693916, 0, 0, 1),
(26, 18, '新的“采购入库单”需要审批', 'Keler提交了新的“采购入库单”需要您审批，单号：<a href="/index.php/Porder/view/id/1">《cgrk-201403130001》</a>', 0, 1394693916, 0, 0, 1),
(27, 30, '新的“采购入库单”需要审批', 'Keler提交了新的“采购入库单”需要您审批，单号：<a href="/index.php/Porder/view/id/1">《cgrk-201403130001》</a>', 0, 1394693916, 0, 0, 1),
(28, 15, '新的“采购入库单”需要审批', 'Keler提交了新的“采购入库单”需要您审批，单号：<a href="/index.php/Porder/view/id/1">《cgrk-201403130001》</a>', 0, 1394693916, 0, 0, 1),
(29, 17, '新的“采购入库单”需要审批', 'Keler提交了新的“采购入库单”需要您审批，单号：<a href="/index.php/Porder/view/id/1">《cgrk-201403130001》</a>', 0, 1394693916, 0, 0, 1),
(30, 18, '新的“采购入库单”需要审批', 'Keler提交了新的“采购入库单”需要您审批，单号：<a href="/index.php/Porder/view/id/1">《cgrk-201403130001》</a>', 0, 1394693916, 0, 0, 1),
(31, 30, '新的“采购入库单”需要审批', 'Keler提交了新的“采购入库单”需要您审批，单号：<a href="/index.php/Porder/view/id/1">《cgrk-201403130001》</a>', 0, 1394693916, 0, 0, 1),
(32, 15, '新的“采购入库单”需要审批', 'Keler提交了新的“采购入库单”需要您审批，单号：<a href="/index.php/Porder/view/id/1">《cgrk-201403130001》</a>', 0, 1394693916, 0, 0, 1),
(33, 17, '新的“采购入库单”需要审批', 'Keler提交了新的“采购入库单”需要您审批，单号：<a href="/index.php/Porder/view/id/1">《cgrk-201403130001》</a>', 0, 1394693916, 0, 0, 1),
(34, 18, '新的“采购入库单”需要审批', 'Keler提交了新的“采购入库单”需要您审批，单号：<a href="/index.php/Porder/view/id/1">《cgrk-201403130001》</a>', 0, 1394693916, 0, 0, 1),
(35, 30, '新的“采购入库单”需要审批', 'Keler提交了新的“采购入库单”需要您审批，单号：<a href="/index.php/Porder/view/id/1">《cgrk-201403130001》</a>', 0, 1394693916, 0, 0, 1),
(36, 15, '新的“采购入库单”需要审批', 'Keler提交了新的“采购入库单”需要您审批，单号：<a href="/index.php/Porder/view/id/1">《cgrk-201403130001》</a>', 0, 1394693916, 0, 0, 1),
(37, 17, '新的“采购入库单”需要审批', 'Keler提交了新的“采购入库单”需要您审批，单号：<a href="/index.php/Porder/view/id/1">《cgrk-201403130001》</a>', 0, 1394693916, 0, 0, 1),
(38, 18, '新的“采购入库单”需要审批', 'Keler提交了新的“采购入库单”需要您审批，单号：<a href="/index.php/Porder/view/id/1">《cgrk-201403130001》</a>', 0, 1394693916, 0, 0, 1),
(39, 30, '新的“采购入库单”需要审批', 'Keler提交了新的“采购入库单”需要您审批，单号：<a href="/index.php/Porder/view/id/1">《cgrk-201403130001》</a>', 0, 1394693916, 0, 0, 1),
(40, 35, '“采购入库单”审批结果', '您提交了的“采购入库单”，审核通过。单号：<a href="/index.php/Porder/view/id/1">《cgrk-201403130001》</a>', 0, 1394693943, 0, 0, 1),
(41, 3, '“采购入库单”审核通过，等待货/款确认', 'Keler提交了的“采购入库单”审核通过。单号：<a href="/index.php/Porder/view/id/1">《cgrk-201403130001》</a>', 0, 1394693943, 0, 0, 1),
(42, 2, '“采购入库单”审核通过，等待货/款确认', 'Keler提交了的“采购入库单”审核通过。单号：<a href="/index.php/Porder/view/id/1">《cgrk-201403130001》</a>', 0, 1394693943, 0, 0, 1),
(43, 3, '“采购入库单”审核通过，等待货/款确认', 'Keler提交了的“采购入库单”审核通过。单号：<a href="/index.php/Porder/view/id/1">《cgrk-201403130001》</a>', 0, 1394693943, 0, 0, 1),
(44, 2, '“采购入库单”审核通过，等待货/款确认', 'Keler提交了的“采购入库单”审核通过。单号：<a href="/index.php/Porder/view/id/1">《cgrk-201403130001》</a>', 0, 1394693943, 0, 0, 1),
(45, 3, '“采购入库单”审核通过，等待货/款确认', 'Keler提交了的“采购入库单”审核通过。单号：<a href="/index.php/Porder/view/id/1">《cgrk-201403130001》</a>', 0, 1394693943, 0, 0, 1),
(46, 2, '“采购入库单”审核通过，等待货/款确认', 'Keler提交了的“采购入库单”审核通过。单号：<a href="/index.php/Porder/view/id/1">《cgrk-201403130001》</a>', 0, 1394693943, 0, 0, 1),
(47, 3, '“采购入库单”审核通过，等待货/款确认', 'Keler提交了的“采购入库单”审核通过。单号：<a href="/index.php/Porder/view/id/1">《cgrk-201403130001》</a>', 0, 1394693943, 0, 0, 1),
(48, 4, '“采购入库单”审核通过，等待货/款确认', 'Keler提交了的“采购入库单”审核通过。单号：<a href="/index.php/Porder/view/id/1">《cgrk-201403130001》</a>', 0, 1394693943, 0, 0, 1),
(49, 7, '“采购入库单”审核通过，等待货/款确认', 'Keler提交了的“采购入库单”审核通过。单号：<a href="/index.php/Porder/view/id/1">《cgrk-201403130001》</a>', 0, 1394693943, 0, 0, 1),
(50, 8, '“采购入库单”审核通过，等待货/款确认', 'Keler提交了的“采购入库单”审核通过。单号：<a href="/index.php/Porder/view/id/1">《cgrk-201403130001》</a>', 0, 1394693943, 0, 0, 1),
(51, 9, '“采购入库单”审核通过，等待货/款确认', 'Keler提交了的“采购入库单”审核通过。单号：<a href="/index.php/Porder/view/id/1">《cgrk-201403130001》</a>', 0, 1394693943, 0, 0, 1),
(52, 9, '“采购入库单”审核通过，等待货/款确认', 'Keler提交了的“采购入库单”审核通过。单号：<a href="/index.php/Porder/view/id/1">《cgrk-201403130001》</a>', 0, 1394693943, 0, 0, 1),
(53, 9, '“采购入库单”审核通过，等待货/款确认', 'Keler提交了的“采购入库单”审核通过。单号：<a href="/index.php/Porder/view/id/1">《cgrk-201403130001》</a>', 0, 1394693943, 0, 0, 1),
(54, 9, '“采购入库单”审核通过，等待货/款确认', 'Keler提交了的“采购入库单”审核通过。单号：<a href="/index.php/Porder/view/id/1">《cgrk-201403130001》</a>', 0, 1394693943, 0, 0, 1),
(55, 10, '“采购入库单”审核通过，等待货/款确认', 'Keler提交了的“采购入库单”审核通过。单号：<a href="/index.php/Porder/view/id/1">《cgrk-201403130001》</a>', 0, 1394693943, 0, 0, 1),
(56, 11, '“采购入库单”审核通过，等待货/款确认', 'Keler提交了的“采购入库单”审核通过。单号：<a href="/index.php/Porder/view/id/1">《cgrk-201403130001》</a>', 0, 1394693943, 0, 0, 1),
(57, 12, '“采购入库单”审核通过，等待货/款确认', 'Keler提交了的“采购入库单”审核通过。单号：<a href="/index.php/Porder/view/id/1">《cgrk-201403130001》</a>', 0, 1394693943, 0, 0, 1),
(58, 13, '“采购入库单”审核通过，等待货/款确认', 'Keler提交了的“采购入库单”审核通过。单号：<a href="/index.php/Porder/view/id/1">《cgrk-201403130001》</a>', 0, 1394693943, 0, 0, 1),
(59, 14, '“采购入库单”审核通过，等待货/款确认', 'Keler提交了的“采购入库单”审核通过。单号：<a href="/index.php/Porder/view/id/1">《cgrk-201403130001》</a>', 0, 1394693943, 0, 0, 1),
(60, 15, '“采购入库单”审核通过，等待货/款确认', 'Keler提交了的“采购入库单”审核通过。单号：<a href="/index.php/Porder/view/id/1">《cgrk-201403130001》</a>', 0, 1394693943, 0, 0, 1),
(61, 14, '“采购入库单”审核通过，等待货/款确认', 'Keler提交了的“采购入库单”审核通过。单号：<a href="/index.php/Porder/view/id/1">《cgrk-201403130001》</a>', 0, 1394693943, 0, 0, 1),
(62, 15, '“采购入库单”审核通过，等待货/款确认', 'Keler提交了的“采购入库单”审核通过。单号：<a href="/index.php/Porder/view/id/1">《cgrk-201403130001》</a>', 0, 1394693943, 0, 0, 1),
(63, 16, '“采购入库单”审核通过，等待货/款确认', 'Keler提交了的“采购入库单”审核通过。单号：<a href="/index.php/Porder/view/id/1">《cgrk-201403130001》</a>', 0, 1394693943, 0, 0, 1),
(64, 1, '“采购入库单”审核通过，等待货/款确认', 'Keler提交了的“采购入库单”审核通过。单号：<a href="/index.php/Porder/view/id/1">《cgrk-201403130001》</a>', 0, 1394693943, 0, 0, 1),
(65, 6, '“采购入库单”审核通过，等待货/款确认', 'Keler提交了的“采购入库单”审核通过。单号：<a href="/index.php/Porder/view/id/1">《cgrk-201403130001》</a>', 0, 1394693943, 0, 0, 1),
(66, 35, '“采购入库单”审核通过，等待货/款确认', 'Keler提交了的“采购入库单”审核通过。单号：<a href="/index.php/Porder/view/id/1">《cgrk-201403130001》</a>', 0, 1394693943, 0, 0, 1),
(67, 1, '“采购入库单”审核通过，等待货/款确认', 'Keler提交了的“采购入库单”审核通过。单号：<a href="/index.php/Porder/view/id/1">《cgrk-201403130001》</a>', 0, 1394693943, 0, 0, 1),
(68, 6, '“采购入库单”审核通过，等待货/款确认', 'Keler提交了的“采购入库单”审核通过。单号：<a href="/index.php/Porder/view/id/1">《cgrk-201403130001》</a>', 0, 1394693943, 0, 0, 1),
(69, 35, '“采购入库单”审核通过，等待货/款确认', 'Keler提交了的“采购入库单”审核通过。单号：<a href="/index.php/Porder/view/id/1">《cgrk-201403130001》</a>', 0, 1394693943, 0, 0, 1),
(70, 1, '“采购入库单”审核通过，等待货/款确认', 'Keler提交了的“采购入库单”审核通过。单号：<a href="/index.php/Porder/view/id/1">《cgrk-201403130001》</a>', 0, 1394693943, 0, 0, 1),
(71, 6, '“采购入库单”审核通过，等待货/款确认', 'Keler提交了的“采购入库单”审核通过。单号：<a href="/index.php/Porder/view/id/1">《cgrk-201403130001》</a>', 0, 1394693943, 0, 0, 1),
(72, 35, '“采购入库单”审核通过，等待货/款确认', 'Keler提交了的“采购入库单”审核通过。单号：<a href="/index.php/Porder/view/id/1">《cgrk-201403130001》</a>', 0, 1394693943, 0, 0, 1),
(73, 25, '“采购入库单”审核通过，等待货/款确认', 'Keler提交了的“采购入库单”审核通过。单号：<a href="/index.php/Porder/view/id/1">《cgrk-201403130001》</a>', 0, 1394693943, 0, 0, 1),
(74, 31, '“采购入库单”审核通过，等待货/款确认', 'Keler提交了的“采购入库单”审核通过。单号：<a href="/index.php/Porder/view/id/1">《cgrk-201403130001》</a>', 0, 1394693943, 0, 0, 1),
(75, 25, '“采购入库单”审核通过，等待货/款确认', 'Keler提交了的“采购入库单”审核通过。单号：<a href="/index.php/Porder/view/id/1">《cgrk-201403130001》</a>', 0, 1394693943, 0, 0, 1),
(76, 31, '“采购入库单”审核通过，等待货/款确认', 'Keler提交了的“采购入库单”审核通过。单号：<a href="/index.php/Porder/view/id/1">《cgrk-201403130001》</a>', 0, 1394693943, 0, 0, 1),
(77, 20, '“采购入库单”审核通过，等待货/款确认', 'Keler提交了的“采购入库单”审核通过。单号：<a href="/index.php/Porder/view/id/1">《cgrk-201403130001》</a>', 0, 1394693943, 0, 0, 1),
(78, 15, '“采购入库单”审核通过，等待货/款确认', 'Keler提交了的“采购入库单”审核通过。单号：<a href="/index.php/Porder/view/id/1">《cgrk-201403130001》</a>', 0, 1394693943, 0, 0, 1),
(79, 17, '“采购入库单”审核通过，等待货/款确认', 'Keler提交了的“采购入库单”审核通过。单号：<a href="/index.php/Porder/view/id/1">《cgrk-201403130001》</a>', 0, 1394693943, 0, 0, 1),
(80, 18, '“采购入库单”审核通过，等待货/款确认', 'Keler提交了的“采购入库单”审核通过。单号：<a href="/index.php/Porder/view/id/1">《cgrk-201403130001》</a>', 0, 1394693943, 0, 0, 1),
(81, 30, '“采购入库单”审核通过，等待货/款确认', 'Keler提交了的“采购入库单”审核通过。单号：<a href="/index.php/Porder/view/id/1">《cgrk-201403130001》</a>', 0, 1394693943, 0, 0, 1),
(82, 15, '“采购入库单”审核通过，等待货/款确认', 'Keler提交了的“采购入库单”审核通过。单号：<a href="/index.php/Porder/view/id/1">《cgrk-201403130001》</a>', 0, 1394693943, 0, 0, 1),
(83, 17, '“采购入库单”审核通过，等待货/款确认', 'Keler提交了的“采购入库单”审核通过。单号：<a href="/index.php/Porder/view/id/1">《cgrk-201403130001》</a>', 0, 1394693943, 0, 0, 1),
(84, 18, '“采购入库单”审核通过，等待货/款确认', 'Keler提交了的“采购入库单”审核通过。单号：<a href="/index.php/Porder/view/id/1">《cgrk-201403130001》</a>', 0, 1394693943, 0, 0, 1),
(85, 30, '“采购入库单”审核通过，等待货/款确认', 'Keler提交了的“采购入库单”审核通过。单号：<a href="/index.php/Porder/view/id/1">《cgrk-201403130001》</a>', 0, 1394693943, 0, 0, 1),
(86, 15, '“采购入库单”审核通过，等待货/款确认', 'Keler提交了的“采购入库单”审核通过。单号：<a href="/index.php/Porder/view/id/1">《cgrk-201403130001》</a>', 0, 1394693943, 0, 0, 1),
(87, 17, '“采购入库单”审核通过，等待货/款确认', 'Keler提交了的“采购入库单”审核通过。单号：<a href="/index.php/Porder/view/id/1">《cgrk-201403130001》</a>', 0, 1394693943, 0, 0, 1),
(88, 18, '“采购入库单”审核通过，等待货/款确认', 'Keler提交了的“采购入库单”审核通过。单号：<a href="/index.php/Porder/view/id/1">《cgrk-201403130001》</a>', 0, 1394693943, 0, 0, 1),
(89, 30, '“采购入库单”审核通过，等待货/款确认', 'Keler提交了的“采购入库单”审核通过。单号：<a href="/index.php/Porder/view/id/1">《cgrk-201403130001》</a>', 0, 1394693943, 0, 0, 1),
(90, 15, '“采购入库单”审核通过，等待货/款确认', 'Keler提交了的“采购入库单”审核通过。单号：<a href="/index.php/Porder/view/id/1">《cgrk-201403130001》</a>', 0, 1394693943, 0, 0, 1),
(91, 17, '“采购入库单”审核通过，等待货/款确认', 'Keler提交了的“采购入库单”审核通过。单号：<a href="/index.php/Porder/view/id/1">《cgrk-201403130001》</a>', 0, 1394693943, 0, 0, 1),
(92, 18, '“采购入库单”审核通过，等待货/款确认', 'Keler提交了的“采购入库单”审核通过。单号：<a href="/index.php/Porder/view/id/1">《cgrk-201403130001》</a>', 0, 1394693943, 0, 0, 1),
(93, 30, '“采购入库单”审核通过，等待货/款确认', 'Keler提交了的“采购入库单”审核通过。单号：<a href="/index.php/Porder/view/id/1">《cgrk-201403130001》</a>', 0, 1394693943, 0, 0, 1),
(94, 19, '“采购入库单”审核通过，等待货/款确认', 'Keler提交了的“采购入库单”审核通过。单号：<a href="/index.php/Porder/view/id/1">《cgrk-201403130001》</a>', 0, 1394693943, 0, 0, 1),
(95, 23, '“采购入库单”审核通过，等待货/款确认', 'Keler提交了的“采购入库单”审核通过。单号：<a href="/index.php/Porder/view/id/1">《cgrk-201403130001》</a>', 0, 1394693943, 0, 0, 1),
(96, 100000, '“采购入库单”审核通过，等待货/款确认', 'Keler提交了的“采购入库单”审核通过。单号：<a href="/index.php/Porder/view/id/1">《cgrk-201403130001》</a>', 0, 1394693943, 0, 0, 1),
(97, 23, '“采购入库单”审核通过，等待货/款确认', 'Keler提交了的“采购入库单”审核通过。单号：<a href="/index.php/Porder/view/id/1">《cgrk-201403130001》</a>', 0, 1394693943, 0, 0, 1),
(98, 100000, '“采购入库单”审核通过，等待货/款确认', 'Keler提交了的“采购入库单”审核通过。单号：<a href="/index.php/Porder/view/id/1">《cgrk-201403130001》</a>', 0, 1394693943, 0, 0, 1),
(99, 2, '新的“采购入库单”需要审批', 'Keler提交了新的“采购入库单”需要您审批，单号：<a href="/huihaote1/index.php/Porder/view/id/2">《cgrk-201403170001》</a>', 0, 1395024931, 0, 0, 1),
(100, 3, '新的“采购入库单”需要审批', 'Keler提交了新的“采购入库单”需要您审批，单号：<a href="/huihaote1/index.php/Porder/view/id/2">《cgrk-201403170001》</a>', 0, 1395024931, 0, 0, 1),
(101, 2, '新的“采购入库单”需要审批', 'Keler提交了新的“采购入库单”需要您审批，单号：<a href="/huihaote1/index.php/Porder/view/id/2">《cgrk-201403170001》</a>', 0, 1395024931, 0, 0, 1),
(102, 3, '新的“采购入库单”需要审批', 'Keler提交了新的“采购入库单”需要您审批，单号：<a href="/huihaote1/index.php/Porder/view/id/2">《cgrk-201403170001》</a>', 0, 1395024931, 0, 0, 1),
(103, 4, '新的“采购入库单”需要审批', 'Keler提交了新的“采购入库单”需要您审批，单号：<a href="/huihaote1/index.php/Porder/view/id/2">《cgrk-201403170001》</a>', 0, 1395024931, 0, 0, 1),
(104, 7, '新的“采购入库单”需要审批', 'Keler提交了新的“采购入库单”需要您审批，单号：<a href="/huihaote1/index.php/Porder/view/id/2">《cgrk-201403170001》</a>', 0, 1395024931, 0, 0, 1),
(105, 12, '新的“采购入库单”需要审批', 'Keler提交了新的“采购入库单”需要您审批，单号：<a href="/huihaote1/index.php/Porder/view/id/2">《cgrk-201403170001》</a>', 0, 1395024931, 0, 0, 1),
(106, 13, '新的“采购入库单”需要审批', 'Keler提交了新的“采购入库单”需要您审批，单号：<a href="/huihaote1/index.php/Porder/view/id/2">《cgrk-201403170001》</a>', 0, 1395024931, 0, 0, 1),
(107, 14, '新的“采购入库单”需要审批', 'Keler提交了新的“采购入库单”需要您审批，单号：<a href="/huihaote1/index.php/Porder/view/id/2">《cgrk-201403170001》</a>', 0, 1395024931, 0, 0, 1),
(108, 15, '新的“采购入库单”需要审批', 'Keler提交了新的“采购入库单”需要您审批，单号：<a href="/huihaote1/index.php/Porder/view/id/2">《cgrk-201403170001》</a>', 0, 1395024931, 0, 0, 1),
(109, 14, '新的“采购入库单”需要审批', 'Keler提交了新的“采购入库单”需要您审批，单号：<a href="/huihaote1/index.php/Porder/view/id/2">《cgrk-201403170001》</a>', 0, 1395024931, 0, 0, 1),
(110, 15, '新的“采购入库单”需要审批', 'Keler提交了新的“采购入库单”需要您审批，单号：<a href="/huihaote1/index.php/Porder/view/id/2">《cgrk-201403170001》</a>', 0, 1395024931, 0, 0, 1),
(111, 1, '新的“采购入库单”需要审批', 'Keler提交了新的“采购入库单”需要您审批，单号：<a href="/huihaote1/index.php/Porder/view/id/2">《cgrk-201403170001》</a>', 0, 1395024931, 0, 0, 1),
(112, 6, '新的“采购入库单”需要审批', 'Keler提交了新的“采购入库单”需要您审批，单号：<a href="/huihaote1/index.php/Porder/view/id/2">《cgrk-201403170001》</a>', 0, 1395024931, 0, 0, 1),
(113, 35, '新的“采购入库单”需要审批', 'Keler提交了新的“采购入库单”需要您审批，单号：<a href="/huihaote1/index.php/Porder/view/id/2">《cgrk-201403170001》</a>', 0, 1395024931, 0, 0, 1),
(114, 1, '新的“采购入库单”需要审批', 'Keler提交了新的“采购入库单”需要您审批，单号：<a href="/huihaote1/index.php/Porder/view/id/2">《cgrk-201403170001》</a>', 0, 1395024931, 0, 0, 1),
(115, 6, '新的“采购入库单”需要审批', 'Keler提交了新的“采购入库单”需要您审批，单号：<a href="/huihaote1/index.php/Porder/view/id/2">《cgrk-201403170001》</a>', 0, 1395024931, 0, 0, 1),
(116, 35, '新的“采购入库单”需要审批', 'Keler提交了新的“采购入库单”需要您审批，单号：<a href="/huihaote1/index.php/Porder/view/id/2">《cgrk-201403170001》</a>', 0, 1395024931, 0, 0, 1),
(117, 1, '新的“采购入库单”需要审批', 'Keler提交了新的“采购入库单”需要您审批，单号：<a href="/huihaote1/index.php/Porder/view/id/2">《cgrk-201403170001》</a>', 0, 1395024931, 0, 0, 1),
(118, 6, '新的“采购入库单”需要审批', 'Keler提交了新的“采购入库单”需要您审批，单号：<a href="/huihaote1/index.php/Porder/view/id/2">《cgrk-201403170001》</a>', 0, 1395024931, 0, 0, 1),
(119, 35, '新的“采购入库单”需要审批', 'Keler提交了新的“采购入库单”需要您审批，单号：<a href="/huihaote1/index.php/Porder/view/id/2">《cgrk-201403170001》</a>', 0, 1395024931, 0, 0, 1),
(120, 20, '新的“采购入库单”需要审批', 'Keler提交了新的“采购入库单”需要您审批，单号：<a href="/huihaote1/index.php/Porder/view/id/2">《cgrk-201403170001》</a>', 0, 1395024931, 0, 0, 1),
(121, 19, '新的“采购入库单”需要审批', 'Keler提交了新的“采购入库单”需要您审批，单号：<a href="/huihaote1/index.php/Porder/view/id/2">《cgrk-201403170001》</a>', 0, 1395024931, 0, 0, 1),
(122, 15, '新的“采购入库单”需要审批', 'Keler提交了新的“采购入库单”需要您审批，单号：<a href="/huihaote1/index.php/Porder/view/id/2">《cgrk-201403170001》</a>', 0, 1395024931, 0, 0, 1),
(123, 17, '新的“采购入库单”需要审批', 'Keler提交了新的“采购入库单”需要您审批，单号：<a href="/huihaote1/index.php/Porder/view/id/2">《cgrk-201403170001》</a>', 0, 1395024931, 0, 0, 1),
(124, 18, '新的“采购入库单”需要审批', 'Keler提交了新的“采购入库单”需要您审批，单号：<a href="/huihaote1/index.php/Porder/view/id/2">《cgrk-201403170001》</a>', 0, 1395024931, 0, 0, 1),
(125, 30, '新的“采购入库单”需要审批', 'Keler提交了新的“采购入库单”需要您审批，单号：<a href="/huihaote1/index.php/Porder/view/id/2">《cgrk-201403170001》</a>', 0, 1395024931, 0, 0, 1),
(126, 15, '新的“采购入库单”需要审批', 'Keler提交了新的“采购入库单”需要您审批，单号：<a href="/huihaote1/index.php/Porder/view/id/2">《cgrk-201403170001》</a>', 0, 1395024931, 0, 0, 1),
(127, 17, '新的“采购入库单”需要审批', 'Keler提交了新的“采购入库单”需要您审批，单号：<a href="/huihaote1/index.php/Porder/view/id/2">《cgrk-201403170001》</a>', 0, 1395024931, 0, 0, 1),
(128, 18, '新的“采购入库单”需要审批', 'Keler提交了新的“采购入库单”需要您审批，单号：<a href="/huihaote1/index.php/Porder/view/id/2">《cgrk-201403170001》</a>', 0, 1395024931, 0, 0, 1),
(129, 30, '新的“采购入库单”需要审批', 'Keler提交了新的“采购入库单”需要您审批，单号：<a href="/huihaote1/index.php/Porder/view/id/2">《cgrk-201403170001》</a>', 0, 1395024931, 0, 0, 1),
(130, 15, '新的“采购入库单”需要审批', 'Keler提交了新的“采购入库单”需要您审批，单号：<a href="/huihaote1/index.php/Porder/view/id/2">《cgrk-201403170001》</a>', 0, 1395024931, 0, 0, 1),
(131, 17, '新的“采购入库单”需要审批', 'Keler提交了新的“采购入库单”需要您审批，单号：<a href="/huihaote1/index.php/Porder/view/id/2">《cgrk-201403170001》</a>', 0, 1395024931, 0, 0, 1),
(132, 18, '新的“采购入库单”需要审批', 'Keler提交了新的“采购入库单”需要您审批，单号：<a href="/huihaote1/index.php/Porder/view/id/2">《cgrk-201403170001》</a>', 0, 1395024931, 0, 0, 1),
(133, 30, '新的“采购入库单”需要审批', 'Keler提交了新的“采购入库单”需要您审批，单号：<a href="/huihaote1/index.php/Porder/view/id/2">《cgrk-201403170001》</a>', 0, 1395024931, 0, 0, 1),
(134, 15, '新的“采购入库单”需要审批', 'Keler提交了新的“采购入库单”需要您审批，单号：<a href="/huihaote1/index.php/Porder/view/id/2">《cgrk-201403170001》</a>', 0, 1395024931, 0, 0, 1),
(135, 17, '新的“采购入库单”需要审批', 'Keler提交了新的“采购入库单”需要您审批，单号：<a href="/huihaote1/index.php/Porder/view/id/2">《cgrk-201403170001》</a>', 0, 1395024931, 0, 0, 1),
(136, 18, '新的“采购入库单”需要审批', 'Keler提交了新的“采购入库单”需要您审批，单号：<a href="/huihaote1/index.php/Porder/view/id/2">《cgrk-201403170001》</a>', 0, 1395024931, 0, 0, 1),
(137, 30, '新的“采购入库单”需要审批', 'Keler提交了新的“采购入库单”需要您审批，单号：<a href="/huihaote1/index.php/Porder/view/id/2">《cgrk-201403170001》</a>', 0, 1395024931, 0, 0, 1),
(138, 35, '“采购入库单”审批结果', '您提交了的“采购入库单”，审核通过。单号：<a href="/huihaote1/index.php/Porder/view/id/2">《cgrk-201403170001》</a>', 0, 1395024946, 0, 0, 1),
(139, 3, '“采购入库单”审核通过，等待货/款确认', 'Keler提交了的“采购入库单”审核通过。单号：<a href="/huihaote1/index.php/Porder/view/id/2">《cgrk-201403170001》</a>', 0, 1395024946, 0, 0, 1),
(140, 2, '“采购入库单”审核通过，等待货/款确认', 'Keler提交了的“采购入库单”审核通过。单号：<a href="/huihaote1/index.php/Porder/view/id/2">《cgrk-201403170001》</a>', 0, 1395024946, 0, 0, 1),
(141, 3, '“采购入库单”审核通过，等待货/款确认', 'Keler提交了的“采购入库单”审核通过。单号：<a href="/huihaote1/index.php/Porder/view/id/2">《cgrk-201403170001》</a>', 0, 1395024946, 0, 0, 1),
(142, 2, '“采购入库单”审核通过，等待货/款确认', 'Keler提交了的“采购入库单”审核通过。单号：<a href="/huihaote1/index.php/Porder/view/id/2">《cgrk-201403170001》</a>', 0, 1395024946, 0, 0, 1),
(143, 3, '“采购入库单”审核通过，等待货/款确认', 'Keler提交了的“采购入库单”审核通过。单号：<a href="/huihaote1/index.php/Porder/view/id/2">《cgrk-201403170001》</a>', 0, 1395024946, 0, 0, 1),
(144, 2, '“采购入库单”审核通过，等待货/款确认', 'Keler提交了的“采购入库单”审核通过。单号：<a href="/huihaote1/index.php/Porder/view/id/2">《cgrk-201403170001》</a>', 0, 1395024946, 0, 0, 1),
(145, 3, '“采购入库单”审核通过，等待货/款确认', 'Keler提交了的“采购入库单”审核通过。单号：<a href="/huihaote1/index.php/Porder/view/id/2">《cgrk-201403170001》</a>', 0, 1395024946, 0, 0, 1),
(146, 4, '“采购入库单”审核通过，等待货/款确认', 'Keler提交了的“采购入库单”审核通过。单号：<a href="/huihaote1/index.php/Porder/view/id/2">《cgrk-201403170001》</a>', 0, 1395024946, 0, 0, 1),
(147, 7, '“采购入库单”审核通过，等待货/款确认', 'Keler提交了的“采购入库单”审核通过。单号：<a href="/huihaote1/index.php/Porder/view/id/2">《cgrk-201403170001》</a>', 0, 1395024946, 0, 0, 1),
(148, 8, '“采购入库单”审核通过，等待货/款确认', 'Keler提交了的“采购入库单”审核通过。单号：<a href="/huihaote1/index.php/Porder/view/id/2">《cgrk-201403170001》</a>', 0, 1395024946, 0, 0, 1),
(149, 9, '“采购入库单”审核通过，等待货/款确认', 'Keler提交了的“采购入库单”审核通过。单号：<a href="/huihaote1/index.php/Porder/view/id/2">《cgrk-201403170001》</a>', 0, 1395024946, 0, 0, 1),
(150, 9, '“采购入库单”审核通过，等待货/款确认', 'Keler提交了的“采购入库单”审核通过。单号：<a href="/huihaote1/index.php/Porder/view/id/2">《cgrk-201403170001》</a>', 0, 1395024946, 0, 0, 1),
(151, 9, '“采购入库单”审核通过，等待货/款确认', 'Keler提交了的“采购入库单”审核通过。单号：<a href="/huihaote1/index.php/Porder/view/id/2">《cgrk-201403170001》</a>', 0, 1395024946, 0, 0, 1),
(152, 9, '“采购入库单”审核通过，等待货/款确认', 'Keler提交了的“采购入库单”审核通过。单号：<a href="/huihaote1/index.php/Porder/view/id/2">《cgrk-201403170001》</a>', 0, 1395024946, 0, 0, 1),
(153, 10, '“采购入库单”审核通过，等待货/款确认', 'Keler提交了的“采购入库单”审核通过。单号：<a href="/huihaote1/index.php/Porder/view/id/2">《cgrk-201403170001》</a>', 0, 1395024946, 0, 0, 1),
(154, 11, '“采购入库单”审核通过，等待货/款确认', 'Keler提交了的“采购入库单”审核通过。单号：<a href="/huihaote1/index.php/Porder/view/id/2">《cgrk-201403170001》</a>', 0, 1395024946, 0, 0, 1),
(155, 12, '“采购入库单”审核通过，等待货/款确认', 'Keler提交了的“采购入库单”审核通过。单号：<a href="/huihaote1/index.php/Porder/view/id/2">《cgrk-201403170001》</a>', 0, 1395024946, 0, 0, 1),
(156, 13, '“采购入库单”审核通过，等待货/款确认', 'Keler提交了的“采购入库单”审核通过。单号：<a href="/huihaote1/index.php/Porder/view/id/2">《cgrk-201403170001》</a>', 0, 1395024946, 0, 0, 1),
(157, 14, '“采购入库单”审核通过，等待货/款确认', 'Keler提交了的“采购入库单”审核通过。单号：<a href="/huihaote1/index.php/Porder/view/id/2">《cgrk-201403170001》</a>', 0, 1395024946, 0, 0, 1),
(158, 15, '“采购入库单”审核通过，等待货/款确认', 'Keler提交了的“采购入库单”审核通过。单号：<a href="/huihaote1/index.php/Porder/view/id/2">《cgrk-201403170001》</a>', 0, 1395024946, 0, 0, 1),
(159, 14, '“采购入库单”审核通过，等待货/款确认', 'Keler提交了的“采购入库单”审核通过。单号：<a href="/huihaote1/index.php/Porder/view/id/2">《cgrk-201403170001》</a>', 0, 1395024946, 0, 0, 1),
(160, 15, '“采购入库单”审核通过，等待货/款确认', 'Keler提交了的“采购入库单”审核通过。单号：<a href="/huihaote1/index.php/Porder/view/id/2">《cgrk-201403170001》</a>', 0, 1395024946, 0, 0, 1),
(161, 16, '“采购入库单”审核通过，等待货/款确认', 'Keler提交了的“采购入库单”审核通过。单号：<a href="/huihaote1/index.php/Porder/view/id/2">《cgrk-201403170001》</a>', 0, 1395024946, 0, 0, 1),
(162, 1, '“采购入库单”审核通过，等待货/款确认', 'Keler提交了的“采购入库单”审核通过。单号：<a href="/huihaote1/index.php/Porder/view/id/2">《cgrk-201403170001》</a>', 0, 1395024946, 0, 0, 1),
(163, 6, '“采购入库单”审核通过，等待货/款确认', 'Keler提交了的“采购入库单”审核通过。单号：<a href="/huihaote1/index.php/Porder/view/id/2">《cgrk-201403170001》</a>', 0, 1395024946, 0, 0, 1),
(164, 35, '“采购入库单”审核通过，等待货/款确认', 'Keler提交了的“采购入库单”审核通过。单号：<a href="/huihaote1/index.php/Porder/view/id/2">《cgrk-201403170001》</a>', 0, 1395024946, 0, 0, 1),
(165, 1, '“采购入库单”审核通过，等待货/款确认', 'Keler提交了的“采购入库单”审核通过。单号：<a href="/huihaote1/index.php/Porder/view/id/2">《cgrk-201403170001》</a>', 0, 1395024946, 0, 0, 1),
(166, 6, '“采购入库单”审核通过，等待货/款确认', 'Keler提交了的“采购入库单”审核通过。单号：<a href="/huihaote1/index.php/Porder/view/id/2">《cgrk-201403170001》</a>', 0, 1395024946, 0, 0, 1),
(167, 35, '“采购入库单”审核通过，等待货/款确认', 'Keler提交了的“采购入库单”审核通过。单号：<a href="/huihaote1/index.php/Porder/view/id/2">《cgrk-201403170001》</a>', 0, 1395024946, 0, 0, 1),
(168, 1, '“采购入库单”审核通过，等待货/款确认', 'Keler提交了的“采购入库单”审核通过。单号：<a href="/huihaote1/index.php/Porder/view/id/2">《cgrk-201403170001》</a>', 0, 1395024946, 0, 0, 1),
(169, 6, '“采购入库单”审核通过，等待货/款确认', 'Keler提交了的“采购入库单”审核通过。单号：<a href="/huihaote1/index.php/Porder/view/id/2">《cgrk-201403170001》</a>', 0, 1395024946, 0, 0, 1),
(170, 35, '“采购入库单”审核通过，等待货/款确认', 'Keler提交了的“采购入库单”审核通过。单号：<a href="/huihaote1/index.php/Porder/view/id/2">《cgrk-201403170001》</a>', 0, 1395024946, 0, 0, 1),
(171, 25, '“采购入库单”审核通过，等待货/款确认', 'Keler提交了的“采购入库单”审核通过。单号：<a href="/huihaote1/index.php/Porder/view/id/2">《cgrk-201403170001》</a>', 0, 1395024946, 0, 0, 1),
(172, 31, '“采购入库单”审核通过，等待货/款确认', 'Keler提交了的“采购入库单”审核通过。单号：<a href="/huihaote1/index.php/Porder/view/id/2">《cgrk-201403170001》</a>', 0, 1395024946, 0, 0, 1),
(173, 25, '“采购入库单”审核通过，等待货/款确认', 'Keler提交了的“采购入库单”审核通过。单号：<a href="/huihaote1/index.php/Porder/view/id/2">《cgrk-201403170001》</a>', 0, 1395024946, 0, 0, 1),
(174, 31, '“采购入库单”审核通过，等待货/款确认', 'Keler提交了的“采购入库单”审核通过。单号：<a href="/huihaote1/index.php/Porder/view/id/2">《cgrk-201403170001》</a>', 0, 1395024946, 0, 0, 1),
(175, 20, '“采购入库单”审核通过，等待货/款确认', 'Keler提交了的“采购入库单”审核通过。单号：<a href="/huihaote1/index.php/Porder/view/id/2">《cgrk-201403170001》</a>', 0, 1395024946, 0, 0, 1),
(176, 15, '“采购入库单”审核通过，等待货/款确认', 'Keler提交了的“采购入库单”审核通过。单号：<a href="/huihaote1/index.php/Porder/view/id/2">《cgrk-201403170001》</a>', 0, 1395024946, 0, 0, 1),
(177, 17, '“采购入库单”审核通过，等待货/款确认', 'Keler提交了的“采购入库单”审核通过。单号：<a href="/huihaote1/index.php/Porder/view/id/2">《cgrk-201403170001》</a>', 0, 1395024946, 0, 0, 1),
(178, 18, '“采购入库单”审核通过，等待货/款确认', 'Keler提交了的“采购入库单”审核通过。单号：<a href="/huihaote1/index.php/Porder/view/id/2">《cgrk-201403170001》</a>', 0, 1395024946, 0, 0, 1),
(179, 30, '“采购入库单”审核通过，等待货/款确认', 'Keler提交了的“采购入库单”审核通过。单号：<a href="/huihaote1/index.php/Porder/view/id/2">《cgrk-201403170001》</a>', 0, 1395024946, 0, 0, 1),
(180, 15, '“采购入库单”审核通过，等待货/款确认', 'Keler提交了的“采购入库单”审核通过。单号：<a href="/huihaote1/index.php/Porder/view/id/2">《cgrk-201403170001》</a>', 0, 1395024946, 0, 0, 1),
(181, 17, '“采购入库单”审核通过，等待货/款确认', 'Keler提交了的“采购入库单”审核通过。单号：<a href="/huihaote1/index.php/Porder/view/id/2">《cgrk-201403170001》</a>', 0, 1395024946, 0, 0, 1),
(182, 18, '“采购入库单”审核通过，等待货/款确认', 'Keler提交了的“采购入库单”审核通过。单号：<a href="/huihaote1/index.php/Porder/view/id/2">《cgrk-201403170001》</a>', 0, 1395024946, 0, 0, 1),
(183, 30, '“采购入库单”审核通过，等待货/款确认', 'Keler提交了的“采购入库单”审核通过。单号：<a href="/huihaote1/index.php/Porder/view/id/2">《cgrk-201403170001》</a>', 0, 1395024946, 0, 0, 1),
(184, 15, '“采购入库单”审核通过，等待货/款确认', 'Keler提交了的“采购入库单”审核通过。单号：<a href="/huihaote1/index.php/Porder/view/id/2">《cgrk-201403170001》</a>', 0, 1395024946, 0, 0, 1),
(185, 17, '“采购入库单”审核通过，等待货/款确认', 'Keler提交了的“采购入库单”审核通过。单号：<a href="/huihaote1/index.php/Porder/view/id/2">《cgrk-201403170001》</a>', 0, 1395024946, 0, 0, 1),
(186, 18, '“采购入库单”审核通过，等待货/款确认', 'Keler提交了的“采购入库单”审核通过。单号：<a href="/huihaote1/index.php/Porder/view/id/2">《cgrk-201403170001》</a>', 0, 1395024946, 0, 0, 1),
(187, 30, '“采购入库单”审核通过，等待货/款确认', 'Keler提交了的“采购入库单”审核通过。单号：<a href="/huihaote1/index.php/Porder/view/id/2">《cgrk-201403170001》</a>', 0, 1395024946, 0, 0, 1),
(188, 15, '“采购入库单”审核通过，等待货/款确认', 'Keler提交了的“采购入库单”审核通过。单号：<a href="/huihaote1/index.php/Porder/view/id/2">《cgrk-201403170001》</a>', 0, 1395024946, 0, 0, 1),
(189, 17, '“采购入库单”审核通过，等待货/款确认', 'Keler提交了的“采购入库单”审核通过。单号：<a href="/huihaote1/index.php/Porder/view/id/2">《cgrk-201403170001》</a>', 0, 1395024946, 0, 0, 1),
(190, 18, '“采购入库单”审核通过，等待货/款确认', 'Keler提交了的“采购入库单”审核通过。单号：<a href="/huihaote1/index.php/Porder/view/id/2">《cgrk-201403170001》</a>', 0, 1395024946, 0, 0, 1),
(191, 30, '“采购入库单”审核通过，等待货/款确认', 'Keler提交了的“采购入库单”审核通过。单号：<a href="/huihaote1/index.php/Porder/view/id/2">《cgrk-201403170001》</a>', 0, 1395024946, 0, 0, 1),
(192, 19, '“采购入库单”审核通过，等待货/款确认', 'Keler提交了的“采购入库单”审核通过。单号：<a href="/huihaote1/index.php/Porder/view/id/2">《cgrk-201403170001》</a>', 0, 1395024946, 0, 0, 1),
(193, 23, '“采购入库单”审核通过，等待货/款确认', 'Keler提交了的“采购入库单”审核通过。单号：<a href="/huihaote1/index.php/Porder/view/id/2">《cgrk-201403170001》</a>', 0, 1395024946, 0, 0, 1),
(194, 100000, '“采购入库单”审核通过，等待货/款确认', 'Keler提交了的“采购入库单”审核通过。单号：<a href="/huihaote1/index.php/Porder/view/id/2">《cgrk-201403170001》</a>', 0, 1395024946, 0, 0, 1),
(195, 23, '“采购入库单”审核通过，等待货/款确认', 'Keler提交了的“采购入库单”审核通过。单号：<a href="/huihaote1/index.php/Porder/view/id/2">《cgrk-201403170001》</a>', 0, 1395024946, 0, 0, 1),
(196, 100000, '“采购入库单”审核通过，等待货/款确认', 'Keler提交了的“采购入库单”审核通过。单号：<a href="/huihaote1/index.php/Porder/view/id/2">《cgrk-201403170001》</a>', 0, 1395024946, 0, 0, 1),
(197, 2, '新的“采购入库单”需要审批', 'Keler提交了新的“采购入库单”需要您审批，单号：<a href="/huihaote1/index.php/Porder/view/id/3">《cgrk-201403170002》</a>', 0, 1395025015, 0, 0, 1),
(198, 3, '新的“采购入库单”需要审批', 'Keler提交了新的“采购入库单”需要您审批，单号：<a href="/huihaote1/index.php/Porder/view/id/3">《cgrk-201403170002》</a>', 0, 1395025015, 0, 0, 1),
(199, 2, '新的“采购入库单”需要审批', 'Keler提交了新的“采购入库单”需要您审批，单号：<a href="/huihaote1/index.php/Porder/view/id/3">《cgrk-201403170002》</a>', 0, 1395025015, 0, 0, 1),
(200, 3, '新的“采购入库单”需要审批', 'Keler提交了新的“采购入库单”需要您审批，单号：<a href="/huihaote1/index.php/Porder/view/id/3">《cgrk-201403170002》</a>', 0, 1395025015, 0, 0, 1),
(201, 4, '新的“采购入库单”需要审批', 'Keler提交了新的“采购入库单”需要您审批，单号：<a href="/huihaote1/index.php/Porder/view/id/3">《cgrk-201403170002》</a>', 0, 1395025015, 0, 0, 1),
(202, 7, '新的“采购入库单”需要审批', 'Keler提交了新的“采购入库单”需要您审批，单号：<a href="/huihaote1/index.php/Porder/view/id/3">《cgrk-201403170002》</a>', 0, 1395025015, 0, 0, 1),
(203, 12, '新的“采购入库单”需要审批', 'Keler提交了新的“采购入库单”需要您审批，单号：<a href="/huihaote1/index.php/Porder/view/id/3">《cgrk-201403170002》</a>', 0, 1395025015, 0, 0, 1),
(204, 13, '新的“采购入库单”需要审批', 'Keler提交了新的“采购入库单”需要您审批，单号：<a href="/huihaote1/index.php/Porder/view/id/3">《cgrk-201403170002》</a>', 0, 1395025015, 0, 0, 1),
(205, 14, '新的“采购入库单”需要审批', 'Keler提交了新的“采购入库单”需要您审批，单号：<a href="/huihaote1/index.php/Porder/view/id/3">《cgrk-201403170002》</a>', 0, 1395025015, 0, 0, 1),
(206, 15, '新的“采购入库单”需要审批', 'Keler提交了新的“采购入库单”需要您审批，单号：<a href="/huihaote1/index.php/Porder/view/id/3">《cgrk-201403170002》</a>', 0, 1395025015, 0, 0, 1),
(207, 14, '新的“采购入库单”需要审批', 'Keler提交了新的“采购入库单”需要您审批，单号：<a href="/huihaote1/index.php/Porder/view/id/3">《cgrk-201403170002》</a>', 0, 1395025015, 0, 0, 1),
(208, 15, '新的“采购入库单”需要审批', 'Keler提交了新的“采购入库单”需要您审批，单号：<a href="/huihaote1/index.php/Porder/view/id/3">《cgrk-201403170002》</a>', 0, 1395025015, 0, 0, 1),
(209, 1, '新的“采购入库单”需要审批', 'Keler提交了新的“采购入库单”需要您审批，单号：<a href="/huihaote1/index.php/Porder/view/id/3">《cgrk-201403170002》</a>', 0, 1395025015, 0, 0, 1),
(210, 6, '新的“采购入库单”需要审批', 'Keler提交了新的“采购入库单”需要您审批，单号：<a href="/huihaote1/index.php/Porder/view/id/3">《cgrk-201403170002》</a>', 0, 1395025015, 0, 0, 1),
(211, 35, '新的“采购入库单”需要审批', 'Keler提交了新的“采购入库单”需要您审批，单号：<a href="/huihaote1/index.php/Porder/view/id/3">《cgrk-201403170002》</a>', 0, 1395025015, 0, 0, 1),
(212, 1, '新的“采购入库单”需要审批', 'Keler提交了新的“采购入库单”需要您审批，单号：<a href="/huihaote1/index.php/Porder/view/id/3">《cgrk-201403170002》</a>', 0, 1395025015, 0, 0, 1),
(213, 6, '新的“采购入库单”需要审批', 'Keler提交了新的“采购入库单”需要您审批，单号：<a href="/huihaote1/index.php/Porder/view/id/3">《cgrk-201403170002》</a>', 0, 1395025015, 0, 0, 1),
(214, 35, '新的“采购入库单”需要审批', 'Keler提交了新的“采购入库单”需要您审批，单号：<a href="/huihaote1/index.php/Porder/view/id/3">《cgrk-201403170002》</a>', 0, 1395025015, 0, 0, 1),
(215, 1, '新的“采购入库单”需要审批', 'Keler提交了新的“采购入库单”需要您审批，单号：<a href="/huihaote1/index.php/Porder/view/id/3">《cgrk-201403170002》</a>', 0, 1395025015, 0, 0, 1),
(216, 6, '新的“采购入库单”需要审批', 'Keler提交了新的“采购入库单”需要您审批，单号：<a href="/huihaote1/index.php/Porder/view/id/3">《cgrk-201403170002》</a>', 0, 1395025015, 0, 0, 1),
(217, 35, '新的“采购入库单”需要审批', 'Keler提交了新的“采购入库单”需要您审批，单号：<a href="/huihaote1/index.php/Porder/view/id/3">《cgrk-201403170002》</a>', 0, 1395025015, 0, 0, 1),
(218, 20, '新的“采购入库单”需要审批', 'Keler提交了新的“采购入库单”需要您审批，单号：<a href="/huihaote1/index.php/Porder/view/id/3">《cgrk-201403170002》</a>', 0, 1395025015, 0, 0, 1),
(219, 19, '新的“采购入库单”需要审批', 'Keler提交了新的“采购入库单”需要您审批，单号：<a href="/huihaote1/index.php/Porder/view/id/3">《cgrk-201403170002》</a>', 0, 1395025015, 0, 0, 1),
(220, 15, '新的“采购入库单”需要审批', 'Keler提交了新的“采购入库单”需要您审批，单号：<a href="/huihaote1/index.php/Porder/view/id/3">《cgrk-201403170002》</a>', 0, 1395025015, 0, 0, 1),
(221, 17, '新的“采购入库单”需要审批', 'Keler提交了新的“采购入库单”需要您审批，单号：<a href="/huihaote1/index.php/Porder/view/id/3">《cgrk-201403170002》</a>', 0, 1395025015, 0, 0, 1),
(222, 18, '新的“采购入库单”需要审批', 'Keler提交了新的“采购入库单”需要您审批，单号：<a href="/huihaote1/index.php/Porder/view/id/3">《cgrk-201403170002》</a>', 0, 1395025015, 0, 0, 1),
(223, 30, '新的“采购入库单”需要审批', 'Keler提交了新的“采购入库单”需要您审批，单号：<a href="/huihaote1/index.php/Porder/view/id/3">《cgrk-201403170002》</a>', 0, 1395025015, 0, 0, 1);
INSERT INTO `ix_user_mail` (`id`, `uid`, `title`, `content`, `writer`, `time`, `read`, `reply`, `system`) VALUES
(224, 15, '新的“采购入库单”需要审批', 'Keler提交了新的“采购入库单”需要您审批，单号：<a href="/huihaote1/index.php/Porder/view/id/3">《cgrk-201403170002》</a>', 0, 1395025015, 0, 0, 1),
(225, 17, '新的“采购入库单”需要审批', 'Keler提交了新的“采购入库单”需要您审批，单号：<a href="/huihaote1/index.php/Porder/view/id/3">《cgrk-201403170002》</a>', 0, 1395025015, 0, 0, 1),
(226, 18, '新的“采购入库单”需要审批', 'Keler提交了新的“采购入库单”需要您审批，单号：<a href="/huihaote1/index.php/Porder/view/id/3">《cgrk-201403170002》</a>', 0, 1395025015, 0, 0, 1),
(227, 30, '新的“采购入库单”需要审批', 'Keler提交了新的“采购入库单”需要您审批，单号：<a href="/huihaote1/index.php/Porder/view/id/3">《cgrk-201403170002》</a>', 0, 1395025015, 0, 0, 1),
(228, 15, '新的“采购入库单”需要审批', 'Keler提交了新的“采购入库单”需要您审批，单号：<a href="/huihaote1/index.php/Porder/view/id/3">《cgrk-201403170002》</a>', 0, 1395025015, 0, 0, 1),
(229, 17, '新的“采购入库单”需要审批', 'Keler提交了新的“采购入库单”需要您审批，单号：<a href="/huihaote1/index.php/Porder/view/id/3">《cgrk-201403170002》</a>', 0, 1395025015, 0, 0, 1),
(230, 18, '新的“采购入库单”需要审批', 'Keler提交了新的“采购入库单”需要您审批，单号：<a href="/huihaote1/index.php/Porder/view/id/3">《cgrk-201403170002》</a>', 0, 1395025015, 0, 0, 1),
(231, 30, '新的“采购入库单”需要审批', 'Keler提交了新的“采购入库单”需要您审批，单号：<a href="/huihaote1/index.php/Porder/view/id/3">《cgrk-201403170002》</a>', 0, 1395025015, 0, 0, 1),
(232, 15, '新的“采购入库单”需要审批', 'Keler提交了新的“采购入库单”需要您审批，单号：<a href="/huihaote1/index.php/Porder/view/id/3">《cgrk-201403170002》</a>', 0, 1395025015, 0, 0, 1),
(233, 17, '新的“采购入库单”需要审批', 'Keler提交了新的“采购入库单”需要您审批，单号：<a href="/huihaote1/index.php/Porder/view/id/3">《cgrk-201403170002》</a>', 0, 1395025015, 0, 0, 1),
(234, 18, '新的“采购入库单”需要审批', 'Keler提交了新的“采购入库单”需要您审批，单号：<a href="/huihaote1/index.php/Porder/view/id/3">《cgrk-201403170002》</a>', 0, 1395025015, 0, 0, 1),
(235, 30, '新的“采购入库单”需要审批', 'Keler提交了新的“采购入库单”需要您审批，单号：<a href="/huihaote1/index.php/Porder/view/id/3">《cgrk-201403170002》</a>', 0, 1395025015, 0, 0, 1),
(236, 35, '“采购入库单”审批结果', '您提交了的“采购入库单”，审核通过。单号：<a href="/huihaote1/index.php/Porder/view/id/3">《cgrk-201403170002》</a>', 0, 1395025027, 0, 0, 1),
(237, 3, '“采购入库单”审核通过，等待货/款确认', 'Keler提交了的“采购入库单”审核通过。单号：<a href="/huihaote1/index.php/Porder/view/id/3">《cgrk-201403170002》</a>', 0, 1395025027, 0, 0, 1),
(238, 2, '“采购入库单”审核通过，等待货/款确认', 'Keler提交了的“采购入库单”审核通过。单号：<a href="/huihaote1/index.php/Porder/view/id/3">《cgrk-201403170002》</a>', 0, 1395025027, 0, 0, 1),
(239, 3, '“采购入库单”审核通过，等待货/款确认', 'Keler提交了的“采购入库单”审核通过。单号：<a href="/huihaote1/index.php/Porder/view/id/3">《cgrk-201403170002》</a>', 0, 1395025027, 0, 0, 1),
(240, 2, '“采购入库单”审核通过，等待货/款确认', 'Keler提交了的“采购入库单”审核通过。单号：<a href="/huihaote1/index.php/Porder/view/id/3">《cgrk-201403170002》</a>', 0, 1395025027, 0, 0, 1),
(241, 3, '“采购入库单”审核通过，等待货/款确认', 'Keler提交了的“采购入库单”审核通过。单号：<a href="/huihaote1/index.php/Porder/view/id/3">《cgrk-201403170002》</a>', 0, 1395025027, 0, 0, 1),
(242, 2, '“采购入库单”审核通过，等待货/款确认', 'Keler提交了的“采购入库单”审核通过。单号：<a href="/huihaote1/index.php/Porder/view/id/3">《cgrk-201403170002》</a>', 0, 1395025027, 0, 0, 1),
(243, 3, '“采购入库单”审核通过，等待货/款确认', 'Keler提交了的“采购入库单”审核通过。单号：<a href="/huihaote1/index.php/Porder/view/id/3">《cgrk-201403170002》</a>', 0, 1395025027, 0, 0, 1),
(244, 4, '“采购入库单”审核通过，等待货/款确认', 'Keler提交了的“采购入库单”审核通过。单号：<a href="/huihaote1/index.php/Porder/view/id/3">《cgrk-201403170002》</a>', 0, 1395025027, 0, 0, 1),
(245, 7, '“采购入库单”审核通过，等待货/款确认', 'Keler提交了的“采购入库单”审核通过。单号：<a href="/huihaote1/index.php/Porder/view/id/3">《cgrk-201403170002》</a>', 0, 1395025027, 0, 0, 1),
(246, 8, '“采购入库单”审核通过，等待货/款确认', 'Keler提交了的“采购入库单”审核通过。单号：<a href="/huihaote1/index.php/Porder/view/id/3">《cgrk-201403170002》</a>', 0, 1395025027, 0, 0, 1),
(247, 9, '“采购入库单”审核通过，等待货/款确认', 'Keler提交了的“采购入库单”审核通过。单号：<a href="/huihaote1/index.php/Porder/view/id/3">《cgrk-201403170002》</a>', 0, 1395025027, 0, 0, 1),
(248, 9, '“采购入库单”审核通过，等待货/款确认', 'Keler提交了的“采购入库单”审核通过。单号：<a href="/huihaote1/index.php/Porder/view/id/3">《cgrk-201403170002》</a>', 0, 1395025027, 0, 0, 1),
(249, 9, '“采购入库单”审核通过，等待货/款确认', 'Keler提交了的“采购入库单”审核通过。单号：<a href="/huihaote1/index.php/Porder/view/id/3">《cgrk-201403170002》</a>', 0, 1395025027, 0, 0, 1),
(250, 9, '“采购入库单”审核通过，等待货/款确认', 'Keler提交了的“采购入库单”审核通过。单号：<a href="/huihaote1/index.php/Porder/view/id/3">《cgrk-201403170002》</a>', 0, 1395025027, 0, 0, 1),
(251, 10, '“采购入库单”审核通过，等待货/款确认', 'Keler提交了的“采购入库单”审核通过。单号：<a href="/huihaote1/index.php/Porder/view/id/3">《cgrk-201403170002》</a>', 0, 1395025027, 0, 0, 1),
(252, 11, '“采购入库单”审核通过，等待货/款确认', 'Keler提交了的“采购入库单”审核通过。单号：<a href="/huihaote1/index.php/Porder/view/id/3">《cgrk-201403170002》</a>', 0, 1395025027, 0, 0, 1),
(253, 12, '“采购入库单”审核通过，等待货/款确认', 'Keler提交了的“采购入库单”审核通过。单号：<a href="/huihaote1/index.php/Porder/view/id/3">《cgrk-201403170002》</a>', 0, 1395025027, 0, 0, 1),
(254, 13, '“采购入库单”审核通过，等待货/款确认', 'Keler提交了的“采购入库单”审核通过。单号：<a href="/huihaote1/index.php/Porder/view/id/3">《cgrk-201403170002》</a>', 0, 1395025027, 0, 0, 1),
(255, 14, '“采购入库单”审核通过，等待货/款确认', 'Keler提交了的“采购入库单”审核通过。单号：<a href="/huihaote1/index.php/Porder/view/id/3">《cgrk-201403170002》</a>', 0, 1395025027, 0, 0, 1),
(256, 15, '“采购入库单”审核通过，等待货/款确认', 'Keler提交了的“采购入库单”审核通过。单号：<a href="/huihaote1/index.php/Porder/view/id/3">《cgrk-201403170002》</a>', 0, 1395025027, 0, 0, 1),
(257, 14, '“采购入库单”审核通过，等待货/款确认', 'Keler提交了的“采购入库单”审核通过。单号：<a href="/huihaote1/index.php/Porder/view/id/3">《cgrk-201403170002》</a>', 0, 1395025027, 0, 0, 1),
(258, 15, '“采购入库单”审核通过，等待货/款确认', 'Keler提交了的“采购入库单”审核通过。单号：<a href="/huihaote1/index.php/Porder/view/id/3">《cgrk-201403170002》</a>', 0, 1395025027, 0, 0, 1),
(259, 16, '“采购入库单”审核通过，等待货/款确认', 'Keler提交了的“采购入库单”审核通过。单号：<a href="/huihaote1/index.php/Porder/view/id/3">《cgrk-201403170002》</a>', 0, 1395025027, 0, 0, 1),
(260, 1, '“采购入库单”审核通过，等待货/款确认', 'Keler提交了的“采购入库单”审核通过。单号：<a href="/huihaote1/index.php/Porder/view/id/3">《cgrk-201403170002》</a>', 0, 1395025027, 0, 0, 1),
(261, 6, '“采购入库单”审核通过，等待货/款确认', 'Keler提交了的“采购入库单”审核通过。单号：<a href="/huihaote1/index.php/Porder/view/id/3">《cgrk-201403170002》</a>', 0, 1395025027, 0, 0, 1),
(262, 35, '“采购入库单”审核通过，等待货/款确认', 'Keler提交了的“采购入库单”审核通过。单号：<a href="/huihaote1/index.php/Porder/view/id/3">《cgrk-201403170002》</a>', 0, 1395025027, 0, 0, 1),
(263, 1, '“采购入库单”审核通过，等待货/款确认', 'Keler提交了的“采购入库单”审核通过。单号：<a href="/huihaote1/index.php/Porder/view/id/3">《cgrk-201403170002》</a>', 0, 1395025027, 0, 0, 1),
(264, 6, '“采购入库单”审核通过，等待货/款确认', 'Keler提交了的“采购入库单”审核通过。单号：<a href="/huihaote1/index.php/Porder/view/id/3">《cgrk-201403170002》</a>', 0, 1395025027, 0, 0, 1),
(265, 35, '“采购入库单”审核通过，等待货/款确认', 'Keler提交了的“采购入库单”审核通过。单号：<a href="/huihaote1/index.php/Porder/view/id/3">《cgrk-201403170002》</a>', 0, 1395025027, 0, 0, 1),
(266, 1, '“采购入库单”审核通过，等待货/款确认', 'Keler提交了的“采购入库单”审核通过。单号：<a href="/huihaote1/index.php/Porder/view/id/3">《cgrk-201403170002》</a>', 0, 1395025027, 0, 0, 1),
(267, 6, '“采购入库单”审核通过，等待货/款确认', 'Keler提交了的“采购入库单”审核通过。单号：<a href="/huihaote1/index.php/Porder/view/id/3">《cgrk-201403170002》</a>', 0, 1395025027, 0, 0, 1),
(268, 35, '“采购入库单”审核通过，等待货/款确认', 'Keler提交了的“采购入库单”审核通过。单号：<a href="/huihaote1/index.php/Porder/view/id/3">《cgrk-201403170002》</a>', 0, 1395025027, 0, 0, 1),
(269, 25, '“采购入库单”审核通过，等待货/款确认', 'Keler提交了的“采购入库单”审核通过。单号：<a href="/huihaote1/index.php/Porder/view/id/3">《cgrk-201403170002》</a>', 0, 1395025027, 0, 0, 1),
(270, 31, '“采购入库单”审核通过，等待货/款确认', 'Keler提交了的“采购入库单”审核通过。单号：<a href="/huihaote1/index.php/Porder/view/id/3">《cgrk-201403170002》</a>', 0, 1395025027, 0, 0, 1),
(271, 25, '“采购入库单”审核通过，等待货/款确认', 'Keler提交了的“采购入库单”审核通过。单号：<a href="/huihaote1/index.php/Porder/view/id/3">《cgrk-201403170002》</a>', 0, 1395025027, 0, 0, 1),
(272, 31, '“采购入库单”审核通过，等待货/款确认', 'Keler提交了的“采购入库单”审核通过。单号：<a href="/huihaote1/index.php/Porder/view/id/3">《cgrk-201403170002》</a>', 0, 1395025027, 0, 0, 1),
(273, 20, '“采购入库单”审核通过，等待货/款确认', 'Keler提交了的“采购入库单”审核通过。单号：<a href="/huihaote1/index.php/Porder/view/id/3">《cgrk-201403170002》</a>', 0, 1395025027, 0, 0, 1),
(274, 15, '“采购入库单”审核通过，等待货/款确认', 'Keler提交了的“采购入库单”审核通过。单号：<a href="/huihaote1/index.php/Porder/view/id/3">《cgrk-201403170002》</a>', 0, 1395025027, 0, 0, 1),
(275, 17, '“采购入库单”审核通过，等待货/款确认', 'Keler提交了的“采购入库单”审核通过。单号：<a href="/huihaote1/index.php/Porder/view/id/3">《cgrk-201403170002》</a>', 0, 1395025027, 0, 0, 1),
(276, 18, '“采购入库单”审核通过，等待货/款确认', 'Keler提交了的“采购入库单”审核通过。单号：<a href="/huihaote1/index.php/Porder/view/id/3">《cgrk-201403170002》</a>', 0, 1395025027, 0, 0, 1),
(277, 30, '“采购入库单”审核通过，等待货/款确认', 'Keler提交了的“采购入库单”审核通过。单号：<a href="/huihaote1/index.php/Porder/view/id/3">《cgrk-201403170002》</a>', 0, 1395025027, 0, 0, 1),
(278, 15, '“采购入库单”审核通过，等待货/款确认', 'Keler提交了的“采购入库单”审核通过。单号：<a href="/huihaote1/index.php/Porder/view/id/3">《cgrk-201403170002》</a>', 0, 1395025027, 0, 0, 1),
(279, 17, '“采购入库单”审核通过，等待货/款确认', 'Keler提交了的“采购入库单”审核通过。单号：<a href="/huihaote1/index.php/Porder/view/id/3">《cgrk-201403170002》</a>', 0, 1395025027, 0, 0, 1),
(280, 18, '“采购入库单”审核通过，等待货/款确认', 'Keler提交了的“采购入库单”审核通过。单号：<a href="/huihaote1/index.php/Porder/view/id/3">《cgrk-201403170002》</a>', 0, 1395025027, 0, 0, 1),
(281, 30, '“采购入库单”审核通过，等待货/款确认', 'Keler提交了的“采购入库单”审核通过。单号：<a href="/huihaote1/index.php/Porder/view/id/3">《cgrk-201403170002》</a>', 0, 1395025027, 0, 0, 1),
(282, 15, '“采购入库单”审核通过，等待货/款确认', 'Keler提交了的“采购入库单”审核通过。单号：<a href="/huihaote1/index.php/Porder/view/id/3">《cgrk-201403170002》</a>', 0, 1395025027, 0, 0, 1),
(283, 17, '“采购入库单”审核通过，等待货/款确认', 'Keler提交了的“采购入库单”审核通过。单号：<a href="/huihaote1/index.php/Porder/view/id/3">《cgrk-201403170002》</a>', 0, 1395025027, 0, 0, 1),
(284, 18, '“采购入库单”审核通过，等待货/款确认', 'Keler提交了的“采购入库单”审核通过。单号：<a href="/huihaote1/index.php/Porder/view/id/3">《cgrk-201403170002》</a>', 0, 1395025027, 0, 0, 1),
(285, 30, '“采购入库单”审核通过，等待货/款确认', 'Keler提交了的“采购入库单”审核通过。单号：<a href="/huihaote1/index.php/Porder/view/id/3">《cgrk-201403170002》</a>', 0, 1395025027, 0, 0, 1),
(286, 15, '“采购入库单”审核通过，等待货/款确认', 'Keler提交了的“采购入库单”审核通过。单号：<a href="/huihaote1/index.php/Porder/view/id/3">《cgrk-201403170002》</a>', 0, 1395025027, 0, 0, 1),
(287, 17, '“采购入库单”审核通过，等待货/款确认', 'Keler提交了的“采购入库单”审核通过。单号：<a href="/huihaote1/index.php/Porder/view/id/3">《cgrk-201403170002》</a>', 0, 1395025027, 0, 0, 1),
(288, 18, '“采购入库单”审核通过，等待货/款确认', 'Keler提交了的“采购入库单”审核通过。单号：<a href="/huihaote1/index.php/Porder/view/id/3">《cgrk-201403170002》</a>', 0, 1395025027, 0, 0, 1),
(289, 30, '“采购入库单”审核通过，等待货/款确认', 'Keler提交了的“采购入库单”审核通过。单号：<a href="/huihaote1/index.php/Porder/view/id/3">《cgrk-201403170002》</a>', 0, 1395025027, 0, 0, 1),
(290, 19, '“采购入库单”审核通过，等待货/款确认', 'Keler提交了的“采购入库单”审核通过。单号：<a href="/huihaote1/index.php/Porder/view/id/3">《cgrk-201403170002》</a>', 0, 1395025027, 0, 0, 1),
(291, 23, '“采购入库单”审核通过，等待货/款确认', 'Keler提交了的“采购入库单”审核通过。单号：<a href="/huihaote1/index.php/Porder/view/id/3">《cgrk-201403170002》</a>', 0, 1395025027, 0, 0, 1),
(292, 100000, '“采购入库单”审核通过，等待货/款确认', 'Keler提交了的“采购入库单”审核通过。单号：<a href="/huihaote1/index.php/Porder/view/id/3">《cgrk-201403170002》</a>', 0, 1395025027, 0, 0, 1),
(293, 23, '“采购入库单”审核通过，等待货/款确认', 'Keler提交了的“采购入库单”审核通过。单号：<a href="/huihaote1/index.php/Porder/view/id/3">《cgrk-201403170002》</a>', 0, 1395025027, 0, 0, 1),
(294, 100000, '“采购入库单”审核通过，等待货/款确认', 'Keler提交了的“采购入库单”审核通过。单号：<a href="/huihaote1/index.php/Porder/view/id/3">《cgrk-201403170002》</a>', 0, 1395025027, 0, 0, 1),
(295, 2, '新的“采购入库单”需要审批', 'Keler提交了新的“采购入库单”需要您审批，单号：<a href="/huihaote1/index.php/Porder/view/id/4">《cgrk-201403170003》</a>', 0, 1395025075, 0, 0, 1),
(296, 3, '新的“采购入库单”需要审批', 'Keler提交了新的“采购入库单”需要您审批，单号：<a href="/huihaote1/index.php/Porder/view/id/4">《cgrk-201403170003》</a>', 0, 1395025075, 0, 0, 1),
(297, 2, '新的“采购入库单”需要审批', 'Keler提交了新的“采购入库单”需要您审批，单号：<a href="/huihaote1/index.php/Porder/view/id/4">《cgrk-201403170003》</a>', 0, 1395025075, 0, 0, 1),
(298, 3, '新的“采购入库单”需要审批', 'Keler提交了新的“采购入库单”需要您审批，单号：<a href="/huihaote1/index.php/Porder/view/id/4">《cgrk-201403170003》</a>', 0, 1395025075, 0, 0, 1),
(299, 4, '新的“采购入库单”需要审批', 'Keler提交了新的“采购入库单”需要您审批，单号：<a href="/huihaote1/index.php/Porder/view/id/4">《cgrk-201403170003》</a>', 0, 1395025075, 0, 0, 1),
(300, 7, '新的“采购入库单”需要审批', 'Keler提交了新的“采购入库单”需要您审批，单号：<a href="/huihaote1/index.php/Porder/view/id/4">《cgrk-201403170003》</a>', 0, 1395025075, 0, 0, 1),
(301, 12, '新的“采购入库单”需要审批', 'Keler提交了新的“采购入库单”需要您审批，单号：<a href="/huihaote1/index.php/Porder/view/id/4">《cgrk-201403170003》</a>', 0, 1395025075, 0, 0, 1),
(302, 13, '新的“采购入库单”需要审批', 'Keler提交了新的“采购入库单”需要您审批，单号：<a href="/huihaote1/index.php/Porder/view/id/4">《cgrk-201403170003》</a>', 0, 1395025075, 0, 0, 1),
(303, 14, '新的“采购入库单”需要审批', 'Keler提交了新的“采购入库单”需要您审批，单号：<a href="/huihaote1/index.php/Porder/view/id/4">《cgrk-201403170003》</a>', 0, 1395025075, 0, 0, 1),
(304, 15, '新的“采购入库单”需要审批', 'Keler提交了新的“采购入库单”需要您审批，单号：<a href="/huihaote1/index.php/Porder/view/id/4">《cgrk-201403170003》</a>', 0, 1395025075, 0, 0, 1),
(305, 14, '新的“采购入库单”需要审批', 'Keler提交了新的“采购入库单”需要您审批，单号：<a href="/huihaote1/index.php/Porder/view/id/4">《cgrk-201403170003》</a>', 0, 1395025075, 0, 0, 1),
(306, 15, '新的“采购入库单”需要审批', 'Keler提交了新的“采购入库单”需要您审批，单号：<a href="/huihaote1/index.php/Porder/view/id/4">《cgrk-201403170003》</a>', 0, 1395025075, 0, 0, 1),
(307, 1, '新的“采购入库单”需要审批', 'Keler提交了新的“采购入库单”需要您审批，单号：<a href="/huihaote1/index.php/Porder/view/id/4">《cgrk-201403170003》</a>', 0, 1395025075, 0, 0, 1),
(308, 6, '新的“采购入库单”需要审批', 'Keler提交了新的“采购入库单”需要您审批，单号：<a href="/huihaote1/index.php/Porder/view/id/4">《cgrk-201403170003》</a>', 0, 1395025075, 0, 0, 1),
(309, 35, '新的“采购入库单”需要审批', 'Keler提交了新的“采购入库单”需要您审批，单号：<a href="/huihaote1/index.php/Porder/view/id/4">《cgrk-201403170003》</a>', 0, 1395025075, 0, 0, 1),
(310, 1, '新的“采购入库单”需要审批', 'Keler提交了新的“采购入库单”需要您审批，单号：<a href="/huihaote1/index.php/Porder/view/id/4">《cgrk-201403170003》</a>', 0, 1395025075, 0, 0, 1),
(311, 6, '新的“采购入库单”需要审批', 'Keler提交了新的“采购入库单”需要您审批，单号：<a href="/huihaote1/index.php/Porder/view/id/4">《cgrk-201403170003》</a>', 0, 1395025075, 0, 0, 1),
(312, 35, '新的“采购入库单”需要审批', 'Keler提交了新的“采购入库单”需要您审批，单号：<a href="/huihaote1/index.php/Porder/view/id/4">《cgrk-201403170003》</a>', 0, 1395025075, 0, 0, 1),
(313, 1, '新的“采购入库单”需要审批', 'Keler提交了新的“采购入库单”需要您审批，单号：<a href="/huihaote1/index.php/Porder/view/id/4">《cgrk-201403170003》</a>', 0, 1395025075, 0, 0, 1),
(314, 6, '新的“采购入库单”需要审批', 'Keler提交了新的“采购入库单”需要您审批，单号：<a href="/huihaote1/index.php/Porder/view/id/4">《cgrk-201403170003》</a>', 0, 1395025075, 0, 0, 1),
(315, 35, '新的“采购入库单”需要审批', 'Keler提交了新的“采购入库单”需要您审批，单号：<a href="/huihaote1/index.php/Porder/view/id/4">《cgrk-201403170003》</a>', 0, 1395025075, 0, 0, 1),
(316, 20, '新的“采购入库单”需要审批', 'Keler提交了新的“采购入库单”需要您审批，单号：<a href="/huihaote1/index.php/Porder/view/id/4">《cgrk-201403170003》</a>', 0, 1395025075, 0, 0, 1),
(317, 19, '新的“采购入库单”需要审批', 'Keler提交了新的“采购入库单”需要您审批，单号：<a href="/huihaote1/index.php/Porder/view/id/4">《cgrk-201403170003》</a>', 0, 1395025075, 0, 0, 1),
(318, 15, '新的“采购入库单”需要审批', 'Keler提交了新的“采购入库单”需要您审批，单号：<a href="/huihaote1/index.php/Porder/view/id/4">《cgrk-201403170003》</a>', 0, 1395025075, 0, 0, 1),
(319, 17, '新的“采购入库单”需要审批', 'Keler提交了新的“采购入库单”需要您审批，单号：<a href="/huihaote1/index.php/Porder/view/id/4">《cgrk-201403170003》</a>', 0, 1395025075, 0, 0, 1),
(320, 18, '新的“采购入库单”需要审批', 'Keler提交了新的“采购入库单”需要您审批，单号：<a href="/huihaote1/index.php/Porder/view/id/4">《cgrk-201403170003》</a>', 0, 1395025075, 0, 0, 1),
(321, 30, '新的“采购入库单”需要审批', 'Keler提交了新的“采购入库单”需要您审批，单号：<a href="/huihaote1/index.php/Porder/view/id/4">《cgrk-201403170003》</a>', 0, 1395025075, 0, 0, 1),
(322, 15, '新的“采购入库单”需要审批', 'Keler提交了新的“采购入库单”需要您审批，单号：<a href="/huihaote1/index.php/Porder/view/id/4">《cgrk-201403170003》</a>', 0, 1395025075, 0, 0, 1),
(323, 17, '新的“采购入库单”需要审批', 'Keler提交了新的“采购入库单”需要您审批，单号：<a href="/huihaote1/index.php/Porder/view/id/4">《cgrk-201403170003》</a>', 0, 1395025075, 0, 0, 1),
(324, 18, '新的“采购入库单”需要审批', 'Keler提交了新的“采购入库单”需要您审批，单号：<a href="/huihaote1/index.php/Porder/view/id/4">《cgrk-201403170003》</a>', 0, 1395025075, 0, 0, 1),
(325, 30, '新的“采购入库单”需要审批', 'Keler提交了新的“采购入库单”需要您审批，单号：<a href="/huihaote1/index.php/Porder/view/id/4">《cgrk-201403170003》</a>', 0, 1395025075, 0, 0, 1),
(326, 15, '新的“采购入库单”需要审批', 'Keler提交了新的“采购入库单”需要您审批，单号：<a href="/huihaote1/index.php/Porder/view/id/4">《cgrk-201403170003》</a>', 0, 1395025075, 0, 0, 1),
(327, 17, '新的“采购入库单”需要审批', 'Keler提交了新的“采购入库单”需要您审批，单号：<a href="/huihaote1/index.php/Porder/view/id/4">《cgrk-201403170003》</a>', 0, 1395025075, 0, 0, 1),
(328, 18, '新的“采购入库单”需要审批', 'Keler提交了新的“采购入库单”需要您审批，单号：<a href="/huihaote1/index.php/Porder/view/id/4">《cgrk-201403170003》</a>', 0, 1395025075, 0, 0, 1),
(329, 30, '新的“采购入库单”需要审批', 'Keler提交了新的“采购入库单”需要您审批，单号：<a href="/huihaote1/index.php/Porder/view/id/4">《cgrk-201403170003》</a>', 0, 1395025075, 0, 0, 1),
(330, 15, '新的“采购入库单”需要审批', 'Keler提交了新的“采购入库单”需要您审批，单号：<a href="/huihaote1/index.php/Porder/view/id/4">《cgrk-201403170003》</a>', 0, 1395025075, 0, 0, 1),
(331, 17, '新的“采购入库单”需要审批', 'Keler提交了新的“采购入库单”需要您审批，单号：<a href="/huihaote1/index.php/Porder/view/id/4">《cgrk-201403170003》</a>', 0, 1395025075, 0, 0, 1),
(332, 18, '新的“采购入库单”需要审批', 'Keler提交了新的“采购入库单”需要您审批，单号：<a href="/huihaote1/index.php/Porder/view/id/4">《cgrk-201403170003》</a>', 0, 1395025075, 0, 0, 1),
(333, 30, '新的“采购入库单”需要审批', 'Keler提交了新的“采购入库单”需要您审批，单号：<a href="/huihaote1/index.php/Porder/view/id/4">《cgrk-201403170003》</a>', 0, 1395025075, 0, 0, 1),
(334, 35, '“采购入库单”审批结果', '您提交了的“采购入库单”，审核通过。单号：<a href="/huihaote1/index.php/Porder/view/id/4">《cgrk-201403170003》</a>', 0, 1395025083, 0, 0, 1),
(335, 3, '“采购入库单”审核通过，等待货/款确认', 'Keler提交了的“采购入库单”审核通过。单号：<a href="/huihaote1/index.php/Porder/view/id/4">《cgrk-201403170003》</a>', 0, 1395025083, 0, 0, 1),
(336, 2, '“采购入库单”审核通过，等待货/款确认', 'Keler提交了的“采购入库单”审核通过。单号：<a href="/huihaote1/index.php/Porder/view/id/4">《cgrk-201403170003》</a>', 0, 1395025083, 0, 0, 1),
(337, 3, '“采购入库单”审核通过，等待货/款确认', 'Keler提交了的“采购入库单”审核通过。单号：<a href="/huihaote1/index.php/Porder/view/id/4">《cgrk-201403170003》</a>', 0, 1395025083, 0, 0, 1),
(338, 2, '“采购入库单”审核通过，等待货/款确认', 'Keler提交了的“采购入库单”审核通过。单号：<a href="/huihaote1/index.php/Porder/view/id/4">《cgrk-201403170003》</a>', 0, 1395025083, 0, 0, 1),
(339, 3, '“采购入库单”审核通过，等待货/款确认', 'Keler提交了的“采购入库单”审核通过。单号：<a href="/huihaote1/index.php/Porder/view/id/4">《cgrk-201403170003》</a>', 0, 1395025083, 0, 0, 1),
(340, 2, '“采购入库单”审核通过，等待货/款确认', 'Keler提交了的“采购入库单”审核通过。单号：<a href="/huihaote1/index.php/Porder/view/id/4">《cgrk-201403170003》</a>', 0, 1395025083, 0, 0, 1),
(341, 3, '“采购入库单”审核通过，等待货/款确认', 'Keler提交了的“采购入库单”审核通过。单号：<a href="/huihaote1/index.php/Porder/view/id/4">《cgrk-201403170003》</a>', 0, 1395025083, 0, 0, 1),
(342, 4, '“采购入库单”审核通过，等待货/款确认', 'Keler提交了的“采购入库单”审核通过。单号：<a href="/huihaote1/index.php/Porder/view/id/4">《cgrk-201403170003》</a>', 0, 1395025083, 0, 0, 1),
(343, 7, '“采购入库单”审核通过，等待货/款确认', 'Keler提交了的“采购入库单”审核通过。单号：<a href="/huihaote1/index.php/Porder/view/id/4">《cgrk-201403170003》</a>', 0, 1395025083, 0, 0, 1),
(344, 8, '“采购入库单”审核通过，等待货/款确认', 'Keler提交了的“采购入库单”审核通过。单号：<a href="/huihaote1/index.php/Porder/view/id/4">《cgrk-201403170003》</a>', 0, 1395025083, 0, 0, 1),
(345, 9, '“采购入库单”审核通过，等待货/款确认', 'Keler提交了的“采购入库单”审核通过。单号：<a href="/huihaote1/index.php/Porder/view/id/4">《cgrk-201403170003》</a>', 0, 1395025083, 0, 0, 1),
(346, 9, '“采购入库单”审核通过，等待货/款确认', 'Keler提交了的“采购入库单”审核通过。单号：<a href="/huihaote1/index.php/Porder/view/id/4">《cgrk-201403170003》</a>', 0, 1395025083, 0, 0, 1),
(347, 9, '“采购入库单”审核通过，等待货/款确认', 'Keler提交了的“采购入库单”审核通过。单号：<a href="/huihaote1/index.php/Porder/view/id/4">《cgrk-201403170003》</a>', 0, 1395025083, 0, 0, 1),
(348, 9, '“采购入库单”审核通过，等待货/款确认', 'Keler提交了的“采购入库单”审核通过。单号：<a href="/huihaote1/index.php/Porder/view/id/4">《cgrk-201403170003》</a>', 0, 1395025083, 0, 0, 1),
(349, 10, '“采购入库单”审核通过，等待货/款确认', 'Keler提交了的“采购入库单”审核通过。单号：<a href="/huihaote1/index.php/Porder/view/id/4">《cgrk-201403170003》</a>', 0, 1395025083, 0, 0, 1),
(350, 11, '“采购入库单”审核通过，等待货/款确认', 'Keler提交了的“采购入库单”审核通过。单号：<a href="/huihaote1/index.php/Porder/view/id/4">《cgrk-201403170003》</a>', 0, 1395025083, 0, 0, 1),
(351, 12, '“采购入库单”审核通过，等待货/款确认', 'Keler提交了的“采购入库单”审核通过。单号：<a href="/huihaote1/index.php/Porder/view/id/4">《cgrk-201403170003》</a>', 0, 1395025083, 0, 0, 1),
(352, 13, '“采购入库单”审核通过，等待货/款确认', 'Keler提交了的“采购入库单”审核通过。单号：<a href="/huihaote1/index.php/Porder/view/id/4">《cgrk-201403170003》</a>', 0, 1395025083, 0, 0, 1),
(353, 14, '“采购入库单”审核通过，等待货/款确认', 'Keler提交了的“采购入库单”审核通过。单号：<a href="/huihaote1/index.php/Porder/view/id/4">《cgrk-201403170003》</a>', 0, 1395025083, 0, 0, 1),
(354, 15, '“采购入库单”审核通过，等待货/款确认', 'Keler提交了的“采购入库单”审核通过。单号：<a href="/huihaote1/index.php/Porder/view/id/4">《cgrk-201403170003》</a>', 0, 1395025083, 0, 0, 1),
(355, 14, '“采购入库单”审核通过，等待货/款确认', 'Keler提交了的“采购入库单”审核通过。单号：<a href="/huihaote1/index.php/Porder/view/id/4">《cgrk-201403170003》</a>', 0, 1395025083, 0, 0, 1),
(356, 15, '“采购入库单”审核通过，等待货/款确认', 'Keler提交了的“采购入库单”审核通过。单号：<a href="/huihaote1/index.php/Porder/view/id/4">《cgrk-201403170003》</a>', 0, 1395025083, 0, 0, 1),
(357, 16, '“采购入库单”审核通过，等待货/款确认', 'Keler提交了的“采购入库单”审核通过。单号：<a href="/huihaote1/index.php/Porder/view/id/4">《cgrk-201403170003》</a>', 0, 1395025083, 0, 0, 1),
(358, 1, '“采购入库单”审核通过，等待货/款确认', 'Keler提交了的“采购入库单”审核通过。单号：<a href="/huihaote1/index.php/Porder/view/id/4">《cgrk-201403170003》</a>', 0, 1395025083, 0, 0, 1),
(359, 6, '“采购入库单”审核通过，等待货/款确认', 'Keler提交了的“采购入库单”审核通过。单号：<a href="/huihaote1/index.php/Porder/view/id/4">《cgrk-201403170003》</a>', 0, 1395025083, 0, 0, 1),
(360, 35, '“采购入库单”审核通过，等待货/款确认', 'Keler提交了的“采购入库单”审核通过。单号：<a href="/huihaote1/index.php/Porder/view/id/4">《cgrk-201403170003》</a>', 0, 1395025083, 0, 0, 1),
(361, 1, '“采购入库单”审核通过，等待货/款确认', 'Keler提交了的“采购入库单”审核通过。单号：<a href="/huihaote1/index.php/Porder/view/id/4">《cgrk-201403170003》</a>', 0, 1395025083, 0, 0, 1),
(362, 6, '“采购入库单”审核通过，等待货/款确认', 'Keler提交了的“采购入库单”审核通过。单号：<a href="/huihaote1/index.php/Porder/view/id/4">《cgrk-201403170003》</a>', 0, 1395025083, 0, 0, 1),
(363, 35, '“采购入库单”审核通过，等待货/款确认', 'Keler提交了的“采购入库单”审核通过。单号：<a href="/huihaote1/index.php/Porder/view/id/4">《cgrk-201403170003》</a>', 0, 1395025083, 0, 0, 1),
(364, 1, '“采购入库单”审核通过，等待货/款确认', 'Keler提交了的“采购入库单”审核通过。单号：<a href="/huihaote1/index.php/Porder/view/id/4">《cgrk-201403170003》</a>', 0, 1395025083, 0, 0, 1),
(365, 6, '“采购入库单”审核通过，等待货/款确认', 'Keler提交了的“采购入库单”审核通过。单号：<a href="/huihaote1/index.php/Porder/view/id/4">《cgrk-201403170003》</a>', 0, 1395025083, 0, 0, 1),
(366, 35, '“采购入库单”审核通过，等待货/款确认', 'Keler提交了的“采购入库单”审核通过。单号：<a href="/huihaote1/index.php/Porder/view/id/4">《cgrk-201403170003》</a>', 0, 1395025083, 0, 0, 1),
(367, 25, '“采购入库单”审核通过，等待货/款确认', 'Keler提交了的“采购入库单”审核通过。单号：<a href="/huihaote1/index.php/Porder/view/id/4">《cgrk-201403170003》</a>', 0, 1395025083, 0, 0, 1),
(368, 31, '“采购入库单”审核通过，等待货/款确认', 'Keler提交了的“采购入库单”审核通过。单号：<a href="/huihaote1/index.php/Porder/view/id/4">《cgrk-201403170003》</a>', 0, 1395025083, 0, 0, 1),
(369, 25, '“采购入库单”审核通过，等待货/款确认', 'Keler提交了的“采购入库单”审核通过。单号：<a href="/huihaote1/index.php/Porder/view/id/4">《cgrk-201403170003》</a>', 0, 1395025083, 0, 0, 1),
(370, 31, '“采购入库单”审核通过，等待货/款确认', 'Keler提交了的“采购入库单”审核通过。单号：<a href="/huihaote1/index.php/Porder/view/id/4">《cgrk-201403170003》</a>', 0, 1395025083, 0, 0, 1),
(371, 20, '“采购入库单”审核通过，等待货/款确认', 'Keler提交了的“采购入库单”审核通过。单号：<a href="/huihaote1/index.php/Porder/view/id/4">《cgrk-201403170003》</a>', 0, 1395025083, 0, 0, 1),
(372, 15, '“采购入库单”审核通过，等待货/款确认', 'Keler提交了的“采购入库单”审核通过。单号：<a href="/huihaote1/index.php/Porder/view/id/4">《cgrk-201403170003》</a>', 0, 1395025083, 0, 0, 1),
(373, 17, '“采购入库单”审核通过，等待货/款确认', 'Keler提交了的“采购入库单”审核通过。单号：<a href="/huihaote1/index.php/Porder/view/id/4">《cgrk-201403170003》</a>', 0, 1395025083, 0, 0, 1),
(374, 18, '“采购入库单”审核通过，等待货/款确认', 'Keler提交了的“采购入库单”审核通过。单号：<a href="/huihaote1/index.php/Porder/view/id/4">《cgrk-201403170003》</a>', 0, 1395025083, 0, 0, 1),
(375, 30, '“采购入库单”审核通过，等待货/款确认', 'Keler提交了的“采购入库单”审核通过。单号：<a href="/huihaote1/index.php/Porder/view/id/4">《cgrk-201403170003》</a>', 0, 1395025083, 0, 0, 1),
(376, 15, '“采购入库单”审核通过，等待货/款确认', 'Keler提交了的“采购入库单”审核通过。单号：<a href="/huihaote1/index.php/Porder/view/id/4">《cgrk-201403170003》</a>', 0, 1395025083, 0, 0, 1),
(377, 17, '“采购入库单”审核通过，等待货/款确认', 'Keler提交了的“采购入库单”审核通过。单号：<a href="/huihaote1/index.php/Porder/view/id/4">《cgrk-201403170003》</a>', 0, 1395025083, 0, 0, 1),
(378, 18, '“采购入库单”审核通过，等待货/款确认', 'Keler提交了的“采购入库单”审核通过。单号：<a href="/huihaote1/index.php/Porder/view/id/4">《cgrk-201403170003》</a>', 0, 1395025083, 0, 0, 1),
(379, 30, '“采购入库单”审核通过，等待货/款确认', 'Keler提交了的“采购入库单”审核通过。单号：<a href="/huihaote1/index.php/Porder/view/id/4">《cgrk-201403170003》</a>', 0, 1395025083, 0, 0, 1),
(380, 15, '“采购入库单”审核通过，等待货/款确认', 'Keler提交了的“采购入库单”审核通过。单号：<a href="/huihaote1/index.php/Porder/view/id/4">《cgrk-201403170003》</a>', 0, 1395025083, 0, 0, 1),
(381, 17, '“采购入库单”审核通过，等待货/款确认', 'Keler提交了的“采购入库单”审核通过。单号：<a href="/huihaote1/index.php/Porder/view/id/4">《cgrk-201403170003》</a>', 0, 1395025083, 0, 0, 1),
(382, 18, '“采购入库单”审核通过，等待货/款确认', 'Keler提交了的“采购入库单”审核通过。单号：<a href="/huihaote1/index.php/Porder/view/id/4">《cgrk-201403170003》</a>', 0, 1395025083, 0, 0, 1),
(383, 30, '“采购入库单”审核通过，等待货/款确认', 'Keler提交了的“采购入库单”审核通过。单号：<a href="/huihaote1/index.php/Porder/view/id/4">《cgrk-201403170003》</a>', 0, 1395025083, 0, 0, 1),
(384, 15, '“采购入库单”审核通过，等待货/款确认', 'Keler提交了的“采购入库单”审核通过。单号：<a href="/huihaote1/index.php/Porder/view/id/4">《cgrk-201403170003》</a>', 0, 1395025083, 0, 0, 1),
(385, 17, '“采购入库单”审核通过，等待货/款确认', 'Keler提交了的“采购入库单”审核通过。单号：<a href="/huihaote1/index.php/Porder/view/id/4">《cgrk-201403170003》</a>', 0, 1395025083, 0, 0, 1),
(386, 18, '“采购入库单”审核通过，等待货/款确认', 'Keler提交了的“采购入库单”审核通过。单号：<a href="/huihaote1/index.php/Porder/view/id/4">《cgrk-201403170003》</a>', 0, 1395025083, 0, 0, 1),
(387, 30, '“采购入库单”审核通过，等待货/款确认', 'Keler提交了的“采购入库单”审核通过。单号：<a href="/huihaote1/index.php/Porder/view/id/4">《cgrk-201403170003》</a>', 0, 1395025083, 0, 0, 1),
(388, 19, '“采购入库单”审核通过，等待货/款确认', 'Keler提交了的“采购入库单”审核通过。单号：<a href="/huihaote1/index.php/Porder/view/id/4">《cgrk-201403170003》</a>', 0, 1395025083, 0, 0, 1),
(389, 23, '“采购入库单”审核通过，等待货/款确认', 'Keler提交了的“采购入库单”审核通过。单号：<a href="/huihaote1/index.php/Porder/view/id/4">《cgrk-201403170003》</a>', 0, 1395025083, 0, 0, 1),
(390, 100000, '“采购入库单”审核通过，等待货/款确认', 'Keler提交了的“采购入库单”审核通过。单号：<a href="/huihaote1/index.php/Porder/view/id/4">《cgrk-201403170003》</a>', 0, 1395025083, 0, 0, 1),
(391, 23, '“采购入库单”审核通过，等待货/款确认', 'Keler提交了的“采购入库单”审核通过。单号：<a href="/huihaote1/index.php/Porder/view/id/4">《cgrk-201403170003》</a>', 0, 1395025083, 0, 0, 1),
(392, 100000, '“采购入库单”审核通过，等待货/款确认', 'Keler提交了的“采购入库单”审核通过。单号：<a href="/huihaote1/index.php/Porder/view/id/4">《cgrk-201403170003》</a>', 0, 1395025083, 0, 0, 1),
(393, 2, '新的“销售出库单”需要审批', 'Keler提交了新的“销售出库单”需要您审批，单号：<a href="/huihaote1/index.php/Sorder/view/id/5">《xsck-201403170001》</a>', 0, 1395025125, 0, 0, 1),
(394, 3, '新的“销售出库单”需要审批', 'Keler提交了新的“销售出库单”需要您审批，单号：<a href="/huihaote1/index.php/Sorder/view/id/5">《xsck-201403170001》</a>', 0, 1395025125, 0, 0, 1),
(395, 2, '新的“销售出库单”需要审批', 'Keler提交了新的“销售出库单”需要您审批，单号：<a href="/huihaote1/index.php/Sorder/view/id/5">《xsck-201403170001》</a>', 0, 1395025125, 0, 0, 1),
(396, 3, '新的“销售出库单”需要审批', 'Keler提交了新的“销售出库单”需要您审批，单号：<a href="/huihaote1/index.php/Sorder/view/id/5">《xsck-201403170001》</a>', 0, 1395025125, 0, 0, 1),
(397, 2, '新的“销售出库单”需要审批', 'Keler提交了新的“销售出库单”需要您审批，单号：<a href="/huihaote1/index.php/Sorder/view/id/5">《xsck-201403170001》</a>', 0, 1395025125, 0, 0, 1),
(398, 3, '新的“销售出库单”需要审批', 'Keler提交了新的“销售出库单”需要您审批，单号：<a href="/huihaote1/index.php/Sorder/view/id/5">《xsck-201403170001》</a>', 0, 1395025125, 0, 0, 1),
(399, 2, '新的“销售出库单”需要审批', 'Keler提交了新的“销售出库单”需要您审批，单号：<a href="/huihaote1/index.php/Sorder/view/id/5">《xsck-201403170001》</a>', 0, 1395025125, 0, 0, 1),
(400, 3, '新的“销售出库单”需要审批', 'Keler提交了新的“销售出库单”需要您审批，单号：<a href="/huihaote1/index.php/Sorder/view/id/5">《xsck-201403170001》</a>', 0, 1395025125, 0, 0, 1),
(401, 4, '新的“销售出库单”需要审批', 'Keler提交了新的“销售出库单”需要您审批，单号：<a href="/huihaote1/index.php/Sorder/view/id/5">《xsck-201403170001》</a>', 0, 1395025125, 0, 0, 1),
(402, 7, '新的“销售出库单”需要审批', 'Keler提交了新的“销售出库单”需要您审批，单号：<a href="/huihaote1/index.php/Sorder/view/id/5">《xsck-201403170001》</a>', 0, 1395025125, 0, 0, 1),
(403, 13, '新的“销售出库单”需要审批', 'Keler提交了新的“销售出库单”需要您审批，单号：<a href="/huihaote1/index.php/Sorder/view/id/5">《xsck-201403170001》</a>', 0, 1395025125, 0, 0, 1),
(404, 14, '新的“销售出库单”需要审批', 'Keler提交了新的“销售出库单”需要您审批，单号：<a href="/huihaote1/index.php/Sorder/view/id/5">《xsck-201403170001》</a>', 0, 1395025125, 0, 0, 1),
(405, 15, '新的“销售出库单”需要审批', 'Keler提交了新的“销售出库单”需要您审批，单号：<a href="/huihaote1/index.php/Sorder/view/id/5">《xsck-201403170001》</a>', 0, 1395025125, 0, 0, 1),
(406, 14, '新的“销售出库单”需要审批', 'Keler提交了新的“销售出库单”需要您审批，单号：<a href="/huihaote1/index.php/Sorder/view/id/5">《xsck-201403170001》</a>', 0, 1395025125, 0, 0, 1),
(407, 15, '新的“销售出库单”需要审批', 'Keler提交了新的“销售出库单”需要您审批，单号：<a href="/huihaote1/index.php/Sorder/view/id/5">《xsck-201403170001》</a>', 0, 1395025125, 0, 0, 1),
(408, 1, '新的“销售出库单”需要审批', 'Keler提交了新的“销售出库单”需要您审批，单号：<a href="/huihaote1/index.php/Sorder/view/id/5">《xsck-201403170001》</a>', 0, 1395025125, 0, 0, 1),
(409, 6, '新的“销售出库单”需要审批', 'Keler提交了新的“销售出库单”需要您审批，单号：<a href="/huihaote1/index.php/Sorder/view/id/5">《xsck-201403170001》</a>', 0, 1395025125, 0, 0, 1),
(410, 35, '新的“销售出库单”需要审批', 'Keler提交了新的“销售出库单”需要您审批，单号：<a href="/huihaote1/index.php/Sorder/view/id/5">《xsck-201403170001》</a>', 0, 1395025125, 0, 0, 1),
(411, 1, '新的“销售出库单”需要审批', 'Keler提交了新的“销售出库单”需要您审批，单号：<a href="/huihaote1/index.php/Sorder/view/id/5">《xsck-201403170001》</a>', 0, 1395025125, 0, 0, 1),
(412, 6, '新的“销售出库单”需要审批', 'Keler提交了新的“销售出库单”需要您审批，单号：<a href="/huihaote1/index.php/Sorder/view/id/5">《xsck-201403170001》</a>', 0, 1395025125, 0, 0, 1),
(413, 35, '新的“销售出库单”需要审批', 'Keler提交了新的“销售出库单”需要您审批，单号：<a href="/huihaote1/index.php/Sorder/view/id/5">《xsck-201403170001》</a>', 0, 1395025125, 0, 0, 1),
(414, 1, '新的“销售出库单”需要审批', 'Keler提交了新的“销售出库单”需要您审批，单号：<a href="/huihaote1/index.php/Sorder/view/id/5">《xsck-201403170001》</a>', 0, 1395025125, 0, 0, 1),
(415, 6, '新的“销售出库单”需要审批', 'Keler提交了新的“销售出库单”需要您审批，单号：<a href="/huihaote1/index.php/Sorder/view/id/5">《xsck-201403170001》</a>', 0, 1395025125, 0, 0, 1),
(416, 35, '新的“销售出库单”需要审批', 'Keler提交了新的“销售出库单”需要您审批，单号：<a href="/huihaote1/index.php/Sorder/view/id/5">《xsck-201403170001》</a>', 0, 1395025125, 0, 0, 1),
(417, 20, '新的“销售出库单”需要审批', 'Keler提交了新的“销售出库单”需要您审批，单号：<a href="/huihaote1/index.php/Sorder/view/id/5">《xsck-201403170001》</a>', 0, 1395025125, 0, 0, 1),
(418, 15, '新的“销售出库单”需要审批', 'Keler提交了新的“销售出库单”需要您审批，单号：<a href="/huihaote1/index.php/Sorder/view/id/5">《xsck-201403170001》</a>', 0, 1395025125, 0, 0, 1),
(419, 17, '新的“销售出库单”需要审批', 'Keler提交了新的“销售出库单”需要您审批，单号：<a href="/huihaote1/index.php/Sorder/view/id/5">《xsck-201403170001》</a>', 0, 1395025125, 0, 0, 1),
(420, 18, '新的“销售出库单”需要审批', 'Keler提交了新的“销售出库单”需要您审批，单号：<a href="/huihaote1/index.php/Sorder/view/id/5">《xsck-201403170001》</a>', 0, 1395025125, 0, 0, 1),
(421, 30, '新的“销售出库单”需要审批', 'Keler提交了新的“销售出库单”需要您审批，单号：<a href="/huihaote1/index.php/Sorder/view/id/5">《xsck-201403170001》</a>', 0, 1395025125, 0, 0, 1),
(422, 15, '新的“销售出库单”需要审批', 'Keler提交了新的“销售出库单”需要您审批，单号：<a href="/huihaote1/index.php/Sorder/view/id/5">《xsck-201403170001》</a>', 0, 1395025125, 0, 0, 1),
(423, 17, '新的“销售出库单”需要审批', 'Keler提交了新的“销售出库单”需要您审批，单号：<a href="/huihaote1/index.php/Sorder/view/id/5">《xsck-201403170001》</a>', 0, 1395025125, 0, 0, 1),
(424, 18, '新的“销售出库单”需要审批', 'Keler提交了新的“销售出库单”需要您审批，单号：<a href="/huihaote1/index.php/Sorder/view/id/5">《xsck-201403170001》</a>', 0, 1395025125, 0, 0, 1),
(425, 30, '新的“销售出库单”需要审批', 'Keler提交了新的“销售出库单”需要您审批，单号：<a href="/huihaote1/index.php/Sorder/view/id/5">《xsck-201403170001》</a>', 0, 1395025125, 0, 0, 1),
(426, 15, '新的“销售出库单”需要审批', 'Keler提交了新的“销售出库单”需要您审批，单号：<a href="/huihaote1/index.php/Sorder/view/id/5">《xsck-201403170001》</a>', 0, 1395025125, 0, 0, 1),
(427, 17, '新的“销售出库单”需要审批', 'Keler提交了新的“销售出库单”需要您审批，单号：<a href="/huihaote1/index.php/Sorder/view/id/5">《xsck-201403170001》</a>', 0, 1395025125, 0, 0, 1),
(428, 18, '新的“销售出库单”需要审批', 'Keler提交了新的“销售出库单”需要您审批，单号：<a href="/huihaote1/index.php/Sorder/view/id/5">《xsck-201403170001》</a>', 0, 1395025125, 0, 0, 1),
(429, 30, '新的“销售出库单”需要审批', 'Keler提交了新的“销售出库单”需要您审批，单号：<a href="/huihaote1/index.php/Sorder/view/id/5">《xsck-201403170001》</a>', 0, 1395025125, 0, 0, 1),
(430, 15, '新的“销售出库单”需要审批', 'Keler提交了新的“销售出库单”需要您审批，单号：<a href="/huihaote1/index.php/Sorder/view/id/5">《xsck-201403170001》</a>', 0, 1395025125, 0, 0, 1),
(431, 17, '新的“销售出库单”需要审批', 'Keler提交了新的“销售出库单”需要您审批，单号：<a href="/huihaote1/index.php/Sorder/view/id/5">《xsck-201403170001》</a>', 0, 1395025125, 0, 0, 1),
(432, 18, '新的“销售出库单”需要审批', 'Keler提交了新的“销售出库单”需要您审批，单号：<a href="/huihaote1/index.php/Sorder/view/id/5">《xsck-201403170001》</a>', 0, 1395025125, 0, 0, 1),
(433, 30, '新的“销售出库单”需要审批', 'Keler提交了新的“销售出库单”需要您审批，单号：<a href="/huihaote1/index.php/Sorder/view/id/5">《xsck-201403170001》</a>', 0, 1395025125, 0, 0, 1),
(434, 19, '新的“销售出库单”需要审批', 'Keler提交了新的“销售出库单”需要您审批，单号：<a href="/huihaote1/index.php/Sorder/view/id/5">《xsck-201403170001》</a>', 0, 1395025125, 0, 0, 1),
(435, 35, '“销售出库单”审批结果', '您提交了的“销售出库单”，审核通过。单号：<a href="/huihaote1/index.php/Sorder/view/id/5">《xsck-201403170001》</a>', 0, 1395025193, 0, 0, 1),
(436, 3, '“销售出库单”审核通过，等待货/款确认', 'Keler提交了的“销售出库单”审核通过。单号：<a href="/huihaote1/index.php/Sorder/view/id/5">《xsck-201403170001》</a>', 0, 1395025193, 0, 0, 1),
(437, 2, '“销售出库单”审核通过，等待货/款确认', 'Keler提交了的“销售出库单”审核通过。单号：<a href="/huihaote1/index.php/Sorder/view/id/5">《xsck-201403170001》</a>', 0, 1395025193, 0, 0, 1),
(438, 3, '“销售出库单”审核通过，等待货/款确认', 'Keler提交了的“销售出库单”审核通过。单号：<a href="/huihaote1/index.php/Sorder/view/id/5">《xsck-201403170001》</a>', 0, 1395025193, 0, 0, 1),
(439, 2, '“销售出库单”审核通过，等待货/款确认', 'Keler提交了的“销售出库单”审核通过。单号：<a href="/huihaote1/index.php/Sorder/view/id/5">《xsck-201403170001》</a>', 0, 1395025193, 0, 0, 1),
(440, 3, '“销售出库单”审核通过，等待货/款确认', 'Keler提交了的“销售出库单”审核通过。单号：<a href="/huihaote1/index.php/Sorder/view/id/5">《xsck-201403170001》</a>', 0, 1395025193, 0, 0, 1),
(441, 2, '“销售出库单”审核通过，等待货/款确认', 'Keler提交了的“销售出库单”审核通过。单号：<a href="/huihaote1/index.php/Sorder/view/id/5">《xsck-201403170001》</a>', 0, 1395025193, 0, 0, 1);
INSERT INTO `ix_user_mail` (`id`, `uid`, `title`, `content`, `writer`, `time`, `read`, `reply`, `system`) VALUES
(442, 3, '“销售出库单”审核通过，等待货/款确认', 'Keler提交了的“销售出库单”审核通过。单号：<a href="/huihaote1/index.php/Sorder/view/id/5">《xsck-201403170001》</a>', 0, 1395025193, 0, 0, 1),
(443, 4, '“销售出库单”审核通过，等待货/款确认', 'Keler提交了的“销售出库单”审核通过。单号：<a href="/huihaote1/index.php/Sorder/view/id/5">《xsck-201403170001》</a>', 0, 1395025193, 0, 0, 1),
(444, 7, '“销售出库单”审核通过，等待货/款确认', 'Keler提交了的“销售出库单”审核通过。单号：<a href="/huihaote1/index.php/Sorder/view/id/5">《xsck-201403170001》</a>', 0, 1395025193, 0, 0, 1),
(445, 8, '“销售出库单”审核通过，等待货/款确认', 'Keler提交了的“销售出库单”审核通过。单号：<a href="/huihaote1/index.php/Sorder/view/id/5">《xsck-201403170001》</a>', 0, 1395025193, 0, 0, 1),
(446, 9, '“销售出库单”审核通过，等待货/款确认', 'Keler提交了的“销售出库单”审核通过。单号：<a href="/huihaote1/index.php/Sorder/view/id/5">《xsck-201403170001》</a>', 0, 1395025193, 0, 0, 1),
(447, 9, '“销售出库单”审核通过，等待货/款确认', 'Keler提交了的“销售出库单”审核通过。单号：<a href="/huihaote1/index.php/Sorder/view/id/5">《xsck-201403170001》</a>', 0, 1395025193, 0, 0, 1),
(448, 9, '“销售出库单”审核通过，等待货/款确认', 'Keler提交了的“销售出库单”审核通过。单号：<a href="/huihaote1/index.php/Sorder/view/id/5">《xsck-201403170001》</a>', 0, 1395025193, 0, 0, 1),
(449, 9, '“销售出库单”审核通过，等待货/款确认', 'Keler提交了的“销售出库单”审核通过。单号：<a href="/huihaote1/index.php/Sorder/view/id/5">《xsck-201403170001》</a>', 0, 1395025193, 0, 0, 1),
(450, 10, '“销售出库单”审核通过，等待货/款确认', 'Keler提交了的“销售出库单”审核通过。单号：<a href="/huihaote1/index.php/Sorder/view/id/5">《xsck-201403170001》</a>', 0, 1395025193, 0, 0, 1),
(451, 11, '“销售出库单”审核通过，等待货/款确认', 'Keler提交了的“销售出库单”审核通过。单号：<a href="/huihaote1/index.php/Sorder/view/id/5">《xsck-201403170001》</a>', 0, 1395025193, 0, 0, 1),
(452, 12, '“销售出库单”审核通过，等待货/款确认', 'Keler提交了的“销售出库单”审核通过。单号：<a href="/huihaote1/index.php/Sorder/view/id/5">《xsck-201403170001》</a>', 0, 1395025193, 0, 0, 1),
(453, 13, '“销售出库单”审核通过，等待货/款确认', 'Keler提交了的“销售出库单”审核通过。单号：<a href="/huihaote1/index.php/Sorder/view/id/5">《xsck-201403170001》</a>', 0, 1395025193, 0, 0, 1),
(454, 14, '“销售出库单”审核通过，等待货/款确认', 'Keler提交了的“销售出库单”审核通过。单号：<a href="/huihaote1/index.php/Sorder/view/id/5">《xsck-201403170001》</a>', 0, 1395025193, 0, 0, 1),
(455, 15, '“销售出库单”审核通过，等待货/款确认', 'Keler提交了的“销售出库单”审核通过。单号：<a href="/huihaote1/index.php/Sorder/view/id/5">《xsck-201403170001》</a>', 0, 1395025193, 0, 0, 1),
(456, 14, '“销售出库单”审核通过，等待货/款确认', 'Keler提交了的“销售出库单”审核通过。单号：<a href="/huihaote1/index.php/Sorder/view/id/5">《xsck-201403170001》</a>', 0, 1395025193, 0, 0, 1),
(457, 15, '“销售出库单”审核通过，等待货/款确认', 'Keler提交了的“销售出库单”审核通过。单号：<a href="/huihaote1/index.php/Sorder/view/id/5">《xsck-201403170001》</a>', 0, 1395025193, 0, 0, 1),
(458, 16, '“销售出库单”审核通过，等待货/款确认', 'Keler提交了的“销售出库单”审核通过。单号：<a href="/huihaote1/index.php/Sorder/view/id/5">《xsck-201403170001》</a>', 0, 1395025193, 0, 0, 1),
(459, 1, '“销售出库单”审核通过，等待货/款确认', 'Keler提交了的“销售出库单”审核通过。单号：<a href="/huihaote1/index.php/Sorder/view/id/5">《xsck-201403170001》</a>', 0, 1395025193, 0, 0, 1),
(460, 6, '“销售出库单”审核通过，等待货/款确认', 'Keler提交了的“销售出库单”审核通过。单号：<a href="/huihaote1/index.php/Sorder/view/id/5">《xsck-201403170001》</a>', 0, 1395025193, 0, 0, 1),
(461, 35, '“销售出库单”审核通过，等待货/款确认', 'Keler提交了的“销售出库单”审核通过。单号：<a href="/huihaote1/index.php/Sorder/view/id/5">《xsck-201403170001》</a>', 0, 1395025193, 0, 0, 1),
(462, 1, '“销售出库单”审核通过，等待货/款确认', 'Keler提交了的“销售出库单”审核通过。单号：<a href="/huihaote1/index.php/Sorder/view/id/5">《xsck-201403170001》</a>', 0, 1395025193, 0, 0, 1),
(463, 6, '“销售出库单”审核通过，等待货/款确认', 'Keler提交了的“销售出库单”审核通过。单号：<a href="/huihaote1/index.php/Sorder/view/id/5">《xsck-201403170001》</a>', 0, 1395025193, 0, 0, 1),
(464, 35, '“销售出库单”审核通过，等待货/款确认', 'Keler提交了的“销售出库单”审核通过。单号：<a href="/huihaote1/index.php/Sorder/view/id/5">《xsck-201403170001》</a>', 0, 1395025193, 0, 0, 1),
(465, 1, '“销售出库单”审核通过，等待货/款确认', 'Keler提交了的“销售出库单”审核通过。单号：<a href="/huihaote1/index.php/Sorder/view/id/5">《xsck-201403170001》</a>', 0, 1395025193, 0, 0, 1),
(466, 6, '“销售出库单”审核通过，等待货/款确认', 'Keler提交了的“销售出库单”审核通过。单号：<a href="/huihaote1/index.php/Sorder/view/id/5">《xsck-201403170001》</a>', 0, 1395025193, 0, 0, 1),
(467, 35, '“销售出库单”审核通过，等待货/款确认', 'Keler提交了的“销售出库单”审核通过。单号：<a href="/huihaote1/index.php/Sorder/view/id/5">《xsck-201403170001》</a>', 0, 1395025193, 0, 0, 1),
(468, 25, '“销售出库单”审核通过，等待货/款确认', 'Keler提交了的“销售出库单”审核通过。单号：<a href="/huihaote1/index.php/Sorder/view/id/5">《xsck-201403170001》</a>', 0, 1395025193, 0, 0, 1),
(469, 31, '“销售出库单”审核通过，等待货/款确认', 'Keler提交了的“销售出库单”审核通过。单号：<a href="/huihaote1/index.php/Sorder/view/id/5">《xsck-201403170001》</a>', 0, 1395025193, 0, 0, 1),
(470, 25, '“销售出库单”审核通过，等待货/款确认', 'Keler提交了的“销售出库单”审核通过。单号：<a href="/huihaote1/index.php/Sorder/view/id/5">《xsck-201403170001》</a>', 0, 1395025193, 0, 0, 1),
(471, 31, '“销售出库单”审核通过，等待货/款确认', 'Keler提交了的“销售出库单”审核通过。单号：<a href="/huihaote1/index.php/Sorder/view/id/5">《xsck-201403170001》</a>', 0, 1395025193, 0, 0, 1),
(472, 20, '“销售出库单”审核通过，等待货/款确认', 'Keler提交了的“销售出库单”审核通过。单号：<a href="/huihaote1/index.php/Sorder/view/id/5">《xsck-201403170001》</a>', 0, 1395025193, 0, 0, 1),
(473, 15, '“销售出库单”审核通过，等待货/款确认', 'Keler提交了的“销售出库单”审核通过。单号：<a href="/huihaote1/index.php/Sorder/view/id/5">《xsck-201403170001》</a>', 0, 1395025193, 0, 0, 1),
(474, 17, '“销售出库单”审核通过，等待货/款确认', 'Keler提交了的“销售出库单”审核通过。单号：<a href="/huihaote1/index.php/Sorder/view/id/5">《xsck-201403170001》</a>', 0, 1395025193, 0, 0, 1),
(475, 18, '“销售出库单”审核通过，等待货/款确认', 'Keler提交了的“销售出库单”审核通过。单号：<a href="/huihaote1/index.php/Sorder/view/id/5">《xsck-201403170001》</a>', 0, 1395025193, 0, 0, 1),
(476, 30, '“销售出库单”审核通过，等待货/款确认', 'Keler提交了的“销售出库单”审核通过。单号：<a href="/huihaote1/index.php/Sorder/view/id/5">《xsck-201403170001》</a>', 0, 1395025193, 0, 0, 1),
(477, 15, '“销售出库单”审核通过，等待货/款确认', 'Keler提交了的“销售出库单”审核通过。单号：<a href="/huihaote1/index.php/Sorder/view/id/5">《xsck-201403170001》</a>', 0, 1395025193, 0, 0, 1),
(478, 17, '“销售出库单”审核通过，等待货/款确认', 'Keler提交了的“销售出库单”审核通过。单号：<a href="/huihaote1/index.php/Sorder/view/id/5">《xsck-201403170001》</a>', 0, 1395025193, 0, 0, 1),
(479, 18, '“销售出库单”审核通过，等待货/款确认', 'Keler提交了的“销售出库单”审核通过。单号：<a href="/huihaote1/index.php/Sorder/view/id/5">《xsck-201403170001》</a>', 0, 1395025193, 0, 0, 1),
(480, 30, '“销售出库单”审核通过，等待货/款确认', 'Keler提交了的“销售出库单”审核通过。单号：<a href="/huihaote1/index.php/Sorder/view/id/5">《xsck-201403170001》</a>', 0, 1395025193, 0, 0, 1),
(481, 15, '“销售出库单”审核通过，等待货/款确认', 'Keler提交了的“销售出库单”审核通过。单号：<a href="/huihaote1/index.php/Sorder/view/id/5">《xsck-201403170001》</a>', 0, 1395025193, 0, 0, 1),
(482, 17, '“销售出库单”审核通过，等待货/款确认', 'Keler提交了的“销售出库单”审核通过。单号：<a href="/huihaote1/index.php/Sorder/view/id/5">《xsck-201403170001》</a>', 0, 1395025193, 0, 0, 1),
(483, 18, '“销售出库单”审核通过，等待货/款确认', 'Keler提交了的“销售出库单”审核通过。单号：<a href="/huihaote1/index.php/Sorder/view/id/5">《xsck-201403170001》</a>', 0, 1395025193, 0, 0, 1),
(484, 30, '“销售出库单”审核通过，等待货/款确认', 'Keler提交了的“销售出库单”审核通过。单号：<a href="/huihaote1/index.php/Sorder/view/id/5">《xsck-201403170001》</a>', 0, 1395025193, 0, 0, 1),
(485, 15, '“销售出库单”审核通过，等待货/款确认', 'Keler提交了的“销售出库单”审核通过。单号：<a href="/huihaote1/index.php/Sorder/view/id/5">《xsck-201403170001》</a>', 0, 1395025193, 0, 0, 1),
(486, 17, '“销售出库单”审核通过，等待货/款确认', 'Keler提交了的“销售出库单”审核通过。单号：<a href="/huihaote1/index.php/Sorder/view/id/5">《xsck-201403170001》</a>', 0, 1395025193, 0, 0, 1),
(487, 18, '“销售出库单”审核通过，等待货/款确认', 'Keler提交了的“销售出库单”审核通过。单号：<a href="/huihaote1/index.php/Sorder/view/id/5">《xsck-201403170001》</a>', 0, 1395025193, 0, 0, 1),
(488, 30, '“销售出库单”审核通过，等待货/款确认', 'Keler提交了的“销售出库单”审核通过。单号：<a href="/huihaote1/index.php/Sorder/view/id/5">《xsck-201403170001》</a>', 0, 1395025193, 0, 0, 1),
(489, 19, '“销售出库单”审核通过，等待货/款确认', 'Keler提交了的“销售出库单”审核通过。单号：<a href="/huihaote1/index.php/Sorder/view/id/5">《xsck-201403170001》</a>', 0, 1395025193, 0, 0, 1),
(490, 23, '“销售出库单”审核通过，等待货/款确认', 'Keler提交了的“销售出库单”审核通过。单号：<a href="/huihaote1/index.php/Sorder/view/id/5">《xsck-201403170001》</a>', 0, 1395025193, 0, 0, 1),
(491, 100000, '“销售出库单”审核通过，等待货/款确认', 'Keler提交了的“销售出库单”审核通过。单号：<a href="/huihaote1/index.php/Sorder/view/id/5">《xsck-201403170001》</a>', 0, 1395025193, 0, 0, 1),
(492, 23, '“销售出库单”审核通过，等待货/款确认', 'Keler提交了的“销售出库单”审核通过。单号：<a href="/huihaote1/index.php/Sorder/view/id/5">《xsck-201403170001》</a>', 0, 1395025193, 0, 0, 1),
(493, 100000, '“销售出库单”审核通过，等待货/款确认', 'Keler提交了的“销售出库单”审核通过。单号：<a href="/huihaote1/index.php/Sorder/view/id/5">《xsck-201403170001》</a>', 0, 1395025193, 0, 0, 1),
(494, 2, '新的“销售出库单”需要审批', 'Keler提交了新的“销售出库单”需要您审批，单号：<a href="/huihaote1/index.php/Sorder/view/id/6">《xsck-201403170002》</a>', 0, 1395025234, 0, 0, 1),
(495, 3, '新的“销售出库单”需要审批', 'Keler提交了新的“销售出库单”需要您审批，单号：<a href="/huihaote1/index.php/Sorder/view/id/6">《xsck-201403170002》</a>', 0, 1395025234, 0, 0, 1),
(496, 2, '新的“销售出库单”需要审批', 'Keler提交了新的“销售出库单”需要您审批，单号：<a href="/huihaote1/index.php/Sorder/view/id/6">《xsck-201403170002》</a>', 0, 1395025234, 0, 0, 1),
(497, 3, '新的“销售出库单”需要审批', 'Keler提交了新的“销售出库单”需要您审批，单号：<a href="/huihaote1/index.php/Sorder/view/id/6">《xsck-201403170002》</a>', 0, 1395025234, 0, 0, 1),
(498, 2, '新的“销售出库单”需要审批', 'Keler提交了新的“销售出库单”需要您审批，单号：<a href="/huihaote1/index.php/Sorder/view/id/6">《xsck-201403170002》</a>', 0, 1395025234, 0, 0, 1),
(499, 3, '新的“销售出库单”需要审批', 'Keler提交了新的“销售出库单”需要您审批，单号：<a href="/huihaote1/index.php/Sorder/view/id/6">《xsck-201403170002》</a>', 0, 1395025234, 0, 0, 1),
(500, 2, '新的“销售出库单”需要审批', 'Keler提交了新的“销售出库单”需要您审批，单号：<a href="/huihaote1/index.php/Sorder/view/id/6">《xsck-201403170002》</a>', 0, 1395025234, 0, 0, 1),
(501, 3, '新的“销售出库单”需要审批', 'Keler提交了新的“销售出库单”需要您审批，单号：<a href="/huihaote1/index.php/Sorder/view/id/6">《xsck-201403170002》</a>', 0, 1395025234, 0, 0, 1),
(502, 4, '新的“销售出库单”需要审批', 'Keler提交了新的“销售出库单”需要您审批，单号：<a href="/huihaote1/index.php/Sorder/view/id/6">《xsck-201403170002》</a>', 0, 1395025234, 0, 0, 1),
(503, 7, '新的“销售出库单”需要审批', 'Keler提交了新的“销售出库单”需要您审批，单号：<a href="/huihaote1/index.php/Sorder/view/id/6">《xsck-201403170002》</a>', 0, 1395025234, 0, 0, 1),
(504, 13, '新的“销售出库单”需要审批', 'Keler提交了新的“销售出库单”需要您审批，单号：<a href="/huihaote1/index.php/Sorder/view/id/6">《xsck-201403170002》</a>', 0, 1395025234, 0, 0, 1),
(505, 14, '新的“销售出库单”需要审批', 'Keler提交了新的“销售出库单”需要您审批，单号：<a href="/huihaote1/index.php/Sorder/view/id/6">《xsck-201403170002》</a>', 0, 1395025234, 0, 0, 1),
(506, 15, '新的“销售出库单”需要审批', 'Keler提交了新的“销售出库单”需要您审批，单号：<a href="/huihaote1/index.php/Sorder/view/id/6">《xsck-201403170002》</a>', 0, 1395025234, 0, 0, 1),
(507, 14, '新的“销售出库单”需要审批', 'Keler提交了新的“销售出库单”需要您审批，单号：<a href="/huihaote1/index.php/Sorder/view/id/6">《xsck-201403170002》</a>', 0, 1395025234, 0, 0, 1),
(508, 15, '新的“销售出库单”需要审批', 'Keler提交了新的“销售出库单”需要您审批，单号：<a href="/huihaote1/index.php/Sorder/view/id/6">《xsck-201403170002》</a>', 0, 1395025234, 0, 0, 1),
(509, 1, '新的“销售出库单”需要审批', 'Keler提交了新的“销售出库单”需要您审批，单号：<a href="/huihaote1/index.php/Sorder/view/id/6">《xsck-201403170002》</a>', 0, 1395025234, 0, 0, 1),
(510, 6, '新的“销售出库单”需要审批', 'Keler提交了新的“销售出库单”需要您审批，单号：<a href="/huihaote1/index.php/Sorder/view/id/6">《xsck-201403170002》</a>', 0, 1395025234, 0, 0, 1),
(511, 35, '新的“销售出库单”需要审批', 'Keler提交了新的“销售出库单”需要您审批，单号：<a href="/huihaote1/index.php/Sorder/view/id/6">《xsck-201403170002》</a>', 0, 1395025234, 0, 0, 1),
(512, 1, '新的“销售出库单”需要审批', 'Keler提交了新的“销售出库单”需要您审批，单号：<a href="/huihaote1/index.php/Sorder/view/id/6">《xsck-201403170002》</a>', 0, 1395025234, 0, 0, 1),
(513, 6, '新的“销售出库单”需要审批', 'Keler提交了新的“销售出库单”需要您审批，单号：<a href="/huihaote1/index.php/Sorder/view/id/6">《xsck-201403170002》</a>', 0, 1395025234, 0, 0, 1),
(514, 35, '新的“销售出库单”需要审批', 'Keler提交了新的“销售出库单”需要您审批，单号：<a href="/huihaote1/index.php/Sorder/view/id/6">《xsck-201403170002》</a>', 0, 1395025234, 0, 0, 1),
(515, 1, '新的“销售出库单”需要审批', 'Keler提交了新的“销售出库单”需要您审批，单号：<a href="/huihaote1/index.php/Sorder/view/id/6">《xsck-201403170002》</a>', 0, 1395025234, 0, 0, 1),
(516, 6, '新的“销售出库单”需要审批', 'Keler提交了新的“销售出库单”需要您审批，单号：<a href="/huihaote1/index.php/Sorder/view/id/6">《xsck-201403170002》</a>', 0, 1395025234, 0, 0, 1),
(517, 35, '新的“销售出库单”需要审批', 'Keler提交了新的“销售出库单”需要您审批，单号：<a href="/huihaote1/index.php/Sorder/view/id/6">《xsck-201403170002》</a>', 0, 1395025234, 0, 0, 1),
(518, 20, '新的“销售出库单”需要审批', 'Keler提交了新的“销售出库单”需要您审批，单号：<a href="/huihaote1/index.php/Sorder/view/id/6">《xsck-201403170002》</a>', 0, 1395025234, 0, 0, 1),
(519, 15, '新的“销售出库单”需要审批', 'Keler提交了新的“销售出库单”需要您审批，单号：<a href="/huihaote1/index.php/Sorder/view/id/6">《xsck-201403170002》</a>', 0, 1395025234, 0, 0, 1),
(520, 17, '新的“销售出库单”需要审批', 'Keler提交了新的“销售出库单”需要您审批，单号：<a href="/huihaote1/index.php/Sorder/view/id/6">《xsck-201403170002》</a>', 0, 1395025234, 0, 0, 1),
(521, 18, '新的“销售出库单”需要审批', 'Keler提交了新的“销售出库单”需要您审批，单号：<a href="/huihaote1/index.php/Sorder/view/id/6">《xsck-201403170002》</a>', 0, 1395025234, 0, 0, 1),
(522, 30, '新的“销售出库单”需要审批', 'Keler提交了新的“销售出库单”需要您审批，单号：<a href="/huihaote1/index.php/Sorder/view/id/6">《xsck-201403170002》</a>', 0, 1395025234, 0, 0, 1),
(523, 15, '新的“销售出库单”需要审批', 'Keler提交了新的“销售出库单”需要您审批，单号：<a href="/huihaote1/index.php/Sorder/view/id/6">《xsck-201403170002》</a>', 0, 1395025234, 0, 0, 1),
(524, 17, '新的“销售出库单”需要审批', 'Keler提交了新的“销售出库单”需要您审批，单号：<a href="/huihaote1/index.php/Sorder/view/id/6">《xsck-201403170002》</a>', 0, 1395025234, 0, 0, 1),
(525, 18, '新的“销售出库单”需要审批', 'Keler提交了新的“销售出库单”需要您审批，单号：<a href="/huihaote1/index.php/Sorder/view/id/6">《xsck-201403170002》</a>', 0, 1395025234, 0, 0, 1),
(526, 30, '新的“销售出库单”需要审批', 'Keler提交了新的“销售出库单”需要您审批，单号：<a href="/huihaote1/index.php/Sorder/view/id/6">《xsck-201403170002》</a>', 0, 1395025234, 0, 0, 1),
(527, 15, '新的“销售出库单”需要审批', 'Keler提交了新的“销售出库单”需要您审批，单号：<a href="/huihaote1/index.php/Sorder/view/id/6">《xsck-201403170002》</a>', 0, 1395025234, 0, 0, 1),
(528, 17, '新的“销售出库单”需要审批', 'Keler提交了新的“销售出库单”需要您审批，单号：<a href="/huihaote1/index.php/Sorder/view/id/6">《xsck-201403170002》</a>', 0, 1395025234, 0, 0, 1),
(529, 18, '新的“销售出库单”需要审批', 'Keler提交了新的“销售出库单”需要您审批，单号：<a href="/huihaote1/index.php/Sorder/view/id/6">《xsck-201403170002》</a>', 0, 1395025234, 0, 0, 1),
(530, 30, '新的“销售出库单”需要审批', 'Keler提交了新的“销售出库单”需要您审批，单号：<a href="/huihaote1/index.php/Sorder/view/id/6">《xsck-201403170002》</a>', 0, 1395025234, 0, 0, 1),
(531, 15, '新的“销售出库单”需要审批', 'Keler提交了新的“销售出库单”需要您审批，单号：<a href="/huihaote1/index.php/Sorder/view/id/6">《xsck-201403170002》</a>', 0, 1395025234, 0, 0, 1),
(532, 17, '新的“销售出库单”需要审批', 'Keler提交了新的“销售出库单”需要您审批，单号：<a href="/huihaote1/index.php/Sorder/view/id/6">《xsck-201403170002》</a>', 0, 1395025234, 0, 0, 1),
(533, 18, '新的“销售出库单”需要审批', 'Keler提交了新的“销售出库单”需要您审批，单号：<a href="/huihaote1/index.php/Sorder/view/id/6">《xsck-201403170002》</a>', 0, 1395025234, 0, 0, 1),
(534, 30, '新的“销售出库单”需要审批', 'Keler提交了新的“销售出库单”需要您审批，单号：<a href="/huihaote1/index.php/Sorder/view/id/6">《xsck-201403170002》</a>', 0, 1395025234, 0, 0, 1),
(535, 19, '新的“销售出库单”需要审批', 'Keler提交了新的“销售出库单”需要您审批，单号：<a href="/huihaote1/index.php/Sorder/view/id/6">《xsck-201403170002》</a>', 0, 1395025234, 0, 0, 1),
(536, 35, '“销售出库单”审批结果', '您提交了的“销售出库单”，审核通过。单号：<a href="/huihaote1/index.php/Sorder/view/id/6">《xsck-201403170002》</a>', 0, 1395025242, 0, 0, 1),
(537, 3, '“销售出库单”审核通过，等待货/款确认', 'Keler提交了的“销售出库单”审核通过。单号：<a href="/huihaote1/index.php/Sorder/view/id/6">《xsck-201403170002》</a>', 0, 1395025242, 0, 0, 1),
(538, 2, '“销售出库单”审核通过，等待货/款确认', 'Keler提交了的“销售出库单”审核通过。单号：<a href="/huihaote1/index.php/Sorder/view/id/6">《xsck-201403170002》</a>', 0, 1395025242, 0, 0, 1),
(539, 3, '“销售出库单”审核通过，等待货/款确认', 'Keler提交了的“销售出库单”审核通过。单号：<a href="/huihaote1/index.php/Sorder/view/id/6">《xsck-201403170002》</a>', 0, 1395025242, 0, 0, 1),
(540, 2, '“销售出库单”审核通过，等待货/款确认', 'Keler提交了的“销售出库单”审核通过。单号：<a href="/huihaote1/index.php/Sorder/view/id/6">《xsck-201403170002》</a>', 0, 1395025242, 0, 0, 1),
(541, 3, '“销售出库单”审核通过，等待货/款确认', 'Keler提交了的“销售出库单”审核通过。单号：<a href="/huihaote1/index.php/Sorder/view/id/6">《xsck-201403170002》</a>', 0, 1395025242, 0, 0, 1),
(542, 2, '“销售出库单”审核通过，等待货/款确认', 'Keler提交了的“销售出库单”审核通过。单号：<a href="/huihaote1/index.php/Sorder/view/id/6">《xsck-201403170002》</a>', 0, 1395025242, 0, 0, 1),
(543, 3, '“销售出库单”审核通过，等待货/款确认', 'Keler提交了的“销售出库单”审核通过。单号：<a href="/huihaote1/index.php/Sorder/view/id/6">《xsck-201403170002》</a>', 0, 1395025242, 0, 0, 1),
(544, 4, '“销售出库单”审核通过，等待货/款确认', 'Keler提交了的“销售出库单”审核通过。单号：<a href="/huihaote1/index.php/Sorder/view/id/6">《xsck-201403170002》</a>', 0, 1395025242, 0, 0, 1),
(545, 7, '“销售出库单”审核通过，等待货/款确认', 'Keler提交了的“销售出库单”审核通过。单号：<a href="/huihaote1/index.php/Sorder/view/id/6">《xsck-201403170002》</a>', 0, 1395025242, 0, 0, 1),
(546, 8, '“销售出库单”审核通过，等待货/款确认', 'Keler提交了的“销售出库单”审核通过。单号：<a href="/huihaote1/index.php/Sorder/view/id/6">《xsck-201403170002》</a>', 0, 1395025242, 0, 0, 1),
(547, 9, '“销售出库单”审核通过，等待货/款确认', 'Keler提交了的“销售出库单”审核通过。单号：<a href="/huihaote1/index.php/Sorder/view/id/6">《xsck-201403170002》</a>', 0, 1395025242, 0, 0, 1),
(548, 9, '“销售出库单”审核通过，等待货/款确认', 'Keler提交了的“销售出库单”审核通过。单号：<a href="/huihaote1/index.php/Sorder/view/id/6">《xsck-201403170002》</a>', 0, 1395025242, 0, 0, 1),
(549, 9, '“销售出库单”审核通过，等待货/款确认', 'Keler提交了的“销售出库单”审核通过。单号：<a href="/huihaote1/index.php/Sorder/view/id/6">《xsck-201403170002》</a>', 0, 1395025242, 0, 0, 1),
(550, 9, '“销售出库单”审核通过，等待货/款确认', 'Keler提交了的“销售出库单”审核通过。单号：<a href="/huihaote1/index.php/Sorder/view/id/6">《xsck-201403170002》</a>', 0, 1395025242, 0, 0, 1),
(551, 10, '“销售出库单”审核通过，等待货/款确认', 'Keler提交了的“销售出库单”审核通过。单号：<a href="/huihaote1/index.php/Sorder/view/id/6">《xsck-201403170002》</a>', 0, 1395025242, 0, 0, 1),
(552, 11, '“销售出库单”审核通过，等待货/款确认', 'Keler提交了的“销售出库单”审核通过。单号：<a href="/huihaote1/index.php/Sorder/view/id/6">《xsck-201403170002》</a>', 0, 1395025242, 0, 0, 1),
(553, 12, '“销售出库单”审核通过，等待货/款确认', 'Keler提交了的“销售出库单”审核通过。单号：<a href="/huihaote1/index.php/Sorder/view/id/6">《xsck-201403170002》</a>', 0, 1395025242, 0, 0, 1),
(554, 13, '“销售出库单”审核通过，等待货/款确认', 'Keler提交了的“销售出库单”审核通过。单号：<a href="/huihaote1/index.php/Sorder/view/id/6">《xsck-201403170002》</a>', 0, 1395025242, 0, 0, 1),
(555, 14, '“销售出库单”审核通过，等待货/款确认', 'Keler提交了的“销售出库单”审核通过。单号：<a href="/huihaote1/index.php/Sorder/view/id/6">《xsck-201403170002》</a>', 0, 1395025242, 0, 0, 1),
(556, 15, '“销售出库单”审核通过，等待货/款确认', 'Keler提交了的“销售出库单”审核通过。单号：<a href="/huihaote1/index.php/Sorder/view/id/6">《xsck-201403170002》</a>', 0, 1395025242, 0, 0, 1),
(557, 14, '“销售出库单”审核通过，等待货/款确认', 'Keler提交了的“销售出库单”审核通过。单号：<a href="/huihaote1/index.php/Sorder/view/id/6">《xsck-201403170002》</a>', 0, 1395025242, 0, 0, 1),
(558, 15, '“销售出库单”审核通过，等待货/款确认', 'Keler提交了的“销售出库单”审核通过。单号：<a href="/huihaote1/index.php/Sorder/view/id/6">《xsck-201403170002》</a>', 0, 1395025242, 0, 0, 1),
(559, 16, '“销售出库单”审核通过，等待货/款确认', 'Keler提交了的“销售出库单”审核通过。单号：<a href="/huihaote1/index.php/Sorder/view/id/6">《xsck-201403170002》</a>', 0, 1395025242, 0, 0, 1),
(560, 1, '“销售出库单”审核通过，等待货/款确认', 'Keler提交了的“销售出库单”审核通过。单号：<a href="/huihaote1/index.php/Sorder/view/id/6">《xsck-201403170002》</a>', 0, 1395025242, 0, 0, 1),
(561, 6, '“销售出库单”审核通过，等待货/款确认', 'Keler提交了的“销售出库单”审核通过。单号：<a href="/huihaote1/index.php/Sorder/view/id/6">《xsck-201403170002》</a>', 0, 1395025242, 0, 0, 1),
(562, 35, '“销售出库单”审核通过，等待货/款确认', 'Keler提交了的“销售出库单”审核通过。单号：<a href="/huihaote1/index.php/Sorder/view/id/6">《xsck-201403170002》</a>', 0, 1395025242, 0, 0, 1),
(563, 1, '“销售出库单”审核通过，等待货/款确认', 'Keler提交了的“销售出库单”审核通过。单号：<a href="/huihaote1/index.php/Sorder/view/id/6">《xsck-201403170002》</a>', 0, 1395025242, 0, 0, 1),
(564, 6, '“销售出库单”审核通过，等待货/款确认', 'Keler提交了的“销售出库单”审核通过。单号：<a href="/huihaote1/index.php/Sorder/view/id/6">《xsck-201403170002》</a>', 0, 1395025242, 0, 0, 1),
(565, 35, '“销售出库单”审核通过，等待货/款确认', 'Keler提交了的“销售出库单”审核通过。单号：<a href="/huihaote1/index.php/Sorder/view/id/6">《xsck-201403170002》</a>', 0, 1395025242, 0, 0, 1),
(566, 1, '“销售出库单”审核通过，等待货/款确认', 'Keler提交了的“销售出库单”审核通过。单号：<a href="/huihaote1/index.php/Sorder/view/id/6">《xsck-201403170002》</a>', 0, 1395025242, 0, 0, 1),
(567, 6, '“销售出库单”审核通过，等待货/款确认', 'Keler提交了的“销售出库单”审核通过。单号：<a href="/huihaote1/index.php/Sorder/view/id/6">《xsck-201403170002》</a>', 0, 1395025242, 0, 0, 1),
(568, 35, '“销售出库单”审核通过，等待货/款确认', 'Keler提交了的“销售出库单”审核通过。单号：<a href="/huihaote1/index.php/Sorder/view/id/6">《xsck-201403170002》</a>', 0, 1395025242, 0, 0, 1),
(569, 25, '“销售出库单”审核通过，等待货/款确认', 'Keler提交了的“销售出库单”审核通过。单号：<a href="/huihaote1/index.php/Sorder/view/id/6">《xsck-201403170002》</a>', 0, 1395025242, 0, 0, 1),
(570, 31, '“销售出库单”审核通过，等待货/款确认', 'Keler提交了的“销售出库单”审核通过。单号：<a href="/huihaote1/index.php/Sorder/view/id/6">《xsck-201403170002》</a>', 0, 1395025242, 0, 0, 1),
(571, 25, '“销售出库单”审核通过，等待货/款确认', 'Keler提交了的“销售出库单”审核通过。单号：<a href="/huihaote1/index.php/Sorder/view/id/6">《xsck-201403170002》</a>', 0, 1395025242, 0, 0, 1),
(572, 31, '“销售出库单”审核通过，等待货/款确认', 'Keler提交了的“销售出库单”审核通过。单号：<a href="/huihaote1/index.php/Sorder/view/id/6">《xsck-201403170002》</a>', 0, 1395025242, 0, 0, 1),
(573, 20, '“销售出库单”审核通过，等待货/款确认', 'Keler提交了的“销售出库单”审核通过。单号：<a href="/huihaote1/index.php/Sorder/view/id/6">《xsck-201403170002》</a>', 0, 1395025242, 0, 0, 1),
(574, 15, '“销售出库单”审核通过，等待货/款确认', 'Keler提交了的“销售出库单”审核通过。单号：<a href="/huihaote1/index.php/Sorder/view/id/6">《xsck-201403170002》</a>', 0, 1395025242, 0, 0, 1),
(575, 17, '“销售出库单”审核通过，等待货/款确认', 'Keler提交了的“销售出库单”审核通过。单号：<a href="/huihaote1/index.php/Sorder/view/id/6">《xsck-201403170002》</a>', 0, 1395025242, 0, 0, 1),
(576, 18, '“销售出库单”审核通过，等待货/款确认', 'Keler提交了的“销售出库单”审核通过。单号：<a href="/huihaote1/index.php/Sorder/view/id/6">《xsck-201403170002》</a>', 0, 1395025242, 0, 0, 1),
(577, 30, '“销售出库单”审核通过，等待货/款确认', 'Keler提交了的“销售出库单”审核通过。单号：<a href="/huihaote1/index.php/Sorder/view/id/6">《xsck-201403170002》</a>', 0, 1395025242, 0, 0, 1),
(578, 15, '“销售出库单”审核通过，等待货/款确认', 'Keler提交了的“销售出库单”审核通过。单号：<a href="/huihaote1/index.php/Sorder/view/id/6">《xsck-201403170002》</a>', 0, 1395025242, 0, 0, 1),
(579, 17, '“销售出库单”审核通过，等待货/款确认', 'Keler提交了的“销售出库单”审核通过。单号：<a href="/huihaote1/index.php/Sorder/view/id/6">《xsck-201403170002》</a>', 0, 1395025242, 0, 0, 1),
(580, 18, '“销售出库单”审核通过，等待货/款确认', 'Keler提交了的“销售出库单”审核通过。单号：<a href="/huihaote1/index.php/Sorder/view/id/6">《xsck-201403170002》</a>', 0, 1395025242, 0, 0, 1),
(581, 30, '“销售出库单”审核通过，等待货/款确认', 'Keler提交了的“销售出库单”审核通过。单号：<a href="/huihaote1/index.php/Sorder/view/id/6">《xsck-201403170002》</a>', 0, 1395025242, 0, 0, 1),
(582, 15, '“销售出库单”审核通过，等待货/款确认', 'Keler提交了的“销售出库单”审核通过。单号：<a href="/huihaote1/index.php/Sorder/view/id/6">《xsck-201403170002》</a>', 0, 1395025242, 0, 0, 1),
(583, 17, '“销售出库单”审核通过，等待货/款确认', 'Keler提交了的“销售出库单”审核通过。单号：<a href="/huihaote1/index.php/Sorder/view/id/6">《xsck-201403170002》</a>', 0, 1395025242, 0, 0, 1),
(584, 18, '“销售出库单”审核通过，等待货/款确认', 'Keler提交了的“销售出库单”审核通过。单号：<a href="/huihaote1/index.php/Sorder/view/id/6">《xsck-201403170002》</a>', 0, 1395025242, 0, 0, 1),
(585, 30, '“销售出库单”审核通过，等待货/款确认', 'Keler提交了的“销售出库单”审核通过。单号：<a href="/huihaote1/index.php/Sorder/view/id/6">《xsck-201403170002》</a>', 0, 1395025242, 0, 0, 1),
(586, 15, '“销售出库单”审核通过，等待货/款确认', 'Keler提交了的“销售出库单”审核通过。单号：<a href="/huihaote1/index.php/Sorder/view/id/6">《xsck-201403170002》</a>', 0, 1395025242, 0, 0, 1),
(587, 17, '“销售出库单”审核通过，等待货/款确认', 'Keler提交了的“销售出库单”审核通过。单号：<a href="/huihaote1/index.php/Sorder/view/id/6">《xsck-201403170002》</a>', 0, 1395025242, 0, 0, 1),
(588, 18, '“销售出库单”审核通过，等待货/款确认', 'Keler提交了的“销售出库单”审核通过。单号：<a href="/huihaote1/index.php/Sorder/view/id/6">《xsck-201403170002》</a>', 0, 1395025242, 0, 0, 1),
(589, 30, '“销售出库单”审核通过，等待货/款确认', 'Keler提交了的“销售出库单”审核通过。单号：<a href="/huihaote1/index.php/Sorder/view/id/6">《xsck-201403170002》</a>', 0, 1395025242, 0, 0, 1),
(590, 19, '“销售出库单”审核通过，等待货/款确认', 'Keler提交了的“销售出库单”审核通过。单号：<a href="/huihaote1/index.php/Sorder/view/id/6">《xsck-201403170002》</a>', 0, 1395025242, 0, 0, 1),
(591, 23, '“销售出库单”审核通过，等待货/款确认', 'Keler提交了的“销售出库单”审核通过。单号：<a href="/huihaote1/index.php/Sorder/view/id/6">《xsck-201403170002》</a>', 0, 1395025242, 0, 0, 1),
(592, 100000, '“销售出库单”审核通过，等待货/款确认', 'Keler提交了的“销售出库单”审核通过。单号：<a href="/huihaote1/index.php/Sorder/view/id/6">《xsck-201403170002》</a>', 0, 1395025242, 0, 0, 1),
(593, 23, '“销售出库单”审核通过，等待货/款确认', 'Keler提交了的“销售出库单”审核通过。单号：<a href="/huihaote1/index.php/Sorder/view/id/6">《xsck-201403170002》</a>', 0, 1395025242, 0, 0, 1),
(594, 100000, '“销售出库单”审核通过，等待货/款确认', 'Keler提交了的“销售出库单”审核通过。单号：<a href="/huihaote1/index.php/Sorder/view/id/6">《xsck-201403170002》</a>', 0, 1395025242, 0, 0, 1),
(595, 1, '订单cgrk-201403170001的有退货申请', 'Keler提交了新的退货需您审批，查看：<a href="/huihaote1/index.php/Porder/viewSwap/id/1">《cgrk-201403170001》</a>', 0, 1395025283, 0, 0, 1),
(596, 6, '订单cgrk-201403170001的有退货申请', 'Keler提交了新的退货需您审批，查看：<a href="/huihaote1/index.php/Porder/viewSwap/id/1">《cgrk-201403170001》</a>', 0, 1395025283, 0, 0, 1),
(597, 35, '订单cgrk-201403170001的有退货申请', 'Keler提交了新的退货需您审批，查看：<a href="/huihaote1/index.php/Porder/viewSwap/id/1">《cgrk-201403170001》</a>', 0, 1395025283, 0, 0, 1),
(598, 1, '订单cgrk-201403170001的有退货申请', 'Keler提交了新的退货需您审批，查看：<a href="/huihaote1/index.php/Porder/viewSwap/id/1">《cgrk-201403170001》</a>', 0, 1395025283, 0, 0, 1),
(599, 6, '订单cgrk-201403170001的有退货申请', 'Keler提交了新的退货需您审批，查看：<a href="/huihaote1/index.php/Porder/viewSwap/id/1">《cgrk-201403170001》</a>', 0, 1395025283, 0, 0, 1),
(600, 35, '订单cgrk-201403170001的有退货申请', 'Keler提交了新的退货需您审批，查看：<a href="/huihaote1/index.php/Porder/viewSwap/id/1">《cgrk-201403170001》</a>', 0, 1395025283, 0, 0, 1),
(601, 1, '订单cgrk-201403170001的有退货申请', 'Keler提交了新的退货需您审批，查看：<a href="/huihaote1/index.php/Porder/viewSwap/id/1">《cgrk-201403170001》</a>', 0, 1395025283, 0, 0, 1),
(602, 6, '订单cgrk-201403170001的有退货申请', 'Keler提交了新的退货需您审批，查看：<a href="/huihaote1/index.php/Porder/viewSwap/id/1">《cgrk-201403170001》</a>', 0, 1395025283, 0, 0, 1),
(603, 35, '订单cgrk-201403170001的有退货申请', 'Keler提交了新的退货需您审批，查看：<a href="/huihaote1/index.php/Porder/viewSwap/id/1">《cgrk-201403170001》</a>', 0, 1395025283, 0, 0, 1),
(604, 20, '订单cgrk-201403170001的有退货申请', 'Keler提交了新的退货需您审批，查看：<a href="/huihaote1/index.php/Porder/viewSwap/id/1">《cgrk-201403170001》</a>', 0, 1395025283, 0, 0, 1),
(605, 19, '订单cgrk-201403170001的有退货申请', 'Keler提交了新的退货需您审批，查看：<a href="/huihaote1/index.php/Porder/viewSwap/id/1">《cgrk-201403170001》</a>', 0, 1395025283, 0, 0, 1),
(606, 15, '订单cgrk-201403170001的有退货申请', 'Keler提交了新的退货需您审批，查看：<a href="/huihaote1/index.php/Porder/viewSwap/id/1">《cgrk-201403170001》</a>', 0, 1395025283, 0, 0, 1),
(607, 17, '订单cgrk-201403170001的有退货申请', 'Keler提交了新的退货需您审批，查看：<a href="/huihaote1/index.php/Porder/viewSwap/id/1">《cgrk-201403170001》</a>', 0, 1395025283, 0, 0, 1),
(608, 18, '订单cgrk-201403170001的有退货申请', 'Keler提交了新的退货需您审批，查看：<a href="/huihaote1/index.php/Porder/viewSwap/id/1">《cgrk-201403170001》</a>', 0, 1395025283, 0, 0, 1),
(609, 30, '订单cgrk-201403170001的有退货申请', 'Keler提交了新的退货需您审批，查看：<a href="/huihaote1/index.php/Porder/viewSwap/id/1">《cgrk-201403170001》</a>', 0, 1395025283, 0, 0, 1),
(610, 15, '订单cgrk-201403170001的有退货申请', 'Keler提交了新的退货需您审批，查看：<a href="/huihaote1/index.php/Porder/viewSwap/id/1">《cgrk-201403170001》</a>', 0, 1395025283, 0, 0, 1),
(611, 17, '订单cgrk-201403170001的有退货申请', 'Keler提交了新的退货需您审批，查看：<a href="/huihaote1/index.php/Porder/viewSwap/id/1">《cgrk-201403170001》</a>', 0, 1395025283, 0, 0, 1),
(612, 18, '订单cgrk-201403170001的有退货申请', 'Keler提交了新的退货需您审批，查看：<a href="/huihaote1/index.php/Porder/viewSwap/id/1">《cgrk-201403170001》</a>', 0, 1395025283, 0, 0, 1),
(613, 30, '订单cgrk-201403170001的有退货申请', 'Keler提交了新的退货需您审批，查看：<a href="/huihaote1/index.php/Porder/viewSwap/id/1">《cgrk-201403170001》</a>', 0, 1395025283, 0, 0, 1),
(614, 15, '订单cgrk-201403170001的有退货申请', 'Keler提交了新的退货需您审批，查看：<a href="/huihaote1/index.php/Porder/viewSwap/id/1">《cgrk-201403170001》</a>', 0, 1395025283, 0, 0, 1),
(615, 17, '订单cgrk-201403170001的有退货申请', 'Keler提交了新的退货需您审批，查看：<a href="/huihaote1/index.php/Porder/viewSwap/id/1">《cgrk-201403170001》</a>', 0, 1395025283, 0, 0, 1),
(616, 18, '订单cgrk-201403170001的有退货申请', 'Keler提交了新的退货需您审批，查看：<a href="/huihaote1/index.php/Porder/viewSwap/id/1">《cgrk-201403170001》</a>', 0, 1395025283, 0, 0, 1),
(617, 30, '订单cgrk-201403170001的有退货申请', 'Keler提交了新的退货需您审批，查看：<a href="/huihaote1/index.php/Porder/viewSwap/id/1">《cgrk-201403170001》</a>', 0, 1395025283, 0, 0, 1),
(618, 15, '订单cgrk-201403170001的有退货申请', 'Keler提交了新的退货需您审批，查看：<a href="/huihaote1/index.php/Porder/viewSwap/id/1">《cgrk-201403170001》</a>', 0, 1395025283, 0, 0, 1),
(619, 17, '订单cgrk-201403170001的有退货申请', 'Keler提交了新的退货需您审批，查看：<a href="/huihaote1/index.php/Porder/viewSwap/id/1">《cgrk-201403170001》</a>', 0, 1395025283, 0, 0, 1),
(620, 18, '订单cgrk-201403170001的有退货申请', 'Keler提交了新的退货需您审批，查看：<a href="/huihaote1/index.php/Porder/viewSwap/id/1">《cgrk-201403170001》</a>', 0, 1395025283, 0, 0, 1),
(621, 30, '订单cgrk-201403170001的有退货申请', 'Keler提交了新的退货需您审批，查看：<a href="/huihaote1/index.php/Porder/viewSwap/id/1">《cgrk-201403170001》</a>', 0, 1395025283, 0, 0, 1),
(622, 1, '订单xsck-201403170001的有退货申请', 'Keler提交了新的退货需您审批，查看：<a href="/huihaote1/index.php/Sorder/viewSwap/id/2">《xsck-201403170001》</a>', 0, 1395025317, 0, 0, 1),
(623, 6, '订单xsck-201403170001的有退货申请', 'Keler提交了新的退货需您审批，查看：<a href="/huihaote1/index.php/Sorder/viewSwap/id/2">《xsck-201403170001》</a>', 0, 1395025317, 0, 0, 1),
(624, 35, '订单xsck-201403170001的有退货申请', 'Keler提交了新的退货需您审批，查看：<a href="/huihaote1/index.php/Sorder/viewSwap/id/2">《xsck-201403170001》</a>', 0, 1395025317, 0, 0, 1),
(625, 1, '订单xsck-201403170001的有退货申请', 'Keler提交了新的退货需您审批，查看：<a href="/huihaote1/index.php/Sorder/viewSwap/id/2">《xsck-201403170001》</a>', 0, 1395025317, 0, 0, 1),
(626, 6, '订单xsck-201403170001的有退货申请', 'Keler提交了新的退货需您审批，查看：<a href="/huihaote1/index.php/Sorder/viewSwap/id/2">《xsck-201403170001》</a>', 0, 1395025317, 0, 0, 1),
(627, 35, '订单xsck-201403170001的有退货申请', 'Keler提交了新的退货需您审批，查看：<a href="/huihaote1/index.php/Sorder/viewSwap/id/2">《xsck-201403170001》</a>', 0, 1395025317, 0, 0, 1),
(628, 1, '订单xsck-201403170001的有退货申请', 'Keler提交了新的退货需您审批，查看：<a href="/huihaote1/index.php/Sorder/viewSwap/id/2">《xsck-201403170001》</a>', 0, 1395025317, 0, 0, 1),
(629, 6, '订单xsck-201403170001的有退货申请', 'Keler提交了新的退货需您审批，查看：<a href="/huihaote1/index.php/Sorder/viewSwap/id/2">《xsck-201403170001》</a>', 0, 1395025317, 0, 0, 1),
(630, 35, '订单xsck-201403170001的有退货申请', 'Keler提交了新的退货需您审批，查看：<a href="/huihaote1/index.php/Sorder/viewSwap/id/2">《xsck-201403170001》</a>', 0, 1395025317, 0, 0, 1),
(631, 15, '订单xsck-201403170001的有退货申请', 'Keler提交了新的退货需您审批，查看：<a href="/huihaote1/index.php/Sorder/viewSwap/id/2">《xsck-201403170001》</a>', 0, 1395025317, 0, 0, 1),
(632, 17, '订单xsck-201403170001的有退货申请', 'Keler提交了新的退货需您审批，查看：<a href="/huihaote1/index.php/Sorder/viewSwap/id/2">《xsck-201403170001》</a>', 0, 1395025317, 0, 0, 1),
(633, 18, '订单xsck-201403170001的有退货申请', 'Keler提交了新的退货需您审批，查看：<a href="/huihaote1/index.php/Sorder/viewSwap/id/2">《xsck-201403170001》</a>', 0, 1395025317, 0, 0, 1),
(634, 30, '订单xsck-201403170001的有退货申请', 'Keler提交了新的退货需您审批，查看：<a href="/huihaote1/index.php/Sorder/viewSwap/id/2">《xsck-201403170001》</a>', 0, 1395025317, 0, 0, 1),
(635, 15, '订单xsck-201403170001的有退货申请', 'Keler提交了新的退货需您审批，查看：<a href="/huihaote1/index.php/Sorder/viewSwap/id/2">《xsck-201403170001》</a>', 0, 1395025317, 0, 0, 1),
(636, 17, '订单xsck-201403170001的有退货申请', 'Keler提交了新的退货需您审批，查看：<a href="/huihaote1/index.php/Sorder/viewSwap/id/2">《xsck-201403170001》</a>', 0, 1395025317, 0, 0, 1),
(637, 18, '订单xsck-201403170001的有退货申请', 'Keler提交了新的退货需您审批，查看：<a href="/huihaote1/index.php/Sorder/viewSwap/id/2">《xsck-201403170001》</a>', 0, 1395025317, 0, 0, 1),
(638, 30, '订单xsck-201403170001的有退货申请', 'Keler提交了新的退货需您审批，查看：<a href="/huihaote1/index.php/Sorder/viewSwap/id/2">《xsck-201403170001》</a>', 0, 1395025317, 0, 0, 1),
(639, 15, '订单xsck-201403170001的有退货申请', 'Keler提交了新的退货需您审批，查看：<a href="/huihaote1/index.php/Sorder/viewSwap/id/2">《xsck-201403170001》</a>', 0, 1395025317, 0, 0, 1),
(640, 17, '订单xsck-201403170001的有退货申请', 'Keler提交了新的退货需您审批，查看：<a href="/huihaote1/index.php/Sorder/viewSwap/id/2">《xsck-201403170001》</a>', 0, 1395025317, 0, 0, 1),
(641, 18, '订单xsck-201403170001的有退货申请', 'Keler提交了新的退货需您审批，查看：<a href="/huihaote1/index.php/Sorder/viewSwap/id/2">《xsck-201403170001》</a>', 0, 1395025317, 0, 0, 1),
(642, 30, '订单xsck-201403170001的有退货申请', 'Keler提交了新的退货需您审批，查看：<a href="/huihaote1/index.php/Sorder/viewSwap/id/2">《xsck-201403170001》</a>', 0, 1395025317, 0, 0, 1),
(643, 15, '订单xsck-201403170001的有退货申请', 'Keler提交了新的退货需您审批，查看：<a href="/huihaote1/index.php/Sorder/viewSwap/id/2">《xsck-201403170001》</a>', 0, 1395025317, 0, 0, 1),
(644, 17, '订单xsck-201403170001的有退货申请', 'Keler提交了新的退货需您审批，查看：<a href="/huihaote1/index.php/Sorder/viewSwap/id/2">《xsck-201403170001》</a>', 0, 1395025317, 0, 0, 1),
(645, 18, '订单xsck-201403170001的有退货申请', 'Keler提交了新的退货需您审批，查看：<a href="/huihaote1/index.php/Sorder/viewSwap/id/2">《xsck-201403170001》</a>', 0, 1395025317, 0, 0, 1),
(646, 30, '订单xsck-201403170001的有退货申请', 'Keler提交了新的退货需您审批，查看：<a href="/huihaote1/index.php/Sorder/viewSwap/id/2">《xsck-201403170001》</a>', 0, 1395025317, 0, 0, 1),
(647, 19, '订单xsck-201403170001的有退货申请', 'Keler提交了新的退货需您审批，查看：<a href="/huihaote1/index.php/Sorder/viewSwap/id/2">《xsck-201403170001》</a>', 0, 1395025317, 0, 0, 1),
(648, 1, '新的“维修管理”需要审批', 'Keler提交了新的“维修管理”需要您审批，单号：<a href="/huihaote1/index.php/Service/view/id/1">《wxgl-201403170001》</a>', 0, 1395025367, 0, 0, 1),
(649, 6, '新的“维修管理”需要审批', 'Keler提交了新的“维修管理”需要您审批，单号：<a href="/huihaote1/index.php/Service/view/id/1">《wxgl-201403170001》</a>', 0, 1395025367, 0, 0, 1),
(650, 35, '新的“维修管理”需要审批', 'Keler提交了新的“维修管理”需要您审批，单号：<a href="/huihaote1/index.php/Service/view/id/1">《wxgl-201403170001》</a>', 0, 1395025367, 0, 0, 1),
(651, 15, '新的“维修管理”需要审批', 'Keler提交了新的“维修管理”需要您审批，单号：<a href="/huihaote1/index.php/Service/view/id/1">《wxgl-201403170001》</a>', 0, 1395025367, 0, 0, 1),
(652, 17, '新的“维修管理”需要审批', 'Keler提交了新的“维修管理”需要您审批，单号：<a href="/huihaote1/index.php/Service/view/id/1">《wxgl-201403170001》</a>', 0, 1395025367, 0, 0, 1),
(653, 18, '新的“维修管理”需要审批', 'Keler提交了新的“维修管理”需要您审批，单号：<a href="/huihaote1/index.php/Service/view/id/1">《wxgl-201403170001》</a>', 0, 1395025367, 0, 0, 1),
(654, 30, '新的“维修管理”需要审批', 'Keler提交了新的“维修管理”需要您审批，单号：<a href="/huihaote1/index.php/Service/view/id/1">《wxgl-201403170001》</a>', 0, 1395025367, 0, 0, 1),
(655, 23, '新的“维修管理”需要审批', 'Keler提交了新的“维修管理”需要您审批，单号：<a href="/huihaote1/index.php/Service/view/id/1">《wxgl-201403170001》</a>', 0, 1395025367, 0, 0, 1),
(656, 100000, '新的“维修管理”需要审批', 'Keler提交了新的“维修管理”需要您审批，单号：<a href="/huihaote1/index.php/Service/view/id/1">《wxgl-201403170001》</a>', 0, 1395025367, 0, 0, 1),
(657, 22, '新的“维修管理”需要审批', 'Keler提交了新的“维修管理”需要您审批，单号：<a href="/huihaote1/index.php/Service/view/id/1">《wxgl-201403170001》</a>', 0, 1395025367, 0, 0, 1),
(658, 28, '新的“维修管理”需要审批', 'Keler提交了新的“维修管理”需要您审批，单号：<a href="/huihaote1/index.php/Service/view/id/1">《wxgl-201403170001》</a>', 0, 1395025367, 0, 0, 1),
(659, 35, '“维修管理”审批结果', '您提交了的“维修管理”，审核通过。单号：<a href="/huihaote1/index.php/Service/view/id/1">《wxgl-201403170001》</a>', 0, 1395025383, 0, 0, 1),
(660, 3, '“维修管理”审核通过，等待货/款确认', 'Keler提交了的“维修管理”审核通过。<a href="/huihaote1/index.php/Service/view/id/1">《wxgl-201403170001》</a>', 0, 1395025383, 0, 0, 1),
(661, 2, '“维修管理”审核通过，等待货/款确认', 'Keler提交了的“维修管理”审核通过。<a href="/huihaote1/index.php/Service/view/id/1">《wxgl-201403170001》</a>', 0, 1395025383, 0, 0, 1),
(662, 3, '“维修管理”审核通过，等待货/款确认', 'Keler提交了的“维修管理”审核通过。<a href="/huihaote1/index.php/Service/view/id/1">《wxgl-201403170001》</a>', 0, 1395025383, 0, 0, 1),
(663, 4, '“维修管理”审核通过，等待货/款确认', 'Keler提交了的“维修管理”审核通过。<a href="/huihaote1/index.php/Service/view/id/1">《wxgl-201403170001》</a>', 0, 1395025383, 0, 0, 1);
INSERT INTO `ix_user_mail` (`id`, `uid`, `title`, `content`, `writer`, `time`, `read`, `reply`, `system`) VALUES
(664, 7, '“维修管理”审核通过，等待货/款确认', 'Keler提交了的“维修管理”审核通过。<a href="/huihaote1/index.php/Service/view/id/1">《wxgl-201403170001》</a>', 0, 1395025383, 0, 0, 1),
(665, 8, '“维修管理”审核通过，等待货/款确认', 'Keler提交了的“维修管理”审核通过。<a href="/huihaote1/index.php/Service/view/id/1">《wxgl-201403170001》</a>', 0, 1395025383, 0, 0, 1),
(666, 9, '“维修管理”审核通过，等待货/款确认', 'Keler提交了的“维修管理”审核通过。<a href="/huihaote1/index.php/Service/view/id/1">《wxgl-201403170001》</a>', 0, 1395025383, 0, 0, 1),
(667, 9, '“维修管理”审核通过，等待货/款确认', 'Keler提交了的“维修管理”审核通过。<a href="/huihaote1/index.php/Service/view/id/1">《wxgl-201403170001》</a>', 0, 1395025383, 0, 0, 1),
(668, 10, '“维修管理”审核通过，等待货/款确认', 'Keler提交了的“维修管理”审核通过。<a href="/huihaote1/index.php/Service/view/id/1">《wxgl-201403170001》</a>', 0, 1395025383, 0, 0, 1),
(669, 11, '“维修管理”审核通过，等待货/款确认', 'Keler提交了的“维修管理”审核通过。<a href="/huihaote1/index.php/Service/view/id/1">《wxgl-201403170001》</a>', 0, 1395025383, 0, 0, 1),
(670, 12, '“维修管理”审核通过，等待货/款确认', 'Keler提交了的“维修管理”审核通过。<a href="/huihaote1/index.php/Service/view/id/1">《wxgl-201403170001》</a>', 0, 1395025383, 0, 0, 1),
(671, 13, '“维修管理”审核通过，等待货/款确认', 'Keler提交了的“维修管理”审核通过。<a href="/huihaote1/index.php/Service/view/id/1">《wxgl-201403170001》</a>', 0, 1395025383, 0, 0, 1),
(672, 14, '“维修管理”审核通过，等待货/款确认', 'Keler提交了的“维修管理”审核通过。<a href="/huihaote1/index.php/Service/view/id/1">《wxgl-201403170001》</a>', 0, 1395025383, 0, 0, 1),
(673, 15, '“维修管理”审核通过，等待货/款确认', 'Keler提交了的“维修管理”审核通过。<a href="/huihaote1/index.php/Service/view/id/1">《wxgl-201403170001》</a>', 0, 1395025383, 0, 0, 1),
(674, 16, '“维修管理”审核通过，等待货/款确认', 'Keler提交了的“维修管理”审核通过。<a href="/huihaote1/index.php/Service/view/id/1">《wxgl-201403170001》</a>', 0, 1395025383, 0, 0, 1),
(675, 1, '“维修管理”审核通过，等待货/款确认', 'Keler提交了的“维修管理”审核通过。<a href="/huihaote1/index.php/Service/view/id/1">《wxgl-201403170001》</a>', 0, 1395025383, 0, 0, 1),
(676, 6, '“维修管理”审核通过，等待货/款确认', 'Keler提交了的“维修管理”审核通过。<a href="/huihaote1/index.php/Service/view/id/1">《wxgl-201403170001》</a>', 0, 1395025383, 0, 0, 1),
(677, 35, '“维修管理”审核通过，等待货/款确认', 'Keler提交了的“维修管理”审核通过。<a href="/huihaote1/index.php/Service/view/id/1">《wxgl-201403170001》</a>', 0, 1395025383, 0, 0, 1),
(678, 25, '“维修管理”审核通过，等待货/款确认', 'Keler提交了的“维修管理”审核通过。<a href="/huihaote1/index.php/Service/view/id/1">《wxgl-201403170001》</a>', 0, 1395025383, 0, 0, 1),
(679, 31, '“维修管理”审核通过，等待货/款确认', 'Keler提交了的“维修管理”审核通过。<a href="/huihaote1/index.php/Service/view/id/1">《wxgl-201403170001》</a>', 0, 1395025383, 0, 0, 1),
(680, 20, '“维修管理”审核通过，等待货/款确认', 'Keler提交了的“维修管理”审核通过。<a href="/huihaote1/index.php/Service/view/id/1">《wxgl-201403170001》</a>', 0, 1395025383, 0, 0, 1),
(681, 15, '“维修管理”审核通过，等待货/款确认', 'Keler提交了的“维修管理”审核通过。<a href="/huihaote1/index.php/Service/view/id/1">《wxgl-201403170001》</a>', 0, 1395025383, 0, 0, 1),
(682, 17, '“维修管理”审核通过，等待货/款确认', 'Keler提交了的“维修管理”审核通过。<a href="/huihaote1/index.php/Service/view/id/1">《wxgl-201403170001》</a>', 0, 1395025383, 0, 0, 1),
(683, 18, '“维修管理”审核通过，等待货/款确认', 'Keler提交了的“维修管理”审核通过。<a href="/huihaote1/index.php/Service/view/id/1">《wxgl-201403170001》</a>', 0, 1395025383, 0, 0, 1),
(684, 30, '“维修管理”审核通过，等待货/款确认', 'Keler提交了的“维修管理”审核通过。<a href="/huihaote1/index.php/Service/view/id/1">《wxgl-201403170001》</a>', 0, 1395025383, 0, 0, 1),
(685, 19, '“维修管理”审核通过，等待货/款确认', 'Keler提交了的“维修管理”审核通过。<a href="/huihaote1/index.php/Service/view/id/1">《wxgl-201403170001》</a>', 0, 1395025383, 0, 0, 1),
(686, 23, '“维修管理”审核通过，等待货/款确认', 'Keler提交了的“维修管理”审核通过。<a href="/huihaote1/index.php/Service/view/id/1">《wxgl-201403170001》</a>', 0, 1395025383, 0, 0, 1),
(687, 100000, '“维修管理”审核通过，等待货/款确认', 'Keler提交了的“维修管理”审核通过。<a href="/huihaote1/index.php/Service/view/id/1">《wxgl-201403170001》</a>', 0, 1395025383, 0, 0, 1),
(688, 1, '新的“维修管理”需要审批', 'Keler提交了新的“维修管理”需要您审批，单号：<a href="/huihaote1/index.php/Service/view/id/2">《wxgl-201403170002》</a>', 0, 1395025410, 0, 0, 1),
(689, 6, '新的“维修管理”需要审批', 'Keler提交了新的“维修管理”需要您审批，单号：<a href="/huihaote1/index.php/Service/view/id/2">《wxgl-201403170002》</a>', 0, 1395025410, 0, 0, 1),
(690, 35, '新的“维修管理”需要审批', 'Keler提交了新的“维修管理”需要您审批，单号：<a href="/huihaote1/index.php/Service/view/id/2">《wxgl-201403170002》</a>', 0, 1395025410, 0, 0, 1),
(691, 15, '新的“维修管理”需要审批', 'Keler提交了新的“维修管理”需要您审批，单号：<a href="/huihaote1/index.php/Service/view/id/2">《wxgl-201403170002》</a>', 0, 1395025410, 0, 0, 1),
(692, 17, '新的“维修管理”需要审批', 'Keler提交了新的“维修管理”需要您审批，单号：<a href="/huihaote1/index.php/Service/view/id/2">《wxgl-201403170002》</a>', 0, 1395025410, 0, 0, 1),
(693, 18, '新的“维修管理”需要审批', 'Keler提交了新的“维修管理”需要您审批，单号：<a href="/huihaote1/index.php/Service/view/id/2">《wxgl-201403170002》</a>', 0, 1395025410, 0, 0, 1),
(694, 30, '新的“维修管理”需要审批', 'Keler提交了新的“维修管理”需要您审批，单号：<a href="/huihaote1/index.php/Service/view/id/2">《wxgl-201403170002》</a>', 0, 1395025410, 0, 0, 1),
(695, 23, '新的“维修管理”需要审批', 'Keler提交了新的“维修管理”需要您审批，单号：<a href="/huihaote1/index.php/Service/view/id/2">《wxgl-201403170002》</a>', 0, 1395025410, 0, 0, 1),
(696, 100000, '新的“维修管理”需要审批', 'Keler提交了新的“维修管理”需要您审批，单号：<a href="/huihaote1/index.php/Service/view/id/2">《wxgl-201403170002》</a>', 0, 1395025410, 0, 0, 1),
(697, 22, '新的“维修管理”需要审批', 'Keler提交了新的“维修管理”需要您审批，单号：<a href="/huihaote1/index.php/Service/view/id/2">《wxgl-201403170002》</a>', 0, 1395025410, 0, 0, 1),
(698, 28, '新的“维修管理”需要审批', 'Keler提交了新的“维修管理”需要您审批，单号：<a href="/huihaote1/index.php/Service/view/id/2">《wxgl-201403170002》</a>', 0, 1395025410, 0, 0, 1),
(699, 2, '新的“生产入库单”需要审批', 'Keler提交了新的“生产入库单”需要您审批，单号：<a href="/huihaote1/index.php/Morder/view/id/7">《scrk-201403170001》</a>', 0, 1395025455, 0, 0, 1),
(700, 3, '新的“生产入库单”需要审批', 'Keler提交了新的“生产入库单”需要您审批，单号：<a href="/huihaote1/index.php/Morder/view/id/7">《scrk-201403170001》</a>', 0, 1395025455, 0, 0, 1),
(701, 2, '新的“生产入库单”需要审批', 'Keler提交了新的“生产入库单”需要您审批，单号：<a href="/huihaote1/index.php/Morder/view/id/7">《scrk-201403170001》</a>', 0, 1395025455, 0, 0, 1),
(702, 3, '新的“生产入库单”需要审批', 'Keler提交了新的“生产入库单”需要您审批，单号：<a href="/huihaote1/index.php/Morder/view/id/7">《scrk-201403170001》</a>', 0, 1395025455, 0, 0, 1),
(703, 2, '新的“生产入库单”需要审批', 'Keler提交了新的“生产入库单”需要您审批，单号：<a href="/huihaote1/index.php/Morder/view/id/7">《scrk-201403170001》</a>', 0, 1395025455, 0, 0, 1),
(704, 3, '新的“生产入库单”需要审批', 'Keler提交了新的“生产入库单”需要您审批，单号：<a href="/huihaote1/index.php/Morder/view/id/7">《scrk-201403170001》</a>', 0, 1395025455, 0, 0, 1),
(705, 2, '新的“生产入库单”需要审批', 'Keler提交了新的“生产入库单”需要您审批，单号：<a href="/huihaote1/index.php/Morder/view/id/7">《scrk-201403170001》</a>', 0, 1395025455, 0, 0, 1),
(706, 3, '新的“生产入库单”需要审批', 'Keler提交了新的“生产入库单”需要您审批，单号：<a href="/huihaote1/index.php/Morder/view/id/7">《scrk-201403170001》</a>', 0, 1395025455, 0, 0, 1),
(707, 4, '新的“生产入库单”需要审批', 'Keler提交了新的“生产入库单”需要您审批，单号：<a href="/huihaote1/index.php/Morder/view/id/7">《scrk-201403170001》</a>', 0, 1395025455, 0, 0, 1),
(708, 7, '新的“生产入库单”需要审批', 'Keler提交了新的“生产入库单”需要您审批，单号：<a href="/huihaote1/index.php/Morder/view/id/7">《scrk-201403170001》</a>', 0, 1395025455, 0, 0, 1),
(709, 11, '新的“生产入库单”需要审批', 'Keler提交了新的“生产入库单”需要您审批，单号：<a href="/huihaote1/index.php/Morder/view/id/7">《scrk-201403170001》</a>', 0, 1395025455, 0, 0, 1),
(710, 13, '新的“生产入库单”需要审批', 'Keler提交了新的“生产入库单”需要您审批，单号：<a href="/huihaote1/index.php/Morder/view/id/7">《scrk-201403170001》</a>', 0, 1395025455, 0, 0, 1),
(711, 14, '新的“生产入库单”需要审批', 'Keler提交了新的“生产入库单”需要您审批，单号：<a href="/huihaote1/index.php/Morder/view/id/7">《scrk-201403170001》</a>', 0, 1395025455, 0, 0, 1),
(712, 15, '新的“生产入库单”需要审批', 'Keler提交了新的“生产入库单”需要您审批，单号：<a href="/huihaote1/index.php/Morder/view/id/7">《scrk-201403170001》</a>', 0, 1395025455, 0, 0, 1),
(713, 14, '新的“生产入库单”需要审批', 'Keler提交了新的“生产入库单”需要您审批，单号：<a href="/huihaote1/index.php/Morder/view/id/7">《scrk-201403170001》</a>', 0, 1395025455, 0, 0, 1),
(714, 15, '新的“生产入库单”需要审批', 'Keler提交了新的“生产入库单”需要您审批，单号：<a href="/huihaote1/index.php/Morder/view/id/7">《scrk-201403170001》</a>', 0, 1395025455, 0, 0, 1),
(715, 1, '新的“生产入库单”需要审批', 'Keler提交了新的“生产入库单”需要您审批，单号：<a href="/huihaote1/index.php/Morder/view/id/7">《scrk-201403170001》</a>', 0, 1395025455, 0, 0, 1),
(716, 6, '新的“生产入库单”需要审批', 'Keler提交了新的“生产入库单”需要您审批，单号：<a href="/huihaote1/index.php/Morder/view/id/7">《scrk-201403170001》</a>', 0, 1395025455, 0, 0, 1),
(717, 35, '新的“生产入库单”需要审批', 'Keler提交了新的“生产入库单”需要您审批，单号：<a href="/huihaote1/index.php/Morder/view/id/7">《scrk-201403170001》</a>', 0, 1395025455, 0, 0, 1),
(718, 1, '新的“生产入库单”需要审批', 'Keler提交了新的“生产入库单”需要您审批，单号：<a href="/huihaote1/index.php/Morder/view/id/7">《scrk-201403170001》</a>', 0, 1395025455, 0, 0, 1),
(719, 6, '新的“生产入库单”需要审批', 'Keler提交了新的“生产入库单”需要您审批，单号：<a href="/huihaote1/index.php/Morder/view/id/7">《scrk-201403170001》</a>', 0, 1395025455, 0, 0, 1),
(720, 35, '新的“生产入库单”需要审批', 'Keler提交了新的“生产入库单”需要您审批，单号：<a href="/huihaote1/index.php/Morder/view/id/7">《scrk-201403170001》</a>', 0, 1395025455, 0, 0, 1),
(721, 1, '新的“生产入库单”需要审批', 'Keler提交了新的“生产入库单”需要您审批，单号：<a href="/huihaote1/index.php/Morder/view/id/7">《scrk-201403170001》</a>', 0, 1395025455, 0, 0, 1),
(722, 6, '新的“生产入库单”需要审批', 'Keler提交了新的“生产入库单”需要您审批，单号：<a href="/huihaote1/index.php/Morder/view/id/7">《scrk-201403170001》</a>', 0, 1395025455, 0, 0, 1),
(723, 35, '新的“生产入库单”需要审批', 'Keler提交了新的“生产入库单”需要您审批，单号：<a href="/huihaote1/index.php/Morder/view/id/7">《scrk-201403170001》</a>', 0, 1395025455, 0, 0, 1),
(724, 15, '新的“生产入库单”需要审批', 'Keler提交了新的“生产入库单”需要您审批，单号：<a href="/huihaote1/index.php/Morder/view/id/7">《scrk-201403170001》</a>', 0, 1395025455, 0, 0, 1),
(725, 17, '新的“生产入库单”需要审批', 'Keler提交了新的“生产入库单”需要您审批，单号：<a href="/huihaote1/index.php/Morder/view/id/7">《scrk-201403170001》</a>', 0, 1395025455, 0, 0, 1),
(726, 18, '新的“生产入库单”需要审批', 'Keler提交了新的“生产入库单”需要您审批，单号：<a href="/huihaote1/index.php/Morder/view/id/7">《scrk-201403170001》</a>', 0, 1395025455, 0, 0, 1),
(727, 30, '新的“生产入库单”需要审批', 'Keler提交了新的“生产入库单”需要您审批，单号：<a href="/huihaote1/index.php/Morder/view/id/7">《scrk-201403170001》</a>', 0, 1395025455, 0, 0, 1),
(728, 15, '新的“生产入库单”需要审批', 'Keler提交了新的“生产入库单”需要您审批，单号：<a href="/huihaote1/index.php/Morder/view/id/7">《scrk-201403170001》</a>', 0, 1395025455, 0, 0, 1),
(729, 17, '新的“生产入库单”需要审批', 'Keler提交了新的“生产入库单”需要您审批，单号：<a href="/huihaote1/index.php/Morder/view/id/7">《scrk-201403170001》</a>', 0, 1395025455, 0, 0, 1),
(730, 18, '新的“生产入库单”需要审批', 'Keler提交了新的“生产入库单”需要您审批，单号：<a href="/huihaote1/index.php/Morder/view/id/7">《scrk-201403170001》</a>', 0, 1395025455, 0, 0, 1),
(731, 30, '新的“生产入库单”需要审批', 'Keler提交了新的“生产入库单”需要您审批，单号：<a href="/huihaote1/index.php/Morder/view/id/7">《scrk-201403170001》</a>', 0, 1395025455, 0, 0, 1),
(732, 15, '新的“生产入库单”需要审批', 'Keler提交了新的“生产入库单”需要您审批，单号：<a href="/huihaote1/index.php/Morder/view/id/7">《scrk-201403170001》</a>', 0, 1395025455, 0, 0, 1),
(733, 17, '新的“生产入库单”需要审批', 'Keler提交了新的“生产入库单”需要您审批，单号：<a href="/huihaote1/index.php/Morder/view/id/7">《scrk-201403170001》</a>', 0, 1395025455, 0, 0, 1),
(734, 18, '新的“生产入库单”需要审批', 'Keler提交了新的“生产入库单”需要您审批，单号：<a href="/huihaote1/index.php/Morder/view/id/7">《scrk-201403170001》</a>', 0, 1395025455, 0, 0, 1),
(735, 30, '新的“生产入库单”需要审批', 'Keler提交了新的“生产入库单”需要您审批，单号：<a href="/huihaote1/index.php/Morder/view/id/7">《scrk-201403170001》</a>', 0, 1395025455, 0, 0, 1),
(736, 15, '新的“生产入库单”需要审批', 'Keler提交了新的“生产入库单”需要您审批，单号：<a href="/huihaote1/index.php/Morder/view/id/7">《scrk-201403170001》</a>', 0, 1395025455, 0, 0, 1),
(737, 17, '新的“生产入库单”需要审批', 'Keler提交了新的“生产入库单”需要您审批，单号：<a href="/huihaote1/index.php/Morder/view/id/7">《scrk-201403170001》</a>', 0, 1395025455, 0, 0, 1),
(738, 18, '新的“生产入库单”需要审批', 'Keler提交了新的“生产入库单”需要您审批，单号：<a href="/huihaote1/index.php/Morder/view/id/7">《scrk-201403170001》</a>', 0, 1395025455, 0, 0, 1),
(739, 30, '新的“生产入库单”需要审批', 'Keler提交了新的“生产入库单”需要您审批，单号：<a href="/huihaote1/index.php/Morder/view/id/7">《scrk-201403170001》</a>', 0, 1395025455, 0, 0, 1),
(740, 19, '新的“生产入库单”需要审批', 'Keler提交了新的“生产入库单”需要您审批，单号：<a href="/huihaote1/index.php/Morder/view/id/7">《scrk-201403170001》</a>', 0, 1395025455, 0, 0, 1),
(741, 35, '“生产入库单”审批结果', '您提交了的“生产入库单”，审核通过。单号：<a href="/huihaote1/index.php/Morder/view/id/7">《scrk-201403170001》</a>', 0, 1395025464, 0, 0, 1),
(742, 3, '“生产入库单”审核通过，等待货/款确认', 'Keler提交了的“生产入库单”审核通过。单号：<a href="/huihaote1/index.php/Morder/view/id/7">《scrk-201403170001》</a>', 0, 1395025464, 0, 0, 1),
(743, 2, '“生产入库单”审核通过，等待货/款确认', 'Keler提交了的“生产入库单”审核通过。单号：<a href="/huihaote1/index.php/Morder/view/id/7">《scrk-201403170001》</a>', 0, 1395025464, 0, 0, 1),
(744, 3, '“生产入库单”审核通过，等待货/款确认', 'Keler提交了的“生产入库单”审核通过。单号：<a href="/huihaote1/index.php/Morder/view/id/7">《scrk-201403170001》</a>', 0, 1395025464, 0, 0, 1),
(745, 2, '“生产入库单”审核通过，等待货/款确认', 'Keler提交了的“生产入库单”审核通过。单号：<a href="/huihaote1/index.php/Morder/view/id/7">《scrk-201403170001》</a>', 0, 1395025464, 0, 0, 1),
(746, 3, '“生产入库单”审核通过，等待货/款确认', 'Keler提交了的“生产入库单”审核通过。单号：<a href="/huihaote1/index.php/Morder/view/id/7">《scrk-201403170001》</a>', 0, 1395025464, 0, 0, 1),
(747, 2, '“生产入库单”审核通过，等待货/款确认', 'Keler提交了的“生产入库单”审核通过。单号：<a href="/huihaote1/index.php/Morder/view/id/7">《scrk-201403170001》</a>', 0, 1395025464, 0, 0, 1),
(748, 3, '“生产入库单”审核通过，等待货/款确认', 'Keler提交了的“生产入库单”审核通过。单号：<a href="/huihaote1/index.php/Morder/view/id/7">《scrk-201403170001》</a>', 0, 1395025464, 0, 0, 1),
(749, 4, '“生产入库单”审核通过，等待货/款确认', 'Keler提交了的“生产入库单”审核通过。单号：<a href="/huihaote1/index.php/Morder/view/id/7">《scrk-201403170001》</a>', 0, 1395025464, 0, 0, 1),
(750, 7, '“生产入库单”审核通过，等待货/款确认', 'Keler提交了的“生产入库单”审核通过。单号：<a href="/huihaote1/index.php/Morder/view/id/7">《scrk-201403170001》</a>', 0, 1395025464, 0, 0, 1),
(751, 8, '“生产入库单”审核通过，等待货/款确认', 'Keler提交了的“生产入库单”审核通过。单号：<a href="/huihaote1/index.php/Morder/view/id/7">《scrk-201403170001》</a>', 0, 1395025464, 0, 0, 1),
(752, 9, '“生产入库单”审核通过，等待货/款确认', 'Keler提交了的“生产入库单”审核通过。单号：<a href="/huihaote1/index.php/Morder/view/id/7">《scrk-201403170001》</a>', 0, 1395025464, 0, 0, 1),
(753, 9, '“生产入库单”审核通过，等待货/款确认', 'Keler提交了的“生产入库单”审核通过。单号：<a href="/huihaote1/index.php/Morder/view/id/7">《scrk-201403170001》</a>', 0, 1395025464, 0, 0, 1),
(754, 9, '“生产入库单”审核通过，等待货/款确认', 'Keler提交了的“生产入库单”审核通过。单号：<a href="/huihaote1/index.php/Morder/view/id/7">《scrk-201403170001》</a>', 0, 1395025464, 0, 0, 1),
(755, 9, '“生产入库单”审核通过，等待货/款确认', 'Keler提交了的“生产入库单”审核通过。单号：<a href="/huihaote1/index.php/Morder/view/id/7">《scrk-201403170001》</a>', 0, 1395025464, 0, 0, 1),
(756, 10, '“生产入库单”审核通过，等待货/款确认', 'Keler提交了的“生产入库单”审核通过。单号：<a href="/huihaote1/index.php/Morder/view/id/7">《scrk-201403170001》</a>', 0, 1395025464, 0, 0, 1),
(757, 11, '“生产入库单”审核通过，等待货/款确认', 'Keler提交了的“生产入库单”审核通过。单号：<a href="/huihaote1/index.php/Morder/view/id/7">《scrk-201403170001》</a>', 0, 1395025464, 0, 0, 1),
(758, 12, '“生产入库单”审核通过，等待货/款确认', 'Keler提交了的“生产入库单”审核通过。单号：<a href="/huihaote1/index.php/Morder/view/id/7">《scrk-201403170001》</a>', 0, 1395025464, 0, 0, 1),
(759, 13, '“生产入库单”审核通过，等待货/款确认', 'Keler提交了的“生产入库单”审核通过。单号：<a href="/huihaote1/index.php/Morder/view/id/7">《scrk-201403170001》</a>', 0, 1395025464, 0, 0, 1),
(760, 14, '“生产入库单”审核通过，等待货/款确认', 'Keler提交了的“生产入库单”审核通过。单号：<a href="/huihaote1/index.php/Morder/view/id/7">《scrk-201403170001》</a>', 0, 1395025464, 0, 0, 1),
(761, 15, '“生产入库单”审核通过，等待货/款确认', 'Keler提交了的“生产入库单”审核通过。单号：<a href="/huihaote1/index.php/Morder/view/id/7">《scrk-201403170001》</a>', 0, 1395025464, 0, 0, 1),
(762, 14, '“生产入库单”审核通过，等待货/款确认', 'Keler提交了的“生产入库单”审核通过。单号：<a href="/huihaote1/index.php/Morder/view/id/7">《scrk-201403170001》</a>', 0, 1395025464, 0, 0, 1),
(763, 15, '“生产入库单”审核通过，等待货/款确认', 'Keler提交了的“生产入库单”审核通过。单号：<a href="/huihaote1/index.php/Morder/view/id/7">《scrk-201403170001》</a>', 0, 1395025464, 0, 0, 1),
(764, 16, '“生产入库单”审核通过，等待货/款确认', 'Keler提交了的“生产入库单”审核通过。单号：<a href="/huihaote1/index.php/Morder/view/id/7">《scrk-201403170001》</a>', 0, 1395025464, 0, 0, 1),
(765, 1, '“生产入库单”审核通过，等待货/款确认', 'Keler提交了的“生产入库单”审核通过。单号：<a href="/huihaote1/index.php/Morder/view/id/7">《scrk-201403170001》</a>', 0, 1395025464, 0, 0, 1),
(766, 6, '“生产入库单”审核通过，等待货/款确认', 'Keler提交了的“生产入库单”审核通过。单号：<a href="/huihaote1/index.php/Morder/view/id/7">《scrk-201403170001》</a>', 0, 1395025464, 0, 0, 1),
(767, 35, '“生产入库单”审核通过，等待货/款确认', 'Keler提交了的“生产入库单”审核通过。单号：<a href="/huihaote1/index.php/Morder/view/id/7">《scrk-201403170001》</a>', 0, 1395025464, 0, 0, 1),
(768, 1, '“生产入库单”审核通过，等待货/款确认', 'Keler提交了的“生产入库单”审核通过。单号：<a href="/huihaote1/index.php/Morder/view/id/7">《scrk-201403170001》</a>', 0, 1395025464, 0, 0, 1),
(769, 6, '“生产入库单”审核通过，等待货/款确认', 'Keler提交了的“生产入库单”审核通过。单号：<a href="/huihaote1/index.php/Morder/view/id/7">《scrk-201403170001》</a>', 0, 1395025464, 0, 0, 1),
(770, 35, '“生产入库单”审核通过，等待货/款确认', 'Keler提交了的“生产入库单”审核通过。单号：<a href="/huihaote1/index.php/Morder/view/id/7">《scrk-201403170001》</a>', 0, 1395025464, 0, 0, 1),
(771, 1, '“生产入库单”审核通过，等待货/款确认', 'Keler提交了的“生产入库单”审核通过。单号：<a href="/huihaote1/index.php/Morder/view/id/7">《scrk-201403170001》</a>', 0, 1395025464, 0, 0, 1),
(772, 6, '“生产入库单”审核通过，等待货/款确认', 'Keler提交了的“生产入库单”审核通过。单号：<a href="/huihaote1/index.php/Morder/view/id/7">《scrk-201403170001》</a>', 0, 1395025464, 0, 0, 1),
(773, 35, '“生产入库单”审核通过，等待货/款确认', 'Keler提交了的“生产入库单”审核通过。单号：<a href="/huihaote1/index.php/Morder/view/id/7">《scrk-201403170001》</a>', 0, 1395025464, 0, 0, 1),
(774, 25, '“生产入库单”审核通过，等待货/款确认', 'Keler提交了的“生产入库单”审核通过。单号：<a href="/huihaote1/index.php/Morder/view/id/7">《scrk-201403170001》</a>', 0, 1395025464, 0, 0, 1),
(775, 31, '“生产入库单”审核通过，等待货/款确认', 'Keler提交了的“生产入库单”审核通过。单号：<a href="/huihaote1/index.php/Morder/view/id/7">《scrk-201403170001》</a>', 0, 1395025464, 0, 0, 1),
(776, 25, '“生产入库单”审核通过，等待货/款确认', 'Keler提交了的“生产入库单”审核通过。单号：<a href="/huihaote1/index.php/Morder/view/id/7">《scrk-201403170001》</a>', 0, 1395025464, 0, 0, 1),
(777, 31, '“生产入库单”审核通过，等待货/款确认', 'Keler提交了的“生产入库单”审核通过。单号：<a href="/huihaote1/index.php/Morder/view/id/7">《scrk-201403170001》</a>', 0, 1395025464, 0, 0, 1),
(778, 20, '“生产入库单”审核通过，等待货/款确认', 'Keler提交了的“生产入库单”审核通过。单号：<a href="/huihaote1/index.php/Morder/view/id/7">《scrk-201403170001》</a>', 0, 1395025464, 0, 0, 1),
(779, 15, '“生产入库单”审核通过，等待货/款确认', 'Keler提交了的“生产入库单”审核通过。单号：<a href="/huihaote1/index.php/Morder/view/id/7">《scrk-201403170001》</a>', 0, 1395025464, 0, 0, 1),
(780, 17, '“生产入库单”审核通过，等待货/款确认', 'Keler提交了的“生产入库单”审核通过。单号：<a href="/huihaote1/index.php/Morder/view/id/7">《scrk-201403170001》</a>', 0, 1395025464, 0, 0, 1),
(781, 18, '“生产入库单”审核通过，等待货/款确认', 'Keler提交了的“生产入库单”审核通过。单号：<a href="/huihaote1/index.php/Morder/view/id/7">《scrk-201403170001》</a>', 0, 1395025464, 0, 0, 1),
(782, 30, '“生产入库单”审核通过，等待货/款确认', 'Keler提交了的“生产入库单”审核通过。单号：<a href="/huihaote1/index.php/Morder/view/id/7">《scrk-201403170001》</a>', 0, 1395025464, 0, 0, 1),
(783, 15, '“生产入库单”审核通过，等待货/款确认', 'Keler提交了的“生产入库单”审核通过。单号：<a href="/huihaote1/index.php/Morder/view/id/7">《scrk-201403170001》</a>', 0, 1395025464, 0, 0, 1),
(784, 17, '“生产入库单”审核通过，等待货/款确认', 'Keler提交了的“生产入库单”审核通过。单号：<a href="/huihaote1/index.php/Morder/view/id/7">《scrk-201403170001》</a>', 0, 1395025464, 0, 0, 1),
(785, 18, '“生产入库单”审核通过，等待货/款确认', 'Keler提交了的“生产入库单”审核通过。单号：<a href="/huihaote1/index.php/Morder/view/id/7">《scrk-201403170001》</a>', 0, 1395025464, 0, 0, 1),
(786, 30, '“生产入库单”审核通过，等待货/款确认', 'Keler提交了的“生产入库单”审核通过。单号：<a href="/huihaote1/index.php/Morder/view/id/7">《scrk-201403170001》</a>', 0, 1395025464, 0, 0, 1),
(787, 15, '“生产入库单”审核通过，等待货/款确认', 'Keler提交了的“生产入库单”审核通过。单号：<a href="/huihaote1/index.php/Morder/view/id/7">《scrk-201403170001》</a>', 0, 1395025464, 0, 0, 1),
(788, 17, '“生产入库单”审核通过，等待货/款确认', 'Keler提交了的“生产入库单”审核通过。单号：<a href="/huihaote1/index.php/Morder/view/id/7">《scrk-201403170001》</a>', 0, 1395025464, 0, 0, 1),
(789, 18, '“生产入库单”审核通过，等待货/款确认', 'Keler提交了的“生产入库单”审核通过。单号：<a href="/huihaote1/index.php/Morder/view/id/7">《scrk-201403170001》</a>', 0, 1395025464, 0, 0, 1),
(790, 30, '“生产入库单”审核通过，等待货/款确认', 'Keler提交了的“生产入库单”审核通过。单号：<a href="/huihaote1/index.php/Morder/view/id/7">《scrk-201403170001》</a>', 0, 1395025464, 0, 0, 1),
(791, 15, '“生产入库单”审核通过，等待货/款确认', 'Keler提交了的“生产入库单”审核通过。单号：<a href="/huihaote1/index.php/Morder/view/id/7">《scrk-201403170001》</a>', 0, 1395025464, 0, 0, 1),
(792, 17, '“生产入库单”审核通过，等待货/款确认', 'Keler提交了的“生产入库单”审核通过。单号：<a href="/huihaote1/index.php/Morder/view/id/7">《scrk-201403170001》</a>', 0, 1395025464, 0, 0, 1),
(793, 18, '“生产入库单”审核通过，等待货/款确认', 'Keler提交了的“生产入库单”审核通过。单号：<a href="/huihaote1/index.php/Morder/view/id/7">《scrk-201403170001》</a>', 0, 1395025464, 0, 0, 1),
(794, 30, '“生产入库单”审核通过，等待货/款确认', 'Keler提交了的“生产入库单”审核通过。单号：<a href="/huihaote1/index.php/Morder/view/id/7">《scrk-201403170001》</a>', 0, 1395025464, 0, 0, 1),
(795, 19, '“生产入库单”审核通过，等待货/款确认', 'Keler提交了的“生产入库单”审核通过。单号：<a href="/huihaote1/index.php/Morder/view/id/7">《scrk-201403170001》</a>', 0, 1395025464, 0, 0, 1),
(796, 23, '“生产入库单”审核通过，等待货/款确认', 'Keler提交了的“生产入库单”审核通过。单号：<a href="/huihaote1/index.php/Morder/view/id/7">《scrk-201403170001》</a>', 0, 1395025464, 0, 0, 1),
(797, 100000, '“生产入库单”审核通过，等待货/款确认', 'Keler提交了的“生产入库单”审核通过。单号：<a href="/huihaote1/index.php/Morder/view/id/7">《scrk-201403170001》</a>', 0, 1395025464, 0, 0, 1),
(798, 23, '“生产入库单”审核通过，等待货/款确认', 'Keler提交了的“生产入库单”审核通过。单号：<a href="/huihaote1/index.php/Morder/view/id/7">《scrk-201403170001》</a>', 0, 1395025464, 0, 0, 1),
(799, 100000, '“生产入库单”审核通过，等待货/款确认', 'Keler提交了的“生产入库单”审核通过。单号：<a href="/huihaote1/index.php/Morder/view/id/7">《scrk-201403170001》</a>', 0, 1395025464, 0, 0, 1),
(800, 35, '“维修管理”审批结果', '您提交了的“维修管理”，审核通过。单号：<a href="/huihaote1/index.php/Service/view/id/2">《wxgl-201403170002》</a>', 0, 1395025485, 0, 0, 1),
(801, 3, '“维修管理”审核通过，等待货/款确认', 'Keler提交了的“维修管理”审核通过。<a href="/huihaote1/index.php/Service/view/id/2">《wxgl-201403170002》</a>', 0, 1395025485, 0, 0, 1),
(802, 2, '“维修管理”审核通过，等待货/款确认', 'Keler提交了的“维修管理”审核通过。<a href="/huihaote1/index.php/Service/view/id/2">《wxgl-201403170002》</a>', 0, 1395025485, 0, 0, 1),
(803, 3, '“维修管理”审核通过，等待货/款确认', 'Keler提交了的“维修管理”审核通过。<a href="/huihaote1/index.php/Service/view/id/2">《wxgl-201403170002》</a>', 0, 1395025485, 0, 0, 1),
(804, 4, '“维修管理”审核通过，等待货/款确认', 'Keler提交了的“维修管理”审核通过。<a href="/huihaote1/index.php/Service/view/id/2">《wxgl-201403170002》</a>', 0, 1395025485, 0, 0, 1),
(805, 7, '“维修管理”审核通过，等待货/款确认', 'Keler提交了的“维修管理”审核通过。<a href="/huihaote1/index.php/Service/view/id/2">《wxgl-201403170002》</a>', 0, 1395025485, 0, 0, 1),
(806, 8, '“维修管理”审核通过，等待货/款确认', 'Keler提交了的“维修管理”审核通过。<a href="/huihaote1/index.php/Service/view/id/2">《wxgl-201403170002》</a>', 0, 1395025485, 0, 0, 1),
(807, 9, '“维修管理”审核通过，等待货/款确认', 'Keler提交了的“维修管理”审核通过。<a href="/huihaote1/index.php/Service/view/id/2">《wxgl-201403170002》</a>', 0, 1395025485, 0, 0, 1),
(808, 9, '“维修管理”审核通过，等待货/款确认', 'Keler提交了的“维修管理”审核通过。<a href="/huihaote1/index.php/Service/view/id/2">《wxgl-201403170002》</a>', 0, 1395025485, 0, 0, 1),
(809, 10, '“维修管理”审核通过，等待货/款确认', 'Keler提交了的“维修管理”审核通过。<a href="/huihaote1/index.php/Service/view/id/2">《wxgl-201403170002》</a>', 0, 1395025485, 0, 0, 1),
(810, 11, '“维修管理”审核通过，等待货/款确认', 'Keler提交了的“维修管理”审核通过。<a href="/huihaote1/index.php/Service/view/id/2">《wxgl-201403170002》</a>', 0, 1395025485, 0, 0, 1),
(811, 12, '“维修管理”审核通过，等待货/款确认', 'Keler提交了的“维修管理”审核通过。<a href="/huihaote1/index.php/Service/view/id/2">《wxgl-201403170002》</a>', 0, 1395025485, 0, 0, 1),
(812, 13, '“维修管理”审核通过，等待货/款确认', 'Keler提交了的“维修管理”审核通过。<a href="/huihaote1/index.php/Service/view/id/2">《wxgl-201403170002》</a>', 0, 1395025485, 0, 0, 1),
(813, 14, '“维修管理”审核通过，等待货/款确认', 'Keler提交了的“维修管理”审核通过。<a href="/huihaote1/index.php/Service/view/id/2">《wxgl-201403170002》</a>', 0, 1395025485, 0, 0, 1),
(814, 15, '“维修管理”审核通过，等待货/款确认', 'Keler提交了的“维修管理”审核通过。<a href="/huihaote1/index.php/Service/view/id/2">《wxgl-201403170002》</a>', 0, 1395025485, 0, 0, 1),
(815, 16, '“维修管理”审核通过，等待货/款确认', 'Keler提交了的“维修管理”审核通过。<a href="/huihaote1/index.php/Service/view/id/2">《wxgl-201403170002》</a>', 0, 1395025485, 0, 0, 1),
(816, 1, '“维修管理”审核通过，等待货/款确认', 'Keler提交了的“维修管理”审核通过。<a href="/huihaote1/index.php/Service/view/id/2">《wxgl-201403170002》</a>', 0, 1395025485, 0, 0, 1),
(817, 6, '“维修管理”审核通过，等待货/款确认', 'Keler提交了的“维修管理”审核通过。<a href="/huihaote1/index.php/Service/view/id/2">《wxgl-201403170002》</a>', 0, 1395025485, 0, 0, 1),
(818, 35, '“维修管理”审核通过，等待货/款确认', 'Keler提交了的“维修管理”审核通过。<a href="/huihaote1/index.php/Service/view/id/2">《wxgl-201403170002》</a>', 0, 1395025485, 0, 0, 1),
(819, 25, '“维修管理”审核通过，等待货/款确认', 'Keler提交了的“维修管理”审核通过。<a href="/huihaote1/index.php/Service/view/id/2">《wxgl-201403170002》</a>', 0, 1395025485, 0, 0, 1),
(820, 31, '“维修管理”审核通过，等待货/款确认', 'Keler提交了的“维修管理”审核通过。<a href="/huihaote1/index.php/Service/view/id/2">《wxgl-201403170002》</a>', 0, 1395025485, 0, 0, 1),
(821, 20, '“维修管理”审核通过，等待货/款确认', 'Keler提交了的“维修管理”审核通过。<a href="/huihaote1/index.php/Service/view/id/2">《wxgl-201403170002》</a>', 0, 1395025485, 0, 0, 1),
(822, 15, '“维修管理”审核通过，等待货/款确认', 'Keler提交了的“维修管理”审核通过。<a href="/huihaote1/index.php/Service/view/id/2">《wxgl-201403170002》</a>', 0, 1395025485, 0, 0, 1),
(823, 17, '“维修管理”审核通过，等待货/款确认', 'Keler提交了的“维修管理”审核通过。<a href="/huihaote1/index.php/Service/view/id/2">《wxgl-201403170002》</a>', 0, 1395025485, 0, 0, 1),
(824, 18, '“维修管理”审核通过，等待货/款确认', 'Keler提交了的“维修管理”审核通过。<a href="/huihaote1/index.php/Service/view/id/2">《wxgl-201403170002》</a>', 0, 1395025485, 0, 0, 1),
(825, 30, '“维修管理”审核通过，等待货/款确认', 'Keler提交了的“维修管理”审核通过。<a href="/huihaote1/index.php/Service/view/id/2">《wxgl-201403170002》</a>', 0, 1395025485, 0, 0, 1),
(826, 19, '“维修管理”审核通过，等待货/款确认', 'Keler提交了的“维修管理”审核通过。<a href="/huihaote1/index.php/Service/view/id/2">《wxgl-201403170002》</a>', 0, 1395025485, 0, 0, 1),
(827, 23, '“维修管理”审核通过，等待货/款确认', 'Keler提交了的“维修管理”审核通过。<a href="/huihaote1/index.php/Service/view/id/2">《wxgl-201403170002》</a>', 0, 1395025485, 0, 0, 1),
(828, 100000, '“维修管理”审核通过，等待货/款确认', 'Keler提交了的“维修管理”审核通过。<a href="/huihaote1/index.php/Service/view/id/2">《wxgl-201403170002》</a>', 0, 1395025485, 0, 0, 1),
(829, 1, '新的“维修管理”需要审批', 'Keler提交了新的“维修管理”需要您审批，单号：<a href="/huihaote1/index.php/Service/view/id/3">《wxgl-201403170003》</a>', 0, 1395025529, 0, 0, 1),
(830, 6, '新的“维修管理”需要审批', 'Keler提交了新的“维修管理”需要您审批，单号：<a href="/huihaote1/index.php/Service/view/id/3">《wxgl-201403170003》</a>', 0, 1395025529, 0, 0, 1),
(831, 35, '新的“维修管理”需要审批', 'Keler提交了新的“维修管理”需要您审批，单号：<a href="/huihaote1/index.php/Service/view/id/3">《wxgl-201403170003》</a>', 0, 1395025529, 0, 0, 1),
(832, 15, '新的“维修管理”需要审批', 'Keler提交了新的“维修管理”需要您审批，单号：<a href="/huihaote1/index.php/Service/view/id/3">《wxgl-201403170003》</a>', 0, 1395025529, 0, 0, 1),
(833, 17, '新的“维修管理”需要审批', 'Keler提交了新的“维修管理”需要您审批，单号：<a href="/huihaote1/index.php/Service/view/id/3">《wxgl-201403170003》</a>', 0, 1395025529, 0, 0, 1),
(834, 18, '新的“维修管理”需要审批', 'Keler提交了新的“维修管理”需要您审批，单号：<a href="/huihaote1/index.php/Service/view/id/3">《wxgl-201403170003》</a>', 0, 1395025529, 0, 0, 1),
(835, 30, '新的“维修管理”需要审批', 'Keler提交了新的“维修管理”需要您审批，单号：<a href="/huihaote1/index.php/Service/view/id/3">《wxgl-201403170003》</a>', 0, 1395025529, 0, 0, 1),
(836, 23, '新的“维修管理”需要审批', 'Keler提交了新的“维修管理”需要您审批，单号：<a href="/huihaote1/index.php/Service/view/id/3">《wxgl-201403170003》</a>', 0, 1395025529, 0, 0, 1),
(837, 100000, '新的“维修管理”需要审批', 'Keler提交了新的“维修管理”需要您审批，单号：<a href="/huihaote1/index.php/Service/view/id/3">《wxgl-201403170003》</a>', 0, 1395025529, 0, 0, 1),
(838, 22, '新的“维修管理”需要审批', 'Keler提交了新的“维修管理”需要您审批，单号：<a href="/huihaote1/index.php/Service/view/id/3">《wxgl-201403170003》</a>', 0, 1395025529, 0, 0, 1),
(839, 28, '新的“维修管理”需要审批', 'Keler提交了新的“维修管理”需要您审批，单号：<a href="/huihaote1/index.php/Service/view/id/3">《wxgl-201403170003》</a>', 0, 1395025529, 0, 0, 1),
(840, 35, '“维修管理”审批结果', '您提交了的“维修管理”，审核通过。单号：<a href="/huihaote1/index.php/Service/view/id/3">《wxgl-201403170003》</a>', 0, 1395025545, 0, 0, 1),
(841, 3, '“维修管理”审核通过，等待货/款确认', 'Keler提交了的“维修管理”审核通过。<a href="/huihaote1/index.php/Service/view/id/3">《wxgl-201403170003》</a>', 0, 1395025545, 0, 0, 1),
(842, 2, '“维修管理”审核通过，等待货/款确认', 'Keler提交了的“维修管理”审核通过。<a href="/huihaote1/index.php/Service/view/id/3">《wxgl-201403170003》</a>', 0, 1395025545, 0, 0, 1),
(843, 3, '“维修管理”审核通过，等待货/款确认', 'Keler提交了的“维修管理”审核通过。<a href="/huihaote1/index.php/Service/view/id/3">《wxgl-201403170003》</a>', 0, 1395025545, 0, 0, 1),
(844, 4, '“维修管理”审核通过，等待货/款确认', 'Keler提交了的“维修管理”审核通过。<a href="/huihaote1/index.php/Service/view/id/3">《wxgl-201403170003》</a>', 0, 1395025545, 0, 0, 1),
(845, 7, '“维修管理”审核通过，等待货/款确认', 'Keler提交了的“维修管理”审核通过。<a href="/huihaote1/index.php/Service/view/id/3">《wxgl-201403170003》</a>', 0, 1395025545, 0, 0, 1),
(846, 8, '“维修管理”审核通过，等待货/款确认', 'Keler提交了的“维修管理”审核通过。<a href="/huihaote1/index.php/Service/view/id/3">《wxgl-201403170003》</a>', 0, 1395025545, 0, 0, 1),
(847, 9, '“维修管理”审核通过，等待货/款确认', 'Keler提交了的“维修管理”审核通过。<a href="/huihaote1/index.php/Service/view/id/3">《wxgl-201403170003》</a>', 0, 1395025545, 0, 0, 1),
(848, 9, '“维修管理”审核通过，等待货/款确认', 'Keler提交了的“维修管理”审核通过。<a href="/huihaote1/index.php/Service/view/id/3">《wxgl-201403170003》</a>', 0, 1395025545, 0, 0, 1),
(849, 10, '“维修管理”审核通过，等待货/款确认', 'Keler提交了的“维修管理”审核通过。<a href="/huihaote1/index.php/Service/view/id/3">《wxgl-201403170003》</a>', 0, 1395025545, 0, 0, 1),
(850, 11, '“维修管理”审核通过，等待货/款确认', 'Keler提交了的“维修管理”审核通过。<a href="/huihaote1/index.php/Service/view/id/3">《wxgl-201403170003》</a>', 0, 1395025545, 0, 0, 1),
(851, 12, '“维修管理”审核通过，等待货/款确认', 'Keler提交了的“维修管理”审核通过。<a href="/huihaote1/index.php/Service/view/id/3">《wxgl-201403170003》</a>', 0, 1395025545, 0, 0, 1),
(852, 13, '“维修管理”审核通过，等待货/款确认', 'Keler提交了的“维修管理”审核通过。<a href="/huihaote1/index.php/Service/view/id/3">《wxgl-201403170003》</a>', 0, 1395025545, 0, 0, 1),
(853, 14, '“维修管理”审核通过，等待货/款确认', 'Keler提交了的“维修管理”审核通过。<a href="/huihaote1/index.php/Service/view/id/3">《wxgl-201403170003》</a>', 0, 1395025545, 0, 0, 1),
(854, 15, '“维修管理”审核通过，等待货/款确认', 'Keler提交了的“维修管理”审核通过。<a href="/huihaote1/index.php/Service/view/id/3">《wxgl-201403170003》</a>', 0, 1395025545, 0, 0, 1),
(855, 16, '“维修管理”审核通过，等待货/款确认', 'Keler提交了的“维修管理”审核通过。<a href="/huihaote1/index.php/Service/view/id/3">《wxgl-201403170003》</a>', 0, 1395025545, 0, 0, 1),
(856, 1, '“维修管理”审核通过，等待货/款确认', 'Keler提交了的“维修管理”审核通过。<a href="/huihaote1/index.php/Service/view/id/3">《wxgl-201403170003》</a>', 0, 1395025545, 0, 0, 1),
(857, 6, '“维修管理”审核通过，等待货/款确认', 'Keler提交了的“维修管理”审核通过。<a href="/huihaote1/index.php/Service/view/id/3">《wxgl-201403170003》</a>', 0, 1395025545, 0, 0, 1),
(858, 35, '“维修管理”审核通过，等待货/款确认', 'Keler提交了的“维修管理”审核通过。<a href="/huihaote1/index.php/Service/view/id/3">《wxgl-201403170003》</a>', 0, 1395025545, 0, 0, 1),
(859, 25, '“维修管理”审核通过，等待货/款确认', 'Keler提交了的“维修管理”审核通过。<a href="/huihaote1/index.php/Service/view/id/3">《wxgl-201403170003》</a>', 0, 1395025545, 0, 0, 1),
(860, 31, '“维修管理”审核通过，等待货/款确认', 'Keler提交了的“维修管理”审核通过。<a href="/huihaote1/index.php/Service/view/id/3">《wxgl-201403170003》</a>', 0, 1395025545, 0, 0, 1),
(861, 20, '“维修管理”审核通过，等待货/款确认', 'Keler提交了的“维修管理”审核通过。<a href="/huihaote1/index.php/Service/view/id/3">《wxgl-201403170003》</a>', 0, 1395025545, 0, 0, 1),
(862, 15, '“维修管理”审核通过，等待货/款确认', 'Keler提交了的“维修管理”审核通过。<a href="/huihaote1/index.php/Service/view/id/3">《wxgl-201403170003》</a>', 0, 1395025545, 0, 0, 1),
(863, 17, '“维修管理”审核通过，等待货/款确认', 'Keler提交了的“维修管理”审核通过。<a href="/huihaote1/index.php/Service/view/id/3">《wxgl-201403170003》</a>', 0, 1395025545, 0, 0, 1),
(864, 18, '“维修管理”审核通过，等待货/款确认', 'Keler提交了的“维修管理”审核通过。<a href="/huihaote1/index.php/Service/view/id/3">《wxgl-201403170003》</a>', 0, 1395025545, 0, 0, 1),
(865, 30, '“维修管理”审核通过，等待货/款确认', 'Keler提交了的“维修管理”审核通过。<a href="/huihaote1/index.php/Service/view/id/3">《wxgl-201403170003》</a>', 0, 1395025545, 0, 0, 1),
(866, 19, '“维修管理”审核通过，等待货/款确认', 'Keler提交了的“维修管理”审核通过。<a href="/huihaote1/index.php/Service/view/id/3">《wxgl-201403170003》</a>', 0, 1395025545, 0, 0, 1),
(867, 23, '“维修管理”审核通过，等待货/款确认', 'Keler提交了的“维修管理”审核通过。<a href="/huihaote1/index.php/Service/view/id/3">《wxgl-201403170003》</a>', 0, 1395025545, 0, 0, 1),
(868, 100000, '“维修管理”审核通过，等待货/款确认', 'Keler提交了的“维修管理”审核通过。<a href="/huihaote1/index.php/Service/view/id/3">《wxgl-201403170003》</a>', 0, 1395025545, 0, 0, 1),
(869, 1, '新的“维修管理”需要审批', 'Keler提交了新的“维修管理”需要您审批，单号：<a href="/huihaote1/index.php/Service/view/id/4">《wxgl-201403170004》</a>', 0, 1395025570, 0, 0, 1),
(870, 6, '新的“维修管理”需要审批', 'Keler提交了新的“维修管理”需要您审批，单号：<a href="/huihaote1/index.php/Service/view/id/4">《wxgl-201403170004》</a>', 0, 1395025570, 0, 0, 1),
(871, 35, '新的“维修管理”需要审批', 'Keler提交了新的“维修管理”需要您审批，单号：<a href="/huihaote1/index.php/Service/view/id/4">《wxgl-201403170004》</a>', 0, 1395025570, 0, 0, 1),
(872, 15, '新的“维修管理”需要审批', 'Keler提交了新的“维修管理”需要您审批，单号：<a href="/huihaote1/index.php/Service/view/id/4">《wxgl-201403170004》</a>', 0, 1395025570, 0, 0, 1),
(873, 17, '新的“维修管理”需要审批', 'Keler提交了新的“维修管理”需要您审批，单号：<a href="/huihaote1/index.php/Service/view/id/4">《wxgl-201403170004》</a>', 0, 1395025570, 0, 0, 1),
(874, 18, '新的“维修管理”需要审批', 'Keler提交了新的“维修管理”需要您审批，单号：<a href="/huihaote1/index.php/Service/view/id/4">《wxgl-201403170004》</a>', 0, 1395025570, 0, 0, 1),
(875, 30, '新的“维修管理”需要审批', 'Keler提交了新的“维修管理”需要您审批，单号：<a href="/huihaote1/index.php/Service/view/id/4">《wxgl-201403170004》</a>', 0, 1395025570, 0, 0, 1),
(876, 23, '新的“维修管理”需要审批', 'Keler提交了新的“维修管理”需要您审批，单号：<a href="/huihaote1/index.php/Service/view/id/4">《wxgl-201403170004》</a>', 0, 1395025570, 0, 0, 1),
(877, 100000, '新的“维修管理”需要审批', 'Keler提交了新的“维修管理”需要您审批，单号：<a href="/huihaote1/index.php/Service/view/id/4">《wxgl-201403170004》</a>', 0, 1395025570, 0, 0, 1),
(878, 22, '新的“维修管理”需要审批', 'Keler提交了新的“维修管理”需要您审批，单号：<a href="/huihaote1/index.php/Service/view/id/4">《wxgl-201403170004》</a>', 0, 1395025570, 0, 0, 1),
(879, 28, '新的“维修管理”需要审批', 'Keler提交了新的“维修管理”需要您审批，单号：<a href="/huihaote1/index.php/Service/view/id/4">《wxgl-201403170004》</a>', 0, 1395025570, 0, 0, 1),
(880, 35, '“维修管理”审批结果', '您提交了的“维修管理”，审核通过。单号：<a href="/huihaote1/index.php/Service/view/id/4">《wxgl-201403170004》</a>', 0, 1395025587, 0, 0, 1),
(881, 3, '“维修管理”审核通过，等待货/款确认', 'Keler提交了的“维修管理”审核通过。<a href="/huihaote1/index.php/Service/view/id/4">《wxgl-201403170004》</a>', 0, 1395025587, 0, 0, 1),
(882, 2, '“维修管理”审核通过，等待货/款确认', 'Keler提交了的“维修管理”审核通过。<a href="/huihaote1/index.php/Service/view/id/4">《wxgl-201403170004》</a>', 0, 1395025587, 0, 0, 1),
(883, 3, '“维修管理”审核通过，等待货/款确认', 'Keler提交了的“维修管理”审核通过。<a href="/huihaote1/index.php/Service/view/id/4">《wxgl-201403170004》</a>', 0, 1395025587, 0, 0, 1),
(884, 4, '“维修管理”审核通过，等待货/款确认', 'Keler提交了的“维修管理”审核通过。<a href="/huihaote1/index.php/Service/view/id/4">《wxgl-201403170004》</a>', 0, 1395025587, 0, 0, 1),
(885, 7, '“维修管理”审核通过，等待货/款确认', 'Keler提交了的“维修管理”审核通过。<a href="/huihaote1/index.php/Service/view/id/4">《wxgl-201403170004》</a>', 0, 1395025587, 0, 0, 1),
(886, 8, '“维修管理”审核通过，等待货/款确认', 'Keler提交了的“维修管理”审核通过。<a href="/huihaote1/index.php/Service/view/id/4">《wxgl-201403170004》</a>', 0, 1395025587, 0, 0, 1);
INSERT INTO `ix_user_mail` (`id`, `uid`, `title`, `content`, `writer`, `time`, `read`, `reply`, `system`) VALUES
(887, 9, '“维修管理”审核通过，等待货/款确认', 'Keler提交了的“维修管理”审核通过。<a href="/huihaote1/index.php/Service/view/id/4">《wxgl-201403170004》</a>', 0, 1395025587, 0, 0, 1),
(888, 9, '“维修管理”审核通过，等待货/款确认', 'Keler提交了的“维修管理”审核通过。<a href="/huihaote1/index.php/Service/view/id/4">《wxgl-201403170004》</a>', 0, 1395025587, 0, 0, 1),
(889, 10, '“维修管理”审核通过，等待货/款确认', 'Keler提交了的“维修管理”审核通过。<a href="/huihaote1/index.php/Service/view/id/4">《wxgl-201403170004》</a>', 0, 1395025587, 0, 0, 1),
(890, 11, '“维修管理”审核通过，等待货/款确认', 'Keler提交了的“维修管理”审核通过。<a href="/huihaote1/index.php/Service/view/id/4">《wxgl-201403170004》</a>', 0, 1395025587, 0, 0, 1),
(891, 12, '“维修管理”审核通过，等待货/款确认', 'Keler提交了的“维修管理”审核通过。<a href="/huihaote1/index.php/Service/view/id/4">《wxgl-201403170004》</a>', 0, 1395025587, 0, 0, 1),
(892, 13, '“维修管理”审核通过，等待货/款确认', 'Keler提交了的“维修管理”审核通过。<a href="/huihaote1/index.php/Service/view/id/4">《wxgl-201403170004》</a>', 0, 1395025587, 0, 0, 1),
(893, 14, '“维修管理”审核通过，等待货/款确认', 'Keler提交了的“维修管理”审核通过。<a href="/huihaote1/index.php/Service/view/id/4">《wxgl-201403170004》</a>', 0, 1395025587, 0, 0, 1),
(894, 15, '“维修管理”审核通过，等待货/款确认', 'Keler提交了的“维修管理”审核通过。<a href="/huihaote1/index.php/Service/view/id/4">《wxgl-201403170004》</a>', 0, 1395025587, 0, 0, 1),
(895, 16, '“维修管理”审核通过，等待货/款确认', 'Keler提交了的“维修管理”审核通过。<a href="/huihaote1/index.php/Service/view/id/4">《wxgl-201403170004》</a>', 0, 1395025587, 0, 0, 1),
(896, 1, '“维修管理”审核通过，等待货/款确认', 'Keler提交了的“维修管理”审核通过。<a href="/huihaote1/index.php/Service/view/id/4">《wxgl-201403170004》</a>', 0, 1395025587, 0, 0, 1),
(897, 6, '“维修管理”审核通过，等待货/款确认', 'Keler提交了的“维修管理”审核通过。<a href="/huihaote1/index.php/Service/view/id/4">《wxgl-201403170004》</a>', 0, 1395025587, 0, 0, 1),
(898, 35, '“维修管理”审核通过，等待货/款确认', 'Keler提交了的“维修管理”审核通过。<a href="/huihaote1/index.php/Service/view/id/4">《wxgl-201403170004》</a>', 0, 1395025587, 0, 0, 1),
(899, 25, '“维修管理”审核通过，等待货/款确认', 'Keler提交了的“维修管理”审核通过。<a href="/huihaote1/index.php/Service/view/id/4">《wxgl-201403170004》</a>', 0, 1395025587, 0, 0, 1),
(900, 31, '“维修管理”审核通过，等待货/款确认', 'Keler提交了的“维修管理”审核通过。<a href="/huihaote1/index.php/Service/view/id/4">《wxgl-201403170004》</a>', 0, 1395025587, 0, 0, 1),
(901, 20, '“维修管理”审核通过，等待货/款确认', 'Keler提交了的“维修管理”审核通过。<a href="/huihaote1/index.php/Service/view/id/4">《wxgl-201403170004》</a>', 0, 1395025587, 0, 0, 1),
(902, 15, '“维修管理”审核通过，等待货/款确认', 'Keler提交了的“维修管理”审核通过。<a href="/huihaote1/index.php/Service/view/id/4">《wxgl-201403170004》</a>', 0, 1395025587, 0, 0, 1),
(903, 17, '“维修管理”审核通过，等待货/款确认', 'Keler提交了的“维修管理”审核通过。<a href="/huihaote1/index.php/Service/view/id/4">《wxgl-201403170004》</a>', 0, 1395025587, 0, 0, 1),
(904, 18, '“维修管理”审核通过，等待货/款确认', 'Keler提交了的“维修管理”审核通过。<a href="/huihaote1/index.php/Service/view/id/4">《wxgl-201403170004》</a>', 0, 1395025587, 0, 0, 1),
(905, 30, '“维修管理”审核通过，等待货/款确认', 'Keler提交了的“维修管理”审核通过。<a href="/huihaote1/index.php/Service/view/id/4">《wxgl-201403170004》</a>', 0, 1395025587, 0, 0, 1),
(906, 19, '“维修管理”审核通过，等待货/款确认', 'Keler提交了的“维修管理”审核通过。<a href="/huihaote1/index.php/Service/view/id/4">《wxgl-201403170004》</a>', 0, 1395025587, 0, 0, 1),
(907, 23, '“维修管理”审核通过，等待货/款确认', 'Keler提交了的“维修管理”审核通过。<a href="/huihaote1/index.php/Service/view/id/4">《wxgl-201403170004》</a>', 0, 1395025587, 0, 0, 1),
(908, 100000, '“维修管理”审核通过，等待货/款确认', 'Keler提交了的“维修管理”审核通过。<a href="/huihaote1/index.php/Service/view/id/4">《wxgl-201403170004》</a>', 0, 1395025587, 0, 0, 1),
(909, 1, '新的“拆分”需要审批', 'Keler提交了新的“拆分”需要您审批，单号：<a href="/huihaote1/index.php/Split/view/id/1">《cfgl-201403170001》</a>', 0, 1395025649, 0, 0, 1),
(910, 6, '新的“拆分”需要审批', 'Keler提交了新的“拆分”需要您审批，单号：<a href="/huihaote1/index.php/Split/view/id/1">《cfgl-201403170001》</a>', 0, 1395025649, 0, 0, 1),
(911, 35, '新的“拆分”需要审批', 'Keler提交了新的“拆分”需要您审批，单号：<a href="/huihaote1/index.php/Split/view/id/1">《cfgl-201403170001》</a>', 0, 1395025649, 0, 0, 1),
(912, 1, '新的“拆分”需要审批', 'Keler提交了新的“拆分”需要您审批，单号：<a href="/huihaote1/index.php/Split/view/id/1">《cfgl-201403170001》</a>', 0, 1395025649, 0, 0, 1),
(913, 6, '新的“拆分”需要审批', 'Keler提交了新的“拆分”需要您审批，单号：<a href="/huihaote1/index.php/Split/view/id/1">《cfgl-201403170001》</a>', 0, 1395025649, 0, 0, 1),
(914, 35, '新的“拆分”需要审批', 'Keler提交了新的“拆分”需要您审批，单号：<a href="/huihaote1/index.php/Split/view/id/1">《cfgl-201403170001》</a>', 0, 1395025649, 0, 0, 1),
(915, 1, '新的“拆分”需要审批', 'Keler提交了新的“拆分”需要您审批，单号：<a href="/huihaote1/index.php/Split/view/id/1">《cfgl-201403170001》</a>', 0, 1395025649, 0, 0, 1),
(916, 6, '新的“拆分”需要审批', 'Keler提交了新的“拆分”需要您审批，单号：<a href="/huihaote1/index.php/Split/view/id/1">《cfgl-201403170001》</a>', 0, 1395025649, 0, 0, 1),
(917, 35, '新的“拆分”需要审批', 'Keler提交了新的“拆分”需要您审批，单号：<a href="/huihaote1/index.php/Split/view/id/1">《cfgl-201403170001》</a>', 0, 1395025649, 0, 0, 1),
(918, 23, '新的“拆分”需要审批', 'Keler提交了新的“拆分”需要您审批，单号：<a href="/huihaote1/index.php/Split/view/id/1">《cfgl-201403170001》</a>', 0, 1395025649, 0, 0, 1),
(919, 100000, '新的“拆分”需要审批', 'Keler提交了新的“拆分”需要您审批，单号：<a href="/huihaote1/index.php/Split/view/id/1">《cfgl-201403170001》</a>', 0, 1395025649, 0, 0, 1),
(920, 23, '新的“拆分”需要审批', 'Keler提交了新的“拆分”需要您审批，单号：<a href="/huihaote1/index.php/Split/view/id/1">《cfgl-201403170001》</a>', 0, 1395025649, 0, 0, 1),
(921, 100000, '新的“拆分”需要审批', 'Keler提交了新的“拆分”需要您审批，单号：<a href="/huihaote1/index.php/Split/view/id/1">《cfgl-201403170001》</a>', 0, 1395025649, 0, 0, 1),
(922, 19, '新的“拆分”需要审批', 'Keler提交了新的“拆分”需要您审批，单号：<a href="/huihaote1/index.php/Split/view/id/1">《cfgl-201403170001》</a>', 0, 1395025649, 0, 0, 1),
(923, 15, '新的“拆分”需要审批', 'Keler提交了新的“拆分”需要您审批，单号：<a href="/huihaote1/index.php/Split/view/id/1">《cfgl-201403170001》</a>', 0, 1395025649, 0, 0, 1),
(924, 17, '新的“拆分”需要审批', 'Keler提交了新的“拆分”需要您审批，单号：<a href="/huihaote1/index.php/Split/view/id/1">《cfgl-201403170001》</a>', 0, 1395025649, 0, 0, 1),
(925, 18, '新的“拆分”需要审批', 'Keler提交了新的“拆分”需要您审批，单号：<a href="/huihaote1/index.php/Split/view/id/1">《cfgl-201403170001》</a>', 0, 1395025649, 0, 0, 1),
(926, 30, '新的“拆分”需要审批', 'Keler提交了新的“拆分”需要您审批，单号：<a href="/huihaote1/index.php/Split/view/id/1">《cfgl-201403170001》</a>', 0, 1395025649, 0, 0, 1),
(927, 15, '新的“拆分”需要审批', 'Keler提交了新的“拆分”需要您审批，单号：<a href="/huihaote1/index.php/Split/view/id/1">《cfgl-201403170001》</a>', 0, 1395025649, 0, 0, 1),
(928, 17, '新的“拆分”需要审批', 'Keler提交了新的“拆分”需要您审批，单号：<a href="/huihaote1/index.php/Split/view/id/1">《cfgl-201403170001》</a>', 0, 1395025649, 0, 0, 1),
(929, 18, '新的“拆分”需要审批', 'Keler提交了新的“拆分”需要您审批，单号：<a href="/huihaote1/index.php/Split/view/id/1">《cfgl-201403170001》</a>', 0, 1395025649, 0, 0, 1),
(930, 30, '新的“拆分”需要审批', 'Keler提交了新的“拆分”需要您审批，单号：<a href="/huihaote1/index.php/Split/view/id/1">《cfgl-201403170001》</a>', 0, 1395025649, 0, 0, 1),
(931, 15, '新的“拆分”需要审批', 'Keler提交了新的“拆分”需要您审批，单号：<a href="/huihaote1/index.php/Split/view/id/1">《cfgl-201403170001》</a>', 0, 1395025649, 0, 0, 1),
(932, 17, '新的“拆分”需要审批', 'Keler提交了新的“拆分”需要您审批，单号：<a href="/huihaote1/index.php/Split/view/id/1">《cfgl-201403170001》</a>', 0, 1395025649, 0, 0, 1),
(933, 18, '新的“拆分”需要审批', 'Keler提交了新的“拆分”需要您审批，单号：<a href="/huihaote1/index.php/Split/view/id/1">《cfgl-201403170001》</a>', 0, 1395025649, 0, 0, 1),
(934, 30, '新的“拆分”需要审批', 'Keler提交了新的“拆分”需要您审批，单号：<a href="/huihaote1/index.php/Split/view/id/1">《cfgl-201403170001》</a>', 0, 1395025649, 0, 0, 1),
(935, 15, '新的“拆分”需要审批', 'Keler提交了新的“拆分”需要您审批，单号：<a href="/huihaote1/index.php/Split/view/id/1">《cfgl-201403170001》</a>', 0, 1395025649, 0, 0, 1),
(936, 17, '新的“拆分”需要审批', 'Keler提交了新的“拆分”需要您审批，单号：<a href="/huihaote1/index.php/Split/view/id/1">《cfgl-201403170001》</a>', 0, 1395025649, 0, 0, 1),
(937, 18, '新的“拆分”需要审批', 'Keler提交了新的“拆分”需要您审批，单号：<a href="/huihaote1/index.php/Split/view/id/1">《cfgl-201403170001》</a>', 0, 1395025649, 0, 0, 1),
(938, 30, '新的“拆分”需要审批', 'Keler提交了新的“拆分”需要您审批，单号：<a href="/huihaote1/index.php/Split/view/id/1">《cfgl-201403170001》</a>', 0, 1395025649, 0, 0, 1),
(939, 35, '“拆分”审批结果', '您提交了的“拆分”，审核通过。单号：<a href="/huihaote1/index.php/Split/view/id/1">《cfgl-201403170001》</a>', 0, 1395025671, 0, 0, 1),
(940, 3, '“拆分”审核通过', 'Keler提交了的“拆分”审核通过。单号：<a href="/huihaote1/index.php/Split/view/id/1">《cfgl-201403170001》</a>', 0, 1395025671, 0, 0, 1),
(941, 2, '“拆分”审核通过', 'Keler提交了的“拆分”审核通过。单号：<a href="/huihaote1/index.php/Split/view/id/1">《cfgl-201403170001》</a>', 0, 1395025671, 0, 0, 1),
(942, 3, '“拆分”审核通过', 'Keler提交了的“拆分”审核通过。单号：<a href="/huihaote1/index.php/Split/view/id/1">《cfgl-201403170001》</a>', 0, 1395025671, 0, 0, 1),
(943, 2, '“拆分”审核通过', 'Keler提交了的“拆分”审核通过。单号：<a href="/huihaote1/index.php/Split/view/id/1">《cfgl-201403170001》</a>', 0, 1395025671, 0, 0, 1),
(944, 3, '“拆分”审核通过', 'Keler提交了的“拆分”审核通过。单号：<a href="/huihaote1/index.php/Split/view/id/1">《cfgl-201403170001》</a>', 0, 1395025671, 0, 0, 1),
(945, 2, '“拆分”审核通过', 'Keler提交了的“拆分”审核通过。单号：<a href="/huihaote1/index.php/Split/view/id/1">《cfgl-201403170001》</a>', 0, 1395025671, 0, 0, 1),
(946, 3, '“拆分”审核通过', 'Keler提交了的“拆分”审核通过。单号：<a href="/huihaote1/index.php/Split/view/id/1">《cfgl-201403170001》</a>', 0, 1395025671, 0, 0, 1),
(947, 4, '“拆分”审核通过', 'Keler提交了的“拆分”审核通过。单号：<a href="/huihaote1/index.php/Split/view/id/1">《cfgl-201403170001》</a>', 0, 1395025671, 0, 0, 1),
(948, 7, '“拆分”审核通过', 'Keler提交了的“拆分”审核通过。单号：<a href="/huihaote1/index.php/Split/view/id/1">《cfgl-201403170001》</a>', 0, 1395025671, 0, 0, 1),
(949, 8, '“拆分”审核通过', 'Keler提交了的“拆分”审核通过。单号：<a href="/huihaote1/index.php/Split/view/id/1">《cfgl-201403170001》</a>', 0, 1395025671, 0, 0, 1),
(950, 9, '“拆分”审核通过', 'Keler提交了的“拆分”审核通过。单号：<a href="/huihaote1/index.php/Split/view/id/1">《cfgl-201403170001》</a>', 0, 1395025671, 0, 0, 1),
(951, 9, '“拆分”审核通过', 'Keler提交了的“拆分”审核通过。单号：<a href="/huihaote1/index.php/Split/view/id/1">《cfgl-201403170001》</a>', 0, 1395025671, 0, 0, 1),
(952, 9, '“拆分”审核通过', 'Keler提交了的“拆分”审核通过。单号：<a href="/huihaote1/index.php/Split/view/id/1">《cfgl-201403170001》</a>', 0, 1395025671, 0, 0, 1),
(953, 9, '“拆分”审核通过', 'Keler提交了的“拆分”审核通过。单号：<a href="/huihaote1/index.php/Split/view/id/1">《cfgl-201403170001》</a>', 0, 1395025671, 0, 0, 1),
(954, 10, '“拆分”审核通过', 'Keler提交了的“拆分”审核通过。单号：<a href="/huihaote1/index.php/Split/view/id/1">《cfgl-201403170001》</a>', 0, 1395025671, 0, 0, 1),
(955, 11, '“拆分”审核通过', 'Keler提交了的“拆分”审核通过。单号：<a href="/huihaote1/index.php/Split/view/id/1">《cfgl-201403170001》</a>', 0, 1395025671, 0, 0, 1),
(956, 12, '“拆分”审核通过', 'Keler提交了的“拆分”审核通过。单号：<a href="/huihaote1/index.php/Split/view/id/1">《cfgl-201403170001》</a>', 0, 1395025671, 0, 0, 1),
(957, 13, '“拆分”审核通过', 'Keler提交了的“拆分”审核通过。单号：<a href="/huihaote1/index.php/Split/view/id/1">《cfgl-201403170001》</a>', 0, 1395025671, 0, 0, 1),
(958, 14, '“拆分”审核通过', 'Keler提交了的“拆分”审核通过。单号：<a href="/huihaote1/index.php/Split/view/id/1">《cfgl-201403170001》</a>', 0, 1395025671, 0, 0, 1),
(959, 15, '“拆分”审核通过', 'Keler提交了的“拆分”审核通过。单号：<a href="/huihaote1/index.php/Split/view/id/1">《cfgl-201403170001》</a>', 0, 1395025671, 0, 0, 1),
(960, 14, '“拆分”审核通过', 'Keler提交了的“拆分”审核通过。单号：<a href="/huihaote1/index.php/Split/view/id/1">《cfgl-201403170001》</a>', 0, 1395025671, 0, 0, 1),
(961, 15, '“拆分”审核通过', 'Keler提交了的“拆分”审核通过。单号：<a href="/huihaote1/index.php/Split/view/id/1">《cfgl-201403170001》</a>', 0, 1395025671, 0, 0, 1),
(962, 16, '“拆分”审核通过', 'Keler提交了的“拆分”审核通过。单号：<a href="/huihaote1/index.php/Split/view/id/1">《cfgl-201403170001》</a>', 0, 1395025671, 0, 0, 1),
(963, 1, '“拆分”审核通过', 'Keler提交了的“拆分”审核通过。单号：<a href="/huihaote1/index.php/Split/view/id/1">《cfgl-201403170001》</a>', 0, 1395025671, 0, 0, 1),
(964, 6, '“拆分”审核通过', 'Keler提交了的“拆分”审核通过。单号：<a href="/huihaote1/index.php/Split/view/id/1">《cfgl-201403170001》</a>', 0, 1395025671, 0, 0, 1),
(965, 35, '“拆分”审核通过', 'Keler提交了的“拆分”审核通过。单号：<a href="/huihaote1/index.php/Split/view/id/1">《cfgl-201403170001》</a>', 0, 1395025671, 0, 0, 1),
(966, 1, '“拆分”审核通过', 'Keler提交了的“拆分”审核通过。单号：<a href="/huihaote1/index.php/Split/view/id/1">《cfgl-201403170001》</a>', 0, 1395025671, 0, 0, 1),
(967, 6, '“拆分”审核通过', 'Keler提交了的“拆分”审核通过。单号：<a href="/huihaote1/index.php/Split/view/id/1">《cfgl-201403170001》</a>', 0, 1395025671, 0, 0, 1),
(968, 35, '“拆分”审核通过', 'Keler提交了的“拆分”审核通过。单号：<a href="/huihaote1/index.php/Split/view/id/1">《cfgl-201403170001》</a>', 0, 1395025671, 0, 0, 1),
(969, 1, '“拆分”审核通过', 'Keler提交了的“拆分”审核通过。单号：<a href="/huihaote1/index.php/Split/view/id/1">《cfgl-201403170001》</a>', 0, 1395025671, 0, 0, 1),
(970, 6, '“拆分”审核通过', 'Keler提交了的“拆分”审核通过。单号：<a href="/huihaote1/index.php/Split/view/id/1">《cfgl-201403170001》</a>', 0, 1395025671, 0, 0, 1),
(971, 35, '“拆分”审核通过', 'Keler提交了的“拆分”审核通过。单号：<a href="/huihaote1/index.php/Split/view/id/1">《cfgl-201403170001》</a>', 0, 1395025671, 0, 0, 1),
(972, 25, '“拆分”审核通过', 'Keler提交了的“拆分”审核通过。单号：<a href="/huihaote1/index.php/Split/view/id/1">《cfgl-201403170001》</a>', 0, 1395025671, 0, 0, 1),
(973, 31, '“拆分”审核通过', 'Keler提交了的“拆分”审核通过。单号：<a href="/huihaote1/index.php/Split/view/id/1">《cfgl-201403170001》</a>', 0, 1395025671, 0, 0, 1),
(974, 25, '“拆分”审核通过', 'Keler提交了的“拆分”审核通过。单号：<a href="/huihaote1/index.php/Split/view/id/1">《cfgl-201403170001》</a>', 0, 1395025671, 0, 0, 1),
(975, 31, '“拆分”审核通过', 'Keler提交了的“拆分”审核通过。单号：<a href="/huihaote1/index.php/Split/view/id/1">《cfgl-201403170001》</a>', 0, 1395025671, 0, 0, 1),
(976, 20, '“拆分”审核通过', 'Keler提交了的“拆分”审核通过。单号：<a href="/huihaote1/index.php/Split/view/id/1">《cfgl-201403170001》</a>', 0, 1395025671, 0, 0, 1),
(977, 15, '“拆分”审核通过', 'Keler提交了的“拆分”审核通过。单号：<a href="/huihaote1/index.php/Split/view/id/1">《cfgl-201403170001》</a>', 0, 1395025671, 0, 0, 1),
(978, 17, '“拆分”审核通过', 'Keler提交了的“拆分”审核通过。单号：<a href="/huihaote1/index.php/Split/view/id/1">《cfgl-201403170001》</a>', 0, 1395025671, 0, 0, 1),
(979, 18, '“拆分”审核通过', 'Keler提交了的“拆分”审核通过。单号：<a href="/huihaote1/index.php/Split/view/id/1">《cfgl-201403170001》</a>', 0, 1395025671, 0, 0, 1),
(980, 30, '“拆分”审核通过', 'Keler提交了的“拆分”审核通过。单号：<a href="/huihaote1/index.php/Split/view/id/1">《cfgl-201403170001》</a>', 0, 1395025671, 0, 0, 1),
(981, 15, '“拆分”审核通过', 'Keler提交了的“拆分”审核通过。单号：<a href="/huihaote1/index.php/Split/view/id/1">《cfgl-201403170001》</a>', 0, 1395025671, 0, 0, 1),
(982, 17, '“拆分”审核通过', 'Keler提交了的“拆分”审核通过。单号：<a href="/huihaote1/index.php/Split/view/id/1">《cfgl-201403170001》</a>', 0, 1395025671, 0, 0, 1),
(983, 18, '“拆分”审核通过', 'Keler提交了的“拆分”审核通过。单号：<a href="/huihaote1/index.php/Split/view/id/1">《cfgl-201403170001》</a>', 0, 1395025671, 0, 0, 1),
(984, 30, '“拆分”审核通过', 'Keler提交了的“拆分”审核通过。单号：<a href="/huihaote1/index.php/Split/view/id/1">《cfgl-201403170001》</a>', 0, 1395025671, 0, 0, 1),
(985, 15, '“拆分”审核通过', 'Keler提交了的“拆分”审核通过。单号：<a href="/huihaote1/index.php/Split/view/id/1">《cfgl-201403170001》</a>', 0, 1395025671, 0, 0, 1),
(986, 17, '“拆分”审核通过', 'Keler提交了的“拆分”审核通过。单号：<a href="/huihaote1/index.php/Split/view/id/1">《cfgl-201403170001》</a>', 0, 1395025671, 0, 0, 1),
(987, 18, '“拆分”审核通过', 'Keler提交了的“拆分”审核通过。单号：<a href="/huihaote1/index.php/Split/view/id/1">《cfgl-201403170001》</a>', 0, 1395025671, 0, 0, 1),
(988, 30, '“拆分”审核通过', 'Keler提交了的“拆分”审核通过。单号：<a href="/huihaote1/index.php/Split/view/id/1">《cfgl-201403170001》</a>', 0, 1395025671, 0, 0, 1),
(989, 15, '“拆分”审核通过', 'Keler提交了的“拆分”审核通过。单号：<a href="/huihaote1/index.php/Split/view/id/1">《cfgl-201403170001》</a>', 0, 1395025671, 0, 0, 1),
(990, 17, '“拆分”审核通过', 'Keler提交了的“拆分”审核通过。单号：<a href="/huihaote1/index.php/Split/view/id/1">《cfgl-201403170001》</a>', 0, 1395025671, 0, 0, 1),
(991, 18, '“拆分”审核通过', 'Keler提交了的“拆分”审核通过。单号：<a href="/huihaote1/index.php/Split/view/id/1">《cfgl-201403170001》</a>', 0, 1395025671, 0, 0, 1),
(992, 30, '“拆分”审核通过', 'Keler提交了的“拆分”审核通过。单号：<a href="/huihaote1/index.php/Split/view/id/1">《cfgl-201403170001》</a>', 0, 1395025671, 0, 0, 1),
(993, 19, '“拆分”审核通过', 'Keler提交了的“拆分”审核通过。单号：<a href="/huihaote1/index.php/Split/view/id/1">《cfgl-201403170001》</a>', 0, 1395025671, 0, 0, 1),
(994, 23, '“拆分”审核通过', 'Keler提交了的“拆分”审核通过。单号：<a href="/huihaote1/index.php/Split/view/id/1">《cfgl-201403170001》</a>', 0, 1395025671, 0, 0, 1),
(995, 100000, '“拆分”审核通过', 'Keler提交了的“拆分”审核通过。单号：<a href="/huihaote1/index.php/Split/view/id/1">《cfgl-201403170001》</a>', 0, 1395025671, 0, 0, 1),
(996, 23, '“拆分”审核通过', 'Keler提交了的“拆分”审核通过。单号：<a href="/huihaote1/index.php/Split/view/id/1">《cfgl-201403170001》</a>', 0, 1395025671, 0, 0, 1),
(997, 100000, '“拆分”审核通过', 'Keler提交了的“拆分”审核通过。单号：<a href="/huihaote1/index.php/Split/view/id/1">《cfgl-201403170001》</a>', 0, 1395025671, 0, 0, 1),
(998, 1, '新的“维修管理”需要审批', 'Keler提交了新的“维修管理”需要您审批，单号：<a href="/huihaote1/index.php/Service/view/id/5">《wxgl-201403170005》</a>', 0, 1395025705, 0, 0, 1),
(999, 6, '新的“维修管理”需要审批', 'Keler提交了新的“维修管理”需要您审批，单号：<a href="/huihaote1/index.php/Service/view/id/5">《wxgl-201403170005》</a>', 0, 1395025705, 0, 0, 1),
(1000, 35, '新的“维修管理”需要审批', 'Keler提交了新的“维修管理”需要您审批，单号：<a href="/huihaote1/index.php/Service/view/id/5">《wxgl-201403170005》</a>', 0, 1395025705, 0, 0, 1),
(1001, 15, '新的“维修管理”需要审批', 'Keler提交了新的“维修管理”需要您审批，单号：<a href="/huihaote1/index.php/Service/view/id/5">《wxgl-201403170005》</a>', 0, 1395025705, 0, 0, 1),
(1002, 17, '新的“维修管理”需要审批', 'Keler提交了新的“维修管理”需要您审批，单号：<a href="/huihaote1/index.php/Service/view/id/5">《wxgl-201403170005》</a>', 0, 1395025705, 0, 0, 1),
(1003, 18, '新的“维修管理”需要审批', 'Keler提交了新的“维修管理”需要您审批，单号：<a href="/huihaote1/index.php/Service/view/id/5">《wxgl-201403170005》</a>', 0, 1395025705, 0, 0, 1),
(1004, 30, '新的“维修管理”需要审批', 'Keler提交了新的“维修管理”需要您审批，单号：<a href="/huihaote1/index.php/Service/view/id/5">《wxgl-201403170005》</a>', 0, 1395025705, 0, 0, 1),
(1005, 23, '新的“维修管理”需要审批', 'Keler提交了新的“维修管理”需要您审批，单号：<a href="/huihaote1/index.php/Service/view/id/5">《wxgl-201403170005》</a>', 0, 1395025705, 0, 0, 1),
(1006, 100000, '新的“维修管理”需要审批', 'Keler提交了新的“维修管理”需要您审批，单号：<a href="/huihaote1/index.php/Service/view/id/5">《wxgl-201403170005》</a>', 0, 1395025705, 0, 0, 1),
(1007, 22, '新的“维修管理”需要审批', 'Keler提交了新的“维修管理”需要您审批，单号：<a href="/huihaote1/index.php/Service/view/id/5">《wxgl-201403170005》</a>', 0, 1395025705, 0, 0, 1),
(1008, 28, '新的“维修管理”需要审批', 'Keler提交了新的“维修管理”需要您审批，单号：<a href="/huihaote1/index.php/Service/view/id/5">《wxgl-201403170005》</a>', 0, 1395025705, 0, 0, 1),
(1009, 35, '“维修管理”审批结果', '您提交了的“维修管理”，审核通过。单号：<a href="/huihaote1/index.php/Service/view/id/5">《wxgl-201403170005》</a>', 0, 1395025717, 0, 0, 1),
(1010, 3, '“维修管理”审核通过，等待货/款确认', 'Keler提交了的“维修管理”审核通过。<a href="/huihaote1/index.php/Service/view/id/5">《wxgl-201403170005》</a>', 0, 1395025717, 0, 0, 1),
(1011, 2, '“维修管理”审核通过，等待货/款确认', 'Keler提交了的“维修管理”审核通过。<a href="/huihaote1/index.php/Service/view/id/5">《wxgl-201403170005》</a>', 0, 1395025717, 0, 0, 1),
(1012, 3, '“维修管理”审核通过，等待货/款确认', 'Keler提交了的“维修管理”审核通过。<a href="/huihaote1/index.php/Service/view/id/5">《wxgl-201403170005》</a>', 0, 1395025717, 0, 0, 1),
(1013, 4, '“维修管理”审核通过，等待货/款确认', 'Keler提交了的“维修管理”审核通过。<a href="/huihaote1/index.php/Service/view/id/5">《wxgl-201403170005》</a>', 0, 1395025717, 0, 0, 1),
(1014, 7, '“维修管理”审核通过，等待货/款确认', 'Keler提交了的“维修管理”审核通过。<a href="/huihaote1/index.php/Service/view/id/5">《wxgl-201403170005》</a>', 0, 1395025717, 0, 0, 1),
(1015, 8, '“维修管理”审核通过，等待货/款确认', 'Keler提交了的“维修管理”审核通过。<a href="/huihaote1/index.php/Service/view/id/5">《wxgl-201403170005》</a>', 0, 1395025717, 0, 0, 1),
(1016, 9, '“维修管理”审核通过，等待货/款确认', 'Keler提交了的“维修管理”审核通过。<a href="/huihaote1/index.php/Service/view/id/5">《wxgl-201403170005》</a>', 0, 1395025717, 0, 0, 1),
(1017, 9, '“维修管理”审核通过，等待货/款确认', 'Keler提交了的“维修管理”审核通过。<a href="/huihaote1/index.php/Service/view/id/5">《wxgl-201403170005》</a>', 0, 1395025717, 0, 0, 1),
(1018, 10, '“维修管理”审核通过，等待货/款确认', 'Keler提交了的“维修管理”审核通过。<a href="/huihaote1/index.php/Service/view/id/5">《wxgl-201403170005》</a>', 0, 1395025717, 0, 0, 1),
(1019, 11, '“维修管理”审核通过，等待货/款确认', 'Keler提交了的“维修管理”审核通过。<a href="/huihaote1/index.php/Service/view/id/5">《wxgl-201403170005》</a>', 0, 1395025717, 0, 0, 1),
(1020, 12, '“维修管理”审核通过，等待货/款确认', 'Keler提交了的“维修管理”审核通过。<a href="/huihaote1/index.php/Service/view/id/5">《wxgl-201403170005》</a>', 0, 1395025717, 0, 0, 1),
(1021, 13, '“维修管理”审核通过，等待货/款确认', 'Keler提交了的“维修管理”审核通过。<a href="/huihaote1/index.php/Service/view/id/5">《wxgl-201403170005》</a>', 0, 1395025717, 0, 0, 1),
(1022, 14, '“维修管理”审核通过，等待货/款确认', 'Keler提交了的“维修管理”审核通过。<a href="/huihaote1/index.php/Service/view/id/5">《wxgl-201403170005》</a>', 0, 1395025717, 0, 0, 1),
(1023, 15, '“维修管理”审核通过，等待货/款确认', 'Keler提交了的“维修管理”审核通过。<a href="/huihaote1/index.php/Service/view/id/5">《wxgl-201403170005》</a>', 0, 1395025717, 0, 0, 1),
(1024, 16, '“维修管理”审核通过，等待货/款确认', 'Keler提交了的“维修管理”审核通过。<a href="/huihaote1/index.php/Service/view/id/5">《wxgl-201403170005》</a>', 0, 1395025717, 0, 0, 1),
(1025, 1, '“维修管理”审核通过，等待货/款确认', 'Keler提交了的“维修管理”审核通过。<a href="/huihaote1/index.php/Service/view/id/5">《wxgl-201403170005》</a>', 0, 1395025717, 0, 0, 1),
(1026, 6, '“维修管理”审核通过，等待货/款确认', 'Keler提交了的“维修管理”审核通过。<a href="/huihaote1/index.php/Service/view/id/5">《wxgl-201403170005》</a>', 0, 1395025717, 0, 0, 1),
(1027, 35, '“维修管理”审核通过，等待货/款确认', 'Keler提交了的“维修管理”审核通过。<a href="/huihaote1/index.php/Service/view/id/5">《wxgl-201403170005》</a>', 0, 1395025717, 0, 0, 1),
(1028, 25, '“维修管理”审核通过，等待货/款确认', 'Keler提交了的“维修管理”审核通过。<a href="/huihaote1/index.php/Service/view/id/5">《wxgl-201403170005》</a>', 0, 1395025717, 0, 0, 1),
(1029, 31, '“维修管理”审核通过，等待货/款确认', 'Keler提交了的“维修管理”审核通过。<a href="/huihaote1/index.php/Service/view/id/5">《wxgl-201403170005》</a>', 0, 1395025717, 0, 0, 1),
(1030, 20, '“维修管理”审核通过，等待货/款确认', 'Keler提交了的“维修管理”审核通过。<a href="/huihaote1/index.php/Service/view/id/5">《wxgl-201403170005》</a>', 0, 1395025717, 0, 0, 1),
(1031, 15, '“维修管理”审核通过，等待货/款确认', 'Keler提交了的“维修管理”审核通过。<a href="/huihaote1/index.php/Service/view/id/5">《wxgl-201403170005》</a>', 0, 1395025717, 0, 0, 1),
(1032, 17, '“维修管理”审核通过，等待货/款确认', 'Keler提交了的“维修管理”审核通过。<a href="/huihaote1/index.php/Service/view/id/5">《wxgl-201403170005》</a>', 0, 1395025717, 0, 0, 1),
(1033, 18, '“维修管理”审核通过，等待货/款确认', 'Keler提交了的“维修管理”审核通过。<a href="/huihaote1/index.php/Service/view/id/5">《wxgl-201403170005》</a>', 0, 1395025717, 0, 0, 1),
(1034, 30, '“维修管理”审核通过，等待货/款确认', 'Keler提交了的“维修管理”审核通过。<a href="/huihaote1/index.php/Service/view/id/5">《wxgl-201403170005》</a>', 0, 1395025717, 0, 0, 1),
(1035, 19, '“维修管理”审核通过，等待货/款确认', 'Keler提交了的“维修管理”审核通过。<a href="/huihaote1/index.php/Service/view/id/5">《wxgl-201403170005》</a>', 0, 1395025717, 0, 0, 1),
(1036, 23, '“维修管理”审核通过，等待货/款确认', 'Keler提交了的“维修管理”审核通过。<a href="/huihaote1/index.php/Service/view/id/5">《wxgl-201403170005》</a>', 0, 1395025717, 0, 0, 1),
(1037, 100000, '“维修管理”审核通过，等待货/款确认', 'Keler提交了的“维修管理”审核通过。<a href="/huihaote1/index.php/Service/view/id/5">《wxgl-201403170005》</a>', 0, 1395025717, 0, 0, 1),
(1038, 2, '新的“销售出库单”需要审批', 'Keler提交了新的“销售出库单”需要您审批，单号：<a href="/huihaote1/index.php/Sorder/view/id/8">《xsck-201403170003》</a>', 0, 1395025864, 0, 0, 1),
(1039, 3, '新的“销售出库单”需要审批', 'Keler提交了新的“销售出库单”需要您审批，单号：<a href="/huihaote1/index.php/Sorder/view/id/8">《xsck-201403170003》</a>', 0, 1395025864, 0, 0, 1),
(1040, 2, '新的“销售出库单”需要审批', 'Keler提交了新的“销售出库单”需要您审批，单号：<a href="/huihaote1/index.php/Sorder/view/id/8">《xsck-201403170003》</a>', 0, 1395025864, 0, 0, 1),
(1041, 3, '新的“销售出库单”需要审批', 'Keler提交了新的“销售出库单”需要您审批，单号：<a href="/huihaote1/index.php/Sorder/view/id/8">《xsck-201403170003》</a>', 0, 1395025864, 0, 0, 1),
(1042, 2, '新的“销售出库单”需要审批', 'Keler提交了新的“销售出库单”需要您审批，单号：<a href="/huihaote1/index.php/Sorder/view/id/8">《xsck-201403170003》</a>', 0, 1395025864, 0, 0, 1),
(1043, 3, '新的“销售出库单”需要审批', 'Keler提交了新的“销售出库单”需要您审批，单号：<a href="/huihaote1/index.php/Sorder/view/id/8">《xsck-201403170003》</a>', 0, 1395025864, 0, 0, 1),
(1044, 2, '新的“销售出库单”需要审批', 'Keler提交了新的“销售出库单”需要您审批，单号：<a href="/huihaote1/index.php/Sorder/view/id/8">《xsck-201403170003》</a>', 0, 1395025864, 0, 0, 1),
(1045, 3, '新的“销售出库单”需要审批', 'Keler提交了新的“销售出库单”需要您审批，单号：<a href="/huihaote1/index.php/Sorder/view/id/8">《xsck-201403170003》</a>', 0, 1395025864, 0, 0, 1),
(1046, 4, '新的“销售出库单”需要审批', 'Keler提交了新的“销售出库单”需要您审批，单号：<a href="/huihaote1/index.php/Sorder/view/id/8">《xsck-201403170003》</a>', 0, 1395025864, 0, 0, 1),
(1047, 7, '新的“销售出库单”需要审批', 'Keler提交了新的“销售出库单”需要您审批，单号：<a href="/huihaote1/index.php/Sorder/view/id/8">《xsck-201403170003》</a>', 0, 1395025864, 0, 0, 1),
(1048, 13, '新的“销售出库单”需要审批', 'Keler提交了新的“销售出库单”需要您审批，单号：<a href="/huihaote1/index.php/Sorder/view/id/8">《xsck-201403170003》</a>', 0, 1395025864, 0, 0, 1),
(1049, 14, '新的“销售出库单”需要审批', 'Keler提交了新的“销售出库单”需要您审批，单号：<a href="/huihaote1/index.php/Sorder/view/id/8">《xsck-201403170003》</a>', 0, 1395025864, 0, 0, 1),
(1050, 15, '新的“销售出库单”需要审批', 'Keler提交了新的“销售出库单”需要您审批，单号：<a href="/huihaote1/index.php/Sorder/view/id/8">《xsck-201403170003》</a>', 0, 1395025864, 0, 0, 1),
(1051, 14, '新的“销售出库单”需要审批', 'Keler提交了新的“销售出库单”需要您审批，单号：<a href="/huihaote1/index.php/Sorder/view/id/8">《xsck-201403170003》</a>', 0, 1395025864, 0, 0, 1),
(1052, 15, '新的“销售出库单”需要审批', 'Keler提交了新的“销售出库单”需要您审批，单号：<a href="/huihaote1/index.php/Sorder/view/id/8">《xsck-201403170003》</a>', 0, 1395025864, 0, 0, 1),
(1053, 1, '新的“销售出库单”需要审批', 'Keler提交了新的“销售出库单”需要您审批，单号：<a href="/huihaote1/index.php/Sorder/view/id/8">《xsck-201403170003》</a>', 0, 1395025864, 0, 0, 1),
(1054, 6, '新的“销售出库单”需要审批', 'Keler提交了新的“销售出库单”需要您审批，单号：<a href="/huihaote1/index.php/Sorder/view/id/8">《xsck-201403170003》</a>', 0, 1395025864, 0, 0, 1),
(1055, 35, '新的“销售出库单”需要审批', 'Keler提交了新的“销售出库单”需要您审批，单号：<a href="/huihaote1/index.php/Sorder/view/id/8">《xsck-201403170003》</a>', 0, 1395025864, 0, 0, 1),
(1056, 1, '新的“销售出库单”需要审批', 'Keler提交了新的“销售出库单”需要您审批，单号：<a href="/huihaote1/index.php/Sorder/view/id/8">《xsck-201403170003》</a>', 0, 1395025864, 0, 0, 1),
(1057, 6, '新的“销售出库单”需要审批', 'Keler提交了新的“销售出库单”需要您审批，单号：<a href="/huihaote1/index.php/Sorder/view/id/8">《xsck-201403170003》</a>', 0, 1395025864, 0, 0, 1),
(1058, 35, '新的“销售出库单”需要审批', 'Keler提交了新的“销售出库单”需要您审批，单号：<a href="/huihaote1/index.php/Sorder/view/id/8">《xsck-201403170003》</a>', 0, 1395025864, 0, 0, 1),
(1059, 1, '新的“销售出库单”需要审批', 'Keler提交了新的“销售出库单”需要您审批，单号：<a href="/huihaote1/index.php/Sorder/view/id/8">《xsck-201403170003》</a>', 0, 1395025864, 0, 0, 1),
(1060, 6, '新的“销售出库单”需要审批', 'Keler提交了新的“销售出库单”需要您审批，单号：<a href="/huihaote1/index.php/Sorder/view/id/8">《xsck-201403170003》</a>', 0, 1395025864, 0, 0, 1),
(1061, 35, '新的“销售出库单”需要审批', 'Keler提交了新的“销售出库单”需要您审批，单号：<a href="/huihaote1/index.php/Sorder/view/id/8">《xsck-201403170003》</a>', 0, 1395025864, 0, 0, 1),
(1062, 20, '新的“销售出库单”需要审批', 'Keler提交了新的“销售出库单”需要您审批，单号：<a href="/huihaote1/index.php/Sorder/view/id/8">《xsck-201403170003》</a>', 0, 1395025864, 0, 0, 1),
(1063, 15, '新的“销售出库单”需要审批', 'Keler提交了新的“销售出库单”需要您审批，单号：<a href="/huihaote1/index.php/Sorder/view/id/8">《xsck-201403170003》</a>', 0, 1395025864, 0, 0, 1),
(1064, 17, '新的“销售出库单”需要审批', 'Keler提交了新的“销售出库单”需要您审批，单号：<a href="/huihaote1/index.php/Sorder/view/id/8">《xsck-201403170003》</a>', 0, 1395025864, 0, 0, 1),
(1065, 18, '新的“销售出库单”需要审批', 'Keler提交了新的“销售出库单”需要您审批，单号：<a href="/huihaote1/index.php/Sorder/view/id/8">《xsck-201403170003》</a>', 0, 1395025864, 0, 0, 1),
(1066, 30, '新的“销售出库单”需要审批', 'Keler提交了新的“销售出库单”需要您审批，单号：<a href="/huihaote1/index.php/Sorder/view/id/8">《xsck-201403170003》</a>', 0, 1395025864, 0, 0, 1),
(1067, 15, '新的“销售出库单”需要审批', 'Keler提交了新的“销售出库单”需要您审批，单号：<a href="/huihaote1/index.php/Sorder/view/id/8">《xsck-201403170003》</a>', 0, 1395025864, 0, 0, 1),
(1068, 17, '新的“销售出库单”需要审批', 'Keler提交了新的“销售出库单”需要您审批，单号：<a href="/huihaote1/index.php/Sorder/view/id/8">《xsck-201403170003》</a>', 0, 1395025864, 0, 0, 1),
(1069, 18, '新的“销售出库单”需要审批', 'Keler提交了新的“销售出库单”需要您审批，单号：<a href="/huihaote1/index.php/Sorder/view/id/8">《xsck-201403170003》</a>', 0, 1395025864, 0, 0, 1),
(1070, 30, '新的“销售出库单”需要审批', 'Keler提交了新的“销售出库单”需要您审批，单号：<a href="/huihaote1/index.php/Sorder/view/id/8">《xsck-201403170003》</a>', 0, 1395025864, 0, 0, 1),
(1071, 15, '新的“销售出库单”需要审批', 'Keler提交了新的“销售出库单”需要您审批，单号：<a href="/huihaote1/index.php/Sorder/view/id/8">《xsck-201403170003》</a>', 0, 1395025864, 0, 0, 1),
(1072, 17, '新的“销售出库单”需要审批', 'Keler提交了新的“销售出库单”需要您审批，单号：<a href="/huihaote1/index.php/Sorder/view/id/8">《xsck-201403170003》</a>', 0, 1395025864, 0, 0, 1),
(1073, 18, '新的“销售出库单”需要审批', 'Keler提交了新的“销售出库单”需要您审批，单号：<a href="/huihaote1/index.php/Sorder/view/id/8">《xsck-201403170003》</a>', 0, 1395025864, 0, 0, 1),
(1074, 30, '新的“销售出库单”需要审批', 'Keler提交了新的“销售出库单”需要您审批，单号：<a href="/huihaote1/index.php/Sorder/view/id/8">《xsck-201403170003》</a>', 0, 1395025864, 0, 0, 1),
(1075, 15, '新的“销售出库单”需要审批', 'Keler提交了新的“销售出库单”需要您审批，单号：<a href="/huihaote1/index.php/Sorder/view/id/8">《xsck-201403170003》</a>', 0, 1395025864, 0, 0, 1),
(1076, 17, '新的“销售出库单”需要审批', 'Keler提交了新的“销售出库单”需要您审批，单号：<a href="/huihaote1/index.php/Sorder/view/id/8">《xsck-201403170003》</a>', 0, 1395025864, 0, 0, 1),
(1077, 18, '新的“销售出库单”需要审批', 'Keler提交了新的“销售出库单”需要您审批，单号：<a href="/huihaote1/index.php/Sorder/view/id/8">《xsck-201403170003》</a>', 0, 1395025864, 0, 0, 1),
(1078, 30, '新的“销售出库单”需要审批', 'Keler提交了新的“销售出库单”需要您审批，单号：<a href="/huihaote1/index.php/Sorder/view/id/8">《xsck-201403170003》</a>', 0, 1395025864, 0, 0, 1),
(1079, 19, '新的“销售出库单”需要审批', 'Keler提交了新的“销售出库单”需要您审批，单号：<a href="/huihaote1/index.php/Sorder/view/id/8">《xsck-201403170003》</a>', 0, 1395025864, 0, 0, 1),
(1080, 35, '“销售出库单”审批结果', '您提交了的“销售出库单”，审核通过。单号：<a href="/huihaote1/index.php/Sorder/view/id/8">《xsck-201403170003》</a>', 0, 1395025874, 0, 0, 1),
(1081, 3, '“销售出库单”审核通过，等待货/款确认', 'Keler提交了的“销售出库单”审核通过。单号：<a href="/huihaote1/index.php/Sorder/view/id/8">《xsck-201403170003》</a>', 0, 1395025874, 0, 0, 1),
(1082, 2, '“销售出库单”审核通过，等待货/款确认', 'Keler提交了的“销售出库单”审核通过。单号：<a href="/huihaote1/index.php/Sorder/view/id/8">《xsck-201403170003》</a>', 0, 1395025874, 0, 0, 1),
(1083, 3, '“销售出库单”审核通过，等待货/款确认', 'Keler提交了的“销售出库单”审核通过。单号：<a href="/huihaote1/index.php/Sorder/view/id/8">《xsck-201403170003》</a>', 0, 1395025874, 0, 0, 1),
(1084, 2, '“销售出库单”审核通过，等待货/款确认', 'Keler提交了的“销售出库单”审核通过。单号：<a href="/huihaote1/index.php/Sorder/view/id/8">《xsck-201403170003》</a>', 0, 1395025874, 0, 0, 1),
(1085, 3, '“销售出库单”审核通过，等待货/款确认', 'Keler提交了的“销售出库单”审核通过。单号：<a href="/huihaote1/index.php/Sorder/view/id/8">《xsck-201403170003》</a>', 0, 1395025874, 0, 0, 1),
(1086, 2, '“销售出库单”审核通过，等待货/款确认', 'Keler提交了的“销售出库单”审核通过。单号：<a href="/huihaote1/index.php/Sorder/view/id/8">《xsck-201403170003》</a>', 0, 1395025874, 0, 0, 1),
(1087, 3, '“销售出库单”审核通过，等待货/款确认', 'Keler提交了的“销售出库单”审核通过。单号：<a href="/huihaote1/index.php/Sorder/view/id/8">《xsck-201403170003》</a>', 0, 1395025874, 0, 0, 1),
(1088, 4, '“销售出库单”审核通过，等待货/款确认', 'Keler提交了的“销售出库单”审核通过。单号：<a href="/huihaote1/index.php/Sorder/view/id/8">《xsck-201403170003》</a>', 0, 1395025874, 0, 0, 1),
(1089, 7, '“销售出库单”审核通过，等待货/款确认', 'Keler提交了的“销售出库单”审核通过。单号：<a href="/huihaote1/index.php/Sorder/view/id/8">《xsck-201403170003》</a>', 0, 1395025874, 0, 0, 1),
(1090, 8, '“销售出库单”审核通过，等待货/款确认', 'Keler提交了的“销售出库单”审核通过。单号：<a href="/huihaote1/index.php/Sorder/view/id/8">《xsck-201403170003》</a>', 0, 1395025874, 0, 0, 1),
(1091, 9, '“销售出库单”审核通过，等待货/款确认', 'Keler提交了的“销售出库单”审核通过。单号：<a href="/huihaote1/index.php/Sorder/view/id/8">《xsck-201403170003》</a>', 0, 1395025874, 0, 0, 1),
(1092, 9, '“销售出库单”审核通过，等待货/款确认', 'Keler提交了的“销售出库单”审核通过。单号：<a href="/huihaote1/index.php/Sorder/view/id/8">《xsck-201403170003》</a>', 0, 1395025874, 0, 0, 1),
(1093, 9, '“销售出库单”审核通过，等待货/款确认', 'Keler提交了的“销售出库单”审核通过。单号：<a href="/huihaote1/index.php/Sorder/view/id/8">《xsck-201403170003》</a>', 0, 1395025874, 0, 0, 1),
(1094, 9, '“销售出库单”审核通过，等待货/款确认', 'Keler提交了的“销售出库单”审核通过。单号：<a href="/huihaote1/index.php/Sorder/view/id/8">《xsck-201403170003》</a>', 0, 1395025874, 0, 0, 1),
(1095, 10, '“销售出库单”审核通过，等待货/款确认', 'Keler提交了的“销售出库单”审核通过。单号：<a href="/huihaote1/index.php/Sorder/view/id/8">《xsck-201403170003》</a>', 0, 1395025874, 0, 0, 1),
(1096, 11, '“销售出库单”审核通过，等待货/款确认', 'Keler提交了的“销售出库单”审核通过。单号：<a href="/huihaote1/index.php/Sorder/view/id/8">《xsck-201403170003》</a>', 0, 1395025874, 0, 0, 1),
(1097, 12, '“销售出库单”审核通过，等待货/款确认', 'Keler提交了的“销售出库单”审核通过。单号：<a href="/huihaote1/index.php/Sorder/view/id/8">《xsck-201403170003》</a>', 0, 1395025874, 0, 0, 1),
(1098, 13, '“销售出库单”审核通过，等待货/款确认', 'Keler提交了的“销售出库单”审核通过。单号：<a href="/huihaote1/index.php/Sorder/view/id/8">《xsck-201403170003》</a>', 0, 1395025874, 0, 0, 1),
(1099, 14, '“销售出库单”审核通过，等待货/款确认', 'Keler提交了的“销售出库单”审核通过。单号：<a href="/huihaote1/index.php/Sorder/view/id/8">《xsck-201403170003》</a>', 0, 1395025874, 0, 0, 1),
(1100, 15, '“销售出库单”审核通过，等待货/款确认', 'Keler提交了的“销售出库单”审核通过。单号：<a href="/huihaote1/index.php/Sorder/view/id/8">《xsck-201403170003》</a>', 0, 1395025874, 0, 0, 1),
(1101, 14, '“销售出库单”审核通过，等待货/款确认', 'Keler提交了的“销售出库单”审核通过。单号：<a href="/huihaote1/index.php/Sorder/view/id/8">《xsck-201403170003》</a>', 0, 1395025874, 0, 0, 1),
(1102, 15, '“销售出库单”审核通过，等待货/款确认', 'Keler提交了的“销售出库单”审核通过。单号：<a href="/huihaote1/index.php/Sorder/view/id/8">《xsck-201403170003》</a>', 0, 1395025874, 0, 0, 1),
(1103, 16, '“销售出库单”审核通过，等待货/款确认', 'Keler提交了的“销售出库单”审核通过。单号：<a href="/huihaote1/index.php/Sorder/view/id/8">《xsck-201403170003》</a>', 0, 1395025874, 0, 0, 1),
(1104, 1, '“销售出库单”审核通过，等待货/款确认', 'Keler提交了的“销售出库单”审核通过。单号：<a href="/huihaote1/index.php/Sorder/view/id/8">《xsck-201403170003》</a>', 0, 1395025874, 0, 0, 1),
(1105, 6, '“销售出库单”审核通过，等待货/款确认', 'Keler提交了的“销售出库单”审核通过。单号：<a href="/huihaote1/index.php/Sorder/view/id/8">《xsck-201403170003》</a>', 0, 1395025874, 0, 0, 1),
(1106, 35, '“销售出库单”审核通过，等待货/款确认', 'Keler提交了的“销售出库单”审核通过。单号：<a href="/huihaote1/index.php/Sorder/view/id/8">《xsck-201403170003》</a>', 0, 1395025874, 0, 0, 1),
(1107, 1, '“销售出库单”审核通过，等待货/款确认', 'Keler提交了的“销售出库单”审核通过。单号：<a href="/huihaote1/index.php/Sorder/view/id/8">《xsck-201403170003》</a>', 0, 1395025874, 0, 0, 1),
(1108, 6, '“销售出库单”审核通过，等待货/款确认', 'Keler提交了的“销售出库单”审核通过。单号：<a href="/huihaote1/index.php/Sorder/view/id/8">《xsck-201403170003》</a>', 0, 1395025874, 0, 0, 1),
(1109, 35, '“销售出库单”审核通过，等待货/款确认', 'Keler提交了的“销售出库单”审核通过。单号：<a href="/huihaote1/index.php/Sorder/view/id/8">《xsck-201403170003》</a>', 0, 1395025874, 0, 0, 1),
(1110, 1, '“销售出库单”审核通过，等待货/款确认', 'Keler提交了的“销售出库单”审核通过。单号：<a href="/huihaote1/index.php/Sorder/view/id/8">《xsck-201403170003》</a>', 0, 1395025874, 0, 0, 1),
(1111, 6, '“销售出库单”审核通过，等待货/款确认', 'Keler提交了的“销售出库单”审核通过。单号：<a href="/huihaote1/index.php/Sorder/view/id/8">《xsck-201403170003》</a>', 0, 1395025874, 0, 0, 1),
(1112, 35, '“销售出库单”审核通过，等待货/款确认', 'Keler提交了的“销售出库单”审核通过。单号：<a href="/huihaote1/index.php/Sorder/view/id/8">《xsck-201403170003》</a>', 0, 1395025874, 0, 0, 1),
(1113, 25, '“销售出库单”审核通过，等待货/款确认', 'Keler提交了的“销售出库单”审核通过。单号：<a href="/huihaote1/index.php/Sorder/view/id/8">《xsck-201403170003》</a>', 0, 1395025874, 0, 0, 1),
(1114, 31, '“销售出库单”审核通过，等待货/款确认', 'Keler提交了的“销售出库单”审核通过。单号：<a href="/huihaote1/index.php/Sorder/view/id/8">《xsck-201403170003》</a>', 0, 1395025874, 0, 0, 1),
(1115, 25, '“销售出库单”审核通过，等待货/款确认', 'Keler提交了的“销售出库单”审核通过。单号：<a href="/huihaote1/index.php/Sorder/view/id/8">《xsck-201403170003》</a>', 0, 1395025874, 0, 0, 1),
(1116, 31, '“销售出库单”审核通过，等待货/款确认', 'Keler提交了的“销售出库单”审核通过。单号：<a href="/huihaote1/index.php/Sorder/view/id/8">《xsck-201403170003》</a>', 0, 1395025874, 0, 0, 1),
(1117, 20, '“销售出库单”审核通过，等待货/款确认', 'Keler提交了的“销售出库单”审核通过。单号：<a href="/huihaote1/index.php/Sorder/view/id/8">《xsck-201403170003》</a>', 0, 1395025874, 0, 0, 1),
(1118, 15, '“销售出库单”审核通过，等待货/款确认', 'Keler提交了的“销售出库单”审核通过。单号：<a href="/huihaote1/index.php/Sorder/view/id/8">《xsck-201403170003》</a>', 0, 1395025874, 0, 0, 1),
(1119, 17, '“销售出库单”审核通过，等待货/款确认', 'Keler提交了的“销售出库单”审核通过。单号：<a href="/huihaote1/index.php/Sorder/view/id/8">《xsck-201403170003》</a>', 0, 1395025874, 0, 0, 1);
INSERT INTO `ix_user_mail` (`id`, `uid`, `title`, `content`, `writer`, `time`, `read`, `reply`, `system`) VALUES
(1120, 18, '“销售出库单”审核通过，等待货/款确认', 'Keler提交了的“销售出库单”审核通过。单号：<a href="/huihaote1/index.php/Sorder/view/id/8">《xsck-201403170003》</a>', 0, 1395025874, 0, 0, 1),
(1121, 30, '“销售出库单”审核通过，等待货/款确认', 'Keler提交了的“销售出库单”审核通过。单号：<a href="/huihaote1/index.php/Sorder/view/id/8">《xsck-201403170003》</a>', 0, 1395025874, 0, 0, 1),
(1122, 15, '“销售出库单”审核通过，等待货/款确认', 'Keler提交了的“销售出库单”审核通过。单号：<a href="/huihaote1/index.php/Sorder/view/id/8">《xsck-201403170003》</a>', 0, 1395025874, 0, 0, 1),
(1123, 17, '“销售出库单”审核通过，等待货/款确认', 'Keler提交了的“销售出库单”审核通过。单号：<a href="/huihaote1/index.php/Sorder/view/id/8">《xsck-201403170003》</a>', 0, 1395025874, 0, 0, 1),
(1124, 18, '“销售出库单”审核通过，等待货/款确认', 'Keler提交了的“销售出库单”审核通过。单号：<a href="/huihaote1/index.php/Sorder/view/id/8">《xsck-201403170003》</a>', 0, 1395025874, 0, 0, 1),
(1125, 30, '“销售出库单”审核通过，等待货/款确认', 'Keler提交了的“销售出库单”审核通过。单号：<a href="/huihaote1/index.php/Sorder/view/id/8">《xsck-201403170003》</a>', 0, 1395025874, 0, 0, 1),
(1126, 15, '“销售出库单”审核通过，等待货/款确认', 'Keler提交了的“销售出库单”审核通过。单号：<a href="/huihaote1/index.php/Sorder/view/id/8">《xsck-201403170003》</a>', 0, 1395025874, 0, 0, 1),
(1127, 17, '“销售出库单”审核通过，等待货/款确认', 'Keler提交了的“销售出库单”审核通过。单号：<a href="/huihaote1/index.php/Sorder/view/id/8">《xsck-201403170003》</a>', 0, 1395025874, 0, 0, 1),
(1128, 18, '“销售出库单”审核通过，等待货/款确认', 'Keler提交了的“销售出库单”审核通过。单号：<a href="/huihaote1/index.php/Sorder/view/id/8">《xsck-201403170003》</a>', 0, 1395025874, 0, 0, 1),
(1129, 30, '“销售出库单”审核通过，等待货/款确认', 'Keler提交了的“销售出库单”审核通过。单号：<a href="/huihaote1/index.php/Sorder/view/id/8">《xsck-201403170003》</a>', 0, 1395025874, 0, 0, 1),
(1130, 15, '“销售出库单”审核通过，等待货/款确认', 'Keler提交了的“销售出库单”审核通过。单号：<a href="/huihaote1/index.php/Sorder/view/id/8">《xsck-201403170003》</a>', 0, 1395025874, 0, 0, 1),
(1131, 17, '“销售出库单”审核通过，等待货/款确认', 'Keler提交了的“销售出库单”审核通过。单号：<a href="/huihaote1/index.php/Sorder/view/id/8">《xsck-201403170003》</a>', 0, 1395025874, 0, 0, 1),
(1132, 18, '“销售出库单”审核通过，等待货/款确认', 'Keler提交了的“销售出库单”审核通过。单号：<a href="/huihaote1/index.php/Sorder/view/id/8">《xsck-201403170003》</a>', 0, 1395025874, 0, 0, 1),
(1133, 30, '“销售出库单”审核通过，等待货/款确认', 'Keler提交了的“销售出库单”审核通过。单号：<a href="/huihaote1/index.php/Sorder/view/id/8">《xsck-201403170003》</a>', 0, 1395025874, 0, 0, 1),
(1134, 19, '“销售出库单”审核通过，等待货/款确认', 'Keler提交了的“销售出库单”审核通过。单号：<a href="/huihaote1/index.php/Sorder/view/id/8">《xsck-201403170003》</a>', 0, 1395025874, 0, 0, 1),
(1135, 23, '“销售出库单”审核通过，等待货/款确认', 'Keler提交了的“销售出库单”审核通过。单号：<a href="/huihaote1/index.php/Sorder/view/id/8">《xsck-201403170003》</a>', 0, 1395025874, 0, 0, 1),
(1136, 100000, '“销售出库单”审核通过，等待货/款确认', 'Keler提交了的“销售出库单”审核通过。单号：<a href="/huihaote1/index.php/Sorder/view/id/8">《xsck-201403170003》</a>', 0, 1395025874, 0, 0, 1),
(1137, 23, '“销售出库单”审核通过，等待货/款确认', 'Keler提交了的“销售出库单”审核通过。单号：<a href="/huihaote1/index.php/Sorder/view/id/8">《xsck-201403170003》</a>', 0, 1395025874, 0, 0, 1),
(1138, 100000, '“销售出库单”审核通过，等待货/款确认', 'Keler提交了的“销售出库单”审核通过。单号：<a href="/huihaote1/index.php/Sorder/view/id/8">《xsck-201403170003》</a>', 0, 1395025874, 0, 0, 1),
(1139, 2, '新的“销售出库单”需要审批', 'Keler提交了新的“销售出库单”需要您审批，单号：<a href="/index.php/Sorder/view/id/9">《xsck-201403180001》</a>', 0, 1395108300, 0, 0, 1),
(1140, 3, '新的“销售出库单”需要审批', 'Keler提交了新的“销售出库单”需要您审批，单号：<a href="/index.php/Sorder/view/id/9">《xsck-201403180001》</a>', 0, 1395108300, 0, 0, 1),
(1141, 2, '新的“销售出库单”需要审批', 'Keler提交了新的“销售出库单”需要您审批，单号：<a href="/index.php/Sorder/view/id/9">《xsck-201403180001》</a>', 0, 1395108300, 0, 0, 1),
(1142, 3, '新的“销售出库单”需要审批', 'Keler提交了新的“销售出库单”需要您审批，单号：<a href="/index.php/Sorder/view/id/9">《xsck-201403180001》</a>', 0, 1395108300, 0, 0, 1),
(1143, 2, '新的“销售出库单”需要审批', 'Keler提交了新的“销售出库单”需要您审批，单号：<a href="/index.php/Sorder/view/id/9">《xsck-201403180001》</a>', 0, 1395108300, 0, 0, 1),
(1144, 3, '新的“销售出库单”需要审批', 'Keler提交了新的“销售出库单”需要您审批，单号：<a href="/index.php/Sorder/view/id/9">《xsck-201403180001》</a>', 0, 1395108300, 0, 0, 1),
(1145, 2, '新的“销售出库单”需要审批', 'Keler提交了新的“销售出库单”需要您审批，单号：<a href="/index.php/Sorder/view/id/9">《xsck-201403180001》</a>', 0, 1395108300, 0, 0, 1),
(1146, 3, '新的“销售出库单”需要审批', 'Keler提交了新的“销售出库单”需要您审批，单号：<a href="/index.php/Sorder/view/id/9">《xsck-201403180001》</a>', 0, 1395108300, 0, 0, 1),
(1147, 4, '新的“销售出库单”需要审批', 'Keler提交了新的“销售出库单”需要您审批，单号：<a href="/index.php/Sorder/view/id/9">《xsck-201403180001》</a>', 0, 1395108300, 0, 0, 1),
(1148, 7, '新的“销售出库单”需要审批', 'Keler提交了新的“销售出库单”需要您审批，单号：<a href="/index.php/Sorder/view/id/9">《xsck-201403180001》</a>', 0, 1395108300, 0, 0, 1),
(1149, 13, '新的“销售出库单”需要审批', 'Keler提交了新的“销售出库单”需要您审批，单号：<a href="/index.php/Sorder/view/id/9">《xsck-201403180001》</a>', 0, 1395108300, 0, 0, 1),
(1150, 14, '新的“销售出库单”需要审批', 'Keler提交了新的“销售出库单”需要您审批，单号：<a href="/index.php/Sorder/view/id/9">《xsck-201403180001》</a>', 0, 1395108300, 0, 0, 1),
(1151, 15, '新的“销售出库单”需要审批', 'Keler提交了新的“销售出库单”需要您审批，单号：<a href="/index.php/Sorder/view/id/9">《xsck-201403180001》</a>', 0, 1395108300, 0, 0, 1),
(1152, 14, '新的“销售出库单”需要审批', 'Keler提交了新的“销售出库单”需要您审批，单号：<a href="/index.php/Sorder/view/id/9">《xsck-201403180001》</a>', 0, 1395108300, 0, 0, 1),
(1153, 15, '新的“销售出库单”需要审批', 'Keler提交了新的“销售出库单”需要您审批，单号：<a href="/index.php/Sorder/view/id/9">《xsck-201403180001》</a>', 0, 1395108300, 0, 0, 1),
(1154, 1, '新的“销售出库单”需要审批', 'Keler提交了新的“销售出库单”需要您审批，单号：<a href="/index.php/Sorder/view/id/9">《xsck-201403180001》</a>', 0, 1395108300, 0, 0, 1),
(1155, 6, '新的“销售出库单”需要审批', 'Keler提交了新的“销售出库单”需要您审批，单号：<a href="/index.php/Sorder/view/id/9">《xsck-201403180001》</a>', 0, 1395108300, 0, 0, 1),
(1156, 35, '新的“销售出库单”需要审批', 'Keler提交了新的“销售出库单”需要您审批，单号：<a href="/index.php/Sorder/view/id/9">《xsck-201403180001》</a>', 0, 1395108300, 0, 0, 1),
(1157, 1, '新的“销售出库单”需要审批', 'Keler提交了新的“销售出库单”需要您审批，单号：<a href="/index.php/Sorder/view/id/9">《xsck-201403180001》</a>', 0, 1395108300, 0, 0, 1),
(1158, 6, '新的“销售出库单”需要审批', 'Keler提交了新的“销售出库单”需要您审批，单号：<a href="/index.php/Sorder/view/id/9">《xsck-201403180001》</a>', 0, 1395108300, 0, 0, 1),
(1159, 35, '新的“销售出库单”需要审批', 'Keler提交了新的“销售出库单”需要您审批，单号：<a href="/index.php/Sorder/view/id/9">《xsck-201403180001》</a>', 0, 1395108300, 0, 0, 1),
(1160, 1, '新的“销售出库单”需要审批', 'Keler提交了新的“销售出库单”需要您审批，单号：<a href="/index.php/Sorder/view/id/9">《xsck-201403180001》</a>', 0, 1395108300, 0, 0, 1),
(1161, 6, '新的“销售出库单”需要审批', 'Keler提交了新的“销售出库单”需要您审批，单号：<a href="/index.php/Sorder/view/id/9">《xsck-201403180001》</a>', 0, 1395108300, 0, 0, 1),
(1162, 35, '新的“销售出库单”需要审批', 'Keler提交了新的“销售出库单”需要您审批，单号：<a href="/index.php/Sorder/view/id/9">《xsck-201403180001》</a>', 0, 1395108300, 0, 0, 1),
(1163, 20, '新的“销售出库单”需要审批', 'Keler提交了新的“销售出库单”需要您审批，单号：<a href="/index.php/Sorder/view/id/9">《xsck-201403180001》</a>', 0, 1395108300, 0, 0, 1),
(1164, 15, '新的“销售出库单”需要审批', 'Keler提交了新的“销售出库单”需要您审批，单号：<a href="/index.php/Sorder/view/id/9">《xsck-201403180001》</a>', 0, 1395108300, 0, 0, 1),
(1165, 17, '新的“销售出库单”需要审批', 'Keler提交了新的“销售出库单”需要您审批，单号：<a href="/index.php/Sorder/view/id/9">《xsck-201403180001》</a>', 0, 1395108300, 0, 0, 1),
(1166, 18, '新的“销售出库单”需要审批', 'Keler提交了新的“销售出库单”需要您审批，单号：<a href="/index.php/Sorder/view/id/9">《xsck-201403180001》</a>', 0, 1395108300, 0, 0, 1),
(1167, 30, '新的“销售出库单”需要审批', 'Keler提交了新的“销售出库单”需要您审批，单号：<a href="/index.php/Sorder/view/id/9">《xsck-201403180001》</a>', 0, 1395108300, 0, 0, 1),
(1168, 15, '新的“销售出库单”需要审批', 'Keler提交了新的“销售出库单”需要您审批，单号：<a href="/index.php/Sorder/view/id/9">《xsck-201403180001》</a>', 0, 1395108300, 0, 0, 1),
(1169, 17, '新的“销售出库单”需要审批', 'Keler提交了新的“销售出库单”需要您审批，单号：<a href="/index.php/Sorder/view/id/9">《xsck-201403180001》</a>', 0, 1395108300, 0, 0, 1),
(1170, 18, '新的“销售出库单”需要审批', 'Keler提交了新的“销售出库单”需要您审批，单号：<a href="/index.php/Sorder/view/id/9">《xsck-201403180001》</a>', 0, 1395108300, 0, 0, 1),
(1171, 30, '新的“销售出库单”需要审批', 'Keler提交了新的“销售出库单”需要您审批，单号：<a href="/index.php/Sorder/view/id/9">《xsck-201403180001》</a>', 0, 1395108300, 0, 0, 1),
(1172, 15, '新的“销售出库单”需要审批', 'Keler提交了新的“销售出库单”需要您审批，单号：<a href="/index.php/Sorder/view/id/9">《xsck-201403180001》</a>', 0, 1395108300, 0, 0, 1),
(1173, 17, '新的“销售出库单”需要审批', 'Keler提交了新的“销售出库单”需要您审批，单号：<a href="/index.php/Sorder/view/id/9">《xsck-201403180001》</a>', 0, 1395108300, 0, 0, 1),
(1174, 18, '新的“销售出库单”需要审批', 'Keler提交了新的“销售出库单”需要您审批，单号：<a href="/index.php/Sorder/view/id/9">《xsck-201403180001》</a>', 0, 1395108300, 0, 0, 1),
(1175, 30, '新的“销售出库单”需要审批', 'Keler提交了新的“销售出库单”需要您审批，单号：<a href="/index.php/Sorder/view/id/9">《xsck-201403180001》</a>', 0, 1395108300, 0, 0, 1),
(1176, 15, '新的“销售出库单”需要审批', 'Keler提交了新的“销售出库单”需要您审批，单号：<a href="/index.php/Sorder/view/id/9">《xsck-201403180001》</a>', 0, 1395108300, 0, 0, 1),
(1177, 17, '新的“销售出库单”需要审批', 'Keler提交了新的“销售出库单”需要您审批，单号：<a href="/index.php/Sorder/view/id/9">《xsck-201403180001》</a>', 0, 1395108300, 0, 0, 1),
(1178, 18, '新的“销售出库单”需要审批', 'Keler提交了新的“销售出库单”需要您审批，单号：<a href="/index.php/Sorder/view/id/9">《xsck-201403180001》</a>', 0, 1395108300, 0, 0, 1),
(1179, 30, '新的“销售出库单”需要审批', 'Keler提交了新的“销售出库单”需要您审批，单号：<a href="/index.php/Sorder/view/id/9">《xsck-201403180001》</a>', 0, 1395108300, 0, 0, 1),
(1180, 19, '新的“销售出库单”需要审批', 'Keler提交了新的“销售出库单”需要您审批，单号：<a href="/index.php/Sorder/view/id/9">《xsck-201403180001》</a>', 0, 1395108300, 0, 0, 1),
(1181, 2, '新的“销售出库单”需要审批', 'Keler提交了新的“销售出库单”需要您审批，单号：<a href="/index.php/Sorder/view/id/10">《xsck-201403180002》</a>', 0, 1395109518, 0, 0, 1),
(1182, 3, '新的“销售出库单”需要审批', 'Keler提交了新的“销售出库单”需要您审批，单号：<a href="/index.php/Sorder/view/id/10">《xsck-201403180002》</a>', 0, 1395109518, 0, 0, 1),
(1183, 2, '新的“销售出库单”需要审批', 'Keler提交了新的“销售出库单”需要您审批，单号：<a href="/index.php/Sorder/view/id/10">《xsck-201403180002》</a>', 0, 1395109518, 0, 0, 1),
(1184, 3, '新的“销售出库单”需要审批', 'Keler提交了新的“销售出库单”需要您审批，单号：<a href="/index.php/Sorder/view/id/10">《xsck-201403180002》</a>', 0, 1395109518, 0, 0, 1),
(1185, 2, '新的“销售出库单”需要审批', 'Keler提交了新的“销售出库单”需要您审批，单号：<a href="/index.php/Sorder/view/id/10">《xsck-201403180002》</a>', 0, 1395109518, 0, 0, 1),
(1186, 3, '新的“销售出库单”需要审批', 'Keler提交了新的“销售出库单”需要您审批，单号：<a href="/index.php/Sorder/view/id/10">《xsck-201403180002》</a>', 0, 1395109518, 0, 0, 1),
(1187, 2, '新的“销售出库单”需要审批', 'Keler提交了新的“销售出库单”需要您审批，单号：<a href="/index.php/Sorder/view/id/10">《xsck-201403180002》</a>', 0, 1395109518, 0, 0, 1),
(1188, 3, '新的“销售出库单”需要审批', 'Keler提交了新的“销售出库单”需要您审批，单号：<a href="/index.php/Sorder/view/id/10">《xsck-201403180002》</a>', 0, 1395109518, 0, 0, 1),
(1189, 4, '新的“销售出库单”需要审批', 'Keler提交了新的“销售出库单”需要您审批，单号：<a href="/index.php/Sorder/view/id/10">《xsck-201403180002》</a>', 0, 1395109518, 0, 0, 1),
(1190, 7, '新的“销售出库单”需要审批', 'Keler提交了新的“销售出库单”需要您审批，单号：<a href="/index.php/Sorder/view/id/10">《xsck-201403180002》</a>', 0, 1395109518, 0, 0, 1),
(1191, 13, '新的“销售出库单”需要审批', 'Keler提交了新的“销售出库单”需要您审批，单号：<a href="/index.php/Sorder/view/id/10">《xsck-201403180002》</a>', 0, 1395109518, 0, 0, 1),
(1192, 14, '新的“销售出库单”需要审批', 'Keler提交了新的“销售出库单”需要您审批，单号：<a href="/index.php/Sorder/view/id/10">《xsck-201403180002》</a>', 0, 1395109518, 0, 0, 1),
(1193, 15, '新的“销售出库单”需要审批', 'Keler提交了新的“销售出库单”需要您审批，单号：<a href="/index.php/Sorder/view/id/10">《xsck-201403180002》</a>', 0, 1395109518, 0, 0, 1),
(1194, 14, '新的“销售出库单”需要审批', 'Keler提交了新的“销售出库单”需要您审批，单号：<a href="/index.php/Sorder/view/id/10">《xsck-201403180002》</a>', 0, 1395109518, 0, 0, 1),
(1195, 15, '新的“销售出库单”需要审批', 'Keler提交了新的“销售出库单”需要您审批，单号：<a href="/index.php/Sorder/view/id/10">《xsck-201403180002》</a>', 0, 1395109518, 0, 0, 1),
(1196, 1, '新的“销售出库单”需要审批', 'Keler提交了新的“销售出库单”需要您审批，单号：<a href="/index.php/Sorder/view/id/10">《xsck-201403180002》</a>', 0, 1395109518, 0, 0, 1),
(1197, 6, '新的“销售出库单”需要审批', 'Keler提交了新的“销售出库单”需要您审批，单号：<a href="/index.php/Sorder/view/id/10">《xsck-201403180002》</a>', 0, 1395109518, 0, 0, 1),
(1198, 35, '新的“销售出库单”需要审批', 'Keler提交了新的“销售出库单”需要您审批，单号：<a href="/index.php/Sorder/view/id/10">《xsck-201403180002》</a>', 0, 1395109518, 0, 0, 1),
(1199, 1, '新的“销售出库单”需要审批', 'Keler提交了新的“销售出库单”需要您审批，单号：<a href="/index.php/Sorder/view/id/10">《xsck-201403180002》</a>', 0, 1395109518, 0, 0, 1),
(1200, 6, '新的“销售出库单”需要审批', 'Keler提交了新的“销售出库单”需要您审批，单号：<a href="/index.php/Sorder/view/id/10">《xsck-201403180002》</a>', 0, 1395109518, 0, 0, 1),
(1201, 35, '新的“销售出库单”需要审批', 'Keler提交了新的“销售出库单”需要您审批，单号：<a href="/index.php/Sorder/view/id/10">《xsck-201403180002》</a>', 0, 1395109518, 0, 0, 1),
(1202, 1, '新的“销售出库单”需要审批', 'Keler提交了新的“销售出库单”需要您审批，单号：<a href="/index.php/Sorder/view/id/10">《xsck-201403180002》</a>', 0, 1395109518, 0, 0, 1),
(1203, 6, '新的“销售出库单”需要审批', 'Keler提交了新的“销售出库单”需要您审批，单号：<a href="/index.php/Sorder/view/id/10">《xsck-201403180002》</a>', 0, 1395109518, 0, 0, 1),
(1204, 35, '新的“销售出库单”需要审批', 'Keler提交了新的“销售出库单”需要您审批，单号：<a href="/index.php/Sorder/view/id/10">《xsck-201403180002》</a>', 0, 1395109518, 0, 0, 1),
(1205, 20, '新的“销售出库单”需要审批', 'Keler提交了新的“销售出库单”需要您审批，单号：<a href="/index.php/Sorder/view/id/10">《xsck-201403180002》</a>', 0, 1395109518, 0, 0, 1),
(1206, 15, '新的“销售出库单”需要审批', 'Keler提交了新的“销售出库单”需要您审批，单号：<a href="/index.php/Sorder/view/id/10">《xsck-201403180002》</a>', 0, 1395109518, 0, 0, 1),
(1207, 17, '新的“销售出库单”需要审批', 'Keler提交了新的“销售出库单”需要您审批，单号：<a href="/index.php/Sorder/view/id/10">《xsck-201403180002》</a>', 0, 1395109518, 0, 0, 1),
(1208, 18, '新的“销售出库单”需要审批', 'Keler提交了新的“销售出库单”需要您审批，单号：<a href="/index.php/Sorder/view/id/10">《xsck-201403180002》</a>', 0, 1395109518, 0, 0, 1),
(1209, 30, '新的“销售出库单”需要审批', 'Keler提交了新的“销售出库单”需要您审批，单号：<a href="/index.php/Sorder/view/id/10">《xsck-201403180002》</a>', 0, 1395109518, 0, 0, 1),
(1210, 15, '新的“销售出库单”需要审批', 'Keler提交了新的“销售出库单”需要您审批，单号：<a href="/index.php/Sorder/view/id/10">《xsck-201403180002》</a>', 0, 1395109518, 0, 0, 1),
(1211, 17, '新的“销售出库单”需要审批', 'Keler提交了新的“销售出库单”需要您审批，单号：<a href="/index.php/Sorder/view/id/10">《xsck-201403180002》</a>', 0, 1395109518, 0, 0, 1),
(1212, 18, '新的“销售出库单”需要审批', 'Keler提交了新的“销售出库单”需要您审批，单号：<a href="/index.php/Sorder/view/id/10">《xsck-201403180002》</a>', 0, 1395109518, 0, 0, 1),
(1213, 30, '新的“销售出库单”需要审批', 'Keler提交了新的“销售出库单”需要您审批，单号：<a href="/index.php/Sorder/view/id/10">《xsck-201403180002》</a>', 0, 1395109518, 0, 0, 1),
(1214, 15, '新的“销售出库单”需要审批', 'Keler提交了新的“销售出库单”需要您审批，单号：<a href="/index.php/Sorder/view/id/10">《xsck-201403180002》</a>', 0, 1395109518, 0, 0, 1),
(1215, 17, '新的“销售出库单”需要审批', 'Keler提交了新的“销售出库单”需要您审批，单号：<a href="/index.php/Sorder/view/id/10">《xsck-201403180002》</a>', 0, 1395109518, 0, 0, 1),
(1216, 18, '新的“销售出库单”需要审批', 'Keler提交了新的“销售出库单”需要您审批，单号：<a href="/index.php/Sorder/view/id/10">《xsck-201403180002》</a>', 0, 1395109518, 0, 0, 1),
(1217, 30, '新的“销售出库单”需要审批', 'Keler提交了新的“销售出库单”需要您审批，单号：<a href="/index.php/Sorder/view/id/10">《xsck-201403180002》</a>', 0, 1395109518, 0, 0, 1),
(1218, 15, '新的“销售出库单”需要审批', 'Keler提交了新的“销售出库单”需要您审批，单号：<a href="/index.php/Sorder/view/id/10">《xsck-201403180002》</a>', 0, 1395109518, 0, 0, 1),
(1219, 17, '新的“销售出库单”需要审批', 'Keler提交了新的“销售出库单”需要您审批，单号：<a href="/index.php/Sorder/view/id/10">《xsck-201403180002》</a>', 0, 1395109518, 0, 0, 1),
(1220, 18, '新的“销售出库单”需要审批', 'Keler提交了新的“销售出库单”需要您审批，单号：<a href="/index.php/Sorder/view/id/10">《xsck-201403180002》</a>', 0, 1395109518, 0, 0, 1),
(1221, 30, '新的“销售出库单”需要审批', 'Keler提交了新的“销售出库单”需要您审批，单号：<a href="/index.php/Sorder/view/id/10">《xsck-201403180002》</a>', 0, 1395109518, 0, 0, 1),
(1222, 19, '新的“销售出库单”需要审批', 'Keler提交了新的“销售出库单”需要您审批，单号：<a href="/index.php/Sorder/view/id/10">《xsck-201403180002》</a>', 0, 1395109518, 0, 0, 1),
(1223, 2, '新的“销售出库单”需要审批', 'Keler提交了新的“销售出库单”需要您审批，单号：<a href="/index.php/Sorder/view/id/10">《xsck-201403180002》</a>', 0, 1395109529, 0, 0, 1),
(1224, 3, '新的“销售出库单”需要审批', 'Keler提交了新的“销售出库单”需要您审批，单号：<a href="/index.php/Sorder/view/id/10">《xsck-201403180002》</a>', 0, 1395109529, 0, 0, 1),
(1225, 2, '新的“销售出库单”需要审批', 'Keler提交了新的“销售出库单”需要您审批，单号：<a href="/index.php/Sorder/view/id/10">《xsck-201403180002》</a>', 0, 1395109529, 0, 0, 1),
(1226, 3, '新的“销售出库单”需要审批', 'Keler提交了新的“销售出库单”需要您审批，单号：<a href="/index.php/Sorder/view/id/10">《xsck-201403180002》</a>', 0, 1395109529, 0, 0, 1),
(1227, 2, '新的“销售出库单”需要审批', 'Keler提交了新的“销售出库单”需要您审批，单号：<a href="/index.php/Sorder/view/id/10">《xsck-201403180002》</a>', 0, 1395109529, 0, 0, 1),
(1228, 3, '新的“销售出库单”需要审批', 'Keler提交了新的“销售出库单”需要您审批，单号：<a href="/index.php/Sorder/view/id/10">《xsck-201403180002》</a>', 0, 1395109529, 0, 0, 1),
(1229, 2, '新的“销售出库单”需要审批', 'Keler提交了新的“销售出库单”需要您审批，单号：<a href="/index.php/Sorder/view/id/10">《xsck-201403180002》</a>', 0, 1395109529, 0, 0, 1),
(1230, 3, '新的“销售出库单”需要审批', 'Keler提交了新的“销售出库单”需要您审批，单号：<a href="/index.php/Sorder/view/id/10">《xsck-201403180002》</a>', 0, 1395109529, 0, 0, 1),
(1231, 4, '新的“销售出库单”需要审批', 'Keler提交了新的“销售出库单”需要您审批，单号：<a href="/index.php/Sorder/view/id/10">《xsck-201403180002》</a>', 0, 1395109529, 0, 0, 1),
(1232, 7, '新的“销售出库单”需要审批', 'Keler提交了新的“销售出库单”需要您审批，单号：<a href="/index.php/Sorder/view/id/10">《xsck-201403180002》</a>', 0, 1395109529, 0, 0, 1),
(1233, 13, '新的“销售出库单”需要审批', 'Keler提交了新的“销售出库单”需要您审批，单号：<a href="/index.php/Sorder/view/id/10">《xsck-201403180002》</a>', 0, 1395109529, 0, 0, 1),
(1234, 14, '新的“销售出库单”需要审批', 'Keler提交了新的“销售出库单”需要您审批，单号：<a href="/index.php/Sorder/view/id/10">《xsck-201403180002》</a>', 0, 1395109529, 0, 0, 1),
(1235, 15, '新的“销售出库单”需要审批', 'Keler提交了新的“销售出库单”需要您审批，单号：<a href="/index.php/Sorder/view/id/10">《xsck-201403180002》</a>', 0, 1395109529, 0, 0, 1),
(1236, 14, '新的“销售出库单”需要审批', 'Keler提交了新的“销售出库单”需要您审批，单号：<a href="/index.php/Sorder/view/id/10">《xsck-201403180002》</a>', 0, 1395109529, 0, 0, 1),
(1237, 15, '新的“销售出库单”需要审批', 'Keler提交了新的“销售出库单”需要您审批，单号：<a href="/index.php/Sorder/view/id/10">《xsck-201403180002》</a>', 0, 1395109529, 0, 0, 1),
(1238, 1, '新的“销售出库单”需要审批', 'Keler提交了新的“销售出库单”需要您审批，单号：<a href="/index.php/Sorder/view/id/10">《xsck-201403180002》</a>', 0, 1395109529, 0, 0, 1),
(1239, 6, '新的“销售出库单”需要审批', 'Keler提交了新的“销售出库单”需要您审批，单号：<a href="/index.php/Sorder/view/id/10">《xsck-201403180002》</a>', 0, 1395109529, 0, 0, 1),
(1240, 35, '新的“销售出库单”需要审批', 'Keler提交了新的“销售出库单”需要您审批，单号：<a href="/index.php/Sorder/view/id/10">《xsck-201403180002》</a>', 0, 1395109529, 0, 0, 1),
(1241, 1, '新的“销售出库单”需要审批', 'Keler提交了新的“销售出库单”需要您审批，单号：<a href="/index.php/Sorder/view/id/10">《xsck-201403180002》</a>', 0, 1395109529, 0, 0, 1),
(1242, 6, '新的“销售出库单”需要审批', 'Keler提交了新的“销售出库单”需要您审批，单号：<a href="/index.php/Sorder/view/id/10">《xsck-201403180002》</a>', 0, 1395109529, 0, 0, 1),
(1243, 35, '新的“销售出库单”需要审批', 'Keler提交了新的“销售出库单”需要您审批，单号：<a href="/index.php/Sorder/view/id/10">《xsck-201403180002》</a>', 0, 1395109529, 0, 0, 1),
(1244, 1, '新的“销售出库单”需要审批', 'Keler提交了新的“销售出库单”需要您审批，单号：<a href="/index.php/Sorder/view/id/10">《xsck-201403180002》</a>', 0, 1395109529, 0, 0, 1),
(1245, 6, '新的“销售出库单”需要审批', 'Keler提交了新的“销售出库单”需要您审批，单号：<a href="/index.php/Sorder/view/id/10">《xsck-201403180002》</a>', 0, 1395109529, 0, 0, 1),
(1246, 35, '新的“销售出库单”需要审批', 'Keler提交了新的“销售出库单”需要您审批，单号：<a href="/index.php/Sorder/view/id/10">《xsck-201403180002》</a>', 0, 1395109529, 0, 0, 1),
(1247, 20, '新的“销售出库单”需要审批', 'Keler提交了新的“销售出库单”需要您审批，单号：<a href="/index.php/Sorder/view/id/10">《xsck-201403180002》</a>', 0, 1395109529, 0, 0, 1),
(1248, 15, '新的“销售出库单”需要审批', 'Keler提交了新的“销售出库单”需要您审批，单号：<a href="/index.php/Sorder/view/id/10">《xsck-201403180002》</a>', 0, 1395109529, 0, 0, 1),
(1249, 17, '新的“销售出库单”需要审批', 'Keler提交了新的“销售出库单”需要您审批，单号：<a href="/index.php/Sorder/view/id/10">《xsck-201403180002》</a>', 0, 1395109529, 0, 0, 1),
(1250, 18, '新的“销售出库单”需要审批', 'Keler提交了新的“销售出库单”需要您审批，单号：<a href="/index.php/Sorder/view/id/10">《xsck-201403180002》</a>', 0, 1395109529, 0, 0, 1),
(1251, 30, '新的“销售出库单”需要审批', 'Keler提交了新的“销售出库单”需要您审批，单号：<a href="/index.php/Sorder/view/id/10">《xsck-201403180002》</a>', 0, 1395109529, 0, 0, 1),
(1252, 15, '新的“销售出库单”需要审批', 'Keler提交了新的“销售出库单”需要您审批，单号：<a href="/index.php/Sorder/view/id/10">《xsck-201403180002》</a>', 0, 1395109529, 0, 0, 1),
(1253, 17, '新的“销售出库单”需要审批', 'Keler提交了新的“销售出库单”需要您审批，单号：<a href="/index.php/Sorder/view/id/10">《xsck-201403180002》</a>', 0, 1395109529, 0, 0, 1),
(1254, 18, '新的“销售出库单”需要审批', 'Keler提交了新的“销售出库单”需要您审批，单号：<a href="/index.php/Sorder/view/id/10">《xsck-201403180002》</a>', 0, 1395109529, 0, 0, 1),
(1255, 30, '新的“销售出库单”需要审批', 'Keler提交了新的“销售出库单”需要您审批，单号：<a href="/index.php/Sorder/view/id/10">《xsck-201403180002》</a>', 0, 1395109529, 0, 0, 1),
(1256, 15, '新的“销售出库单”需要审批', 'Keler提交了新的“销售出库单”需要您审批，单号：<a href="/index.php/Sorder/view/id/10">《xsck-201403180002》</a>', 0, 1395109529, 0, 0, 1),
(1257, 17, '新的“销售出库单”需要审批', 'Keler提交了新的“销售出库单”需要您审批，单号：<a href="/index.php/Sorder/view/id/10">《xsck-201403180002》</a>', 0, 1395109529, 0, 0, 1),
(1258, 18, '新的“销售出库单”需要审批', 'Keler提交了新的“销售出库单”需要您审批，单号：<a href="/index.php/Sorder/view/id/10">《xsck-201403180002》</a>', 0, 1395109529, 0, 0, 1),
(1259, 30, '新的“销售出库单”需要审批', 'Keler提交了新的“销售出库单”需要您审批，单号：<a href="/index.php/Sorder/view/id/10">《xsck-201403180002》</a>', 0, 1395109529, 0, 0, 1),
(1260, 15, '新的“销售出库单”需要审批', 'Keler提交了新的“销售出库单”需要您审批，单号：<a href="/index.php/Sorder/view/id/10">《xsck-201403180002》</a>', 0, 1395109529, 0, 0, 1),
(1261, 17, '新的“销售出库单”需要审批', 'Keler提交了新的“销售出库单”需要您审批，单号：<a href="/index.php/Sorder/view/id/10">《xsck-201403180002》</a>', 0, 1395109529, 0, 0, 1),
(1262, 18, '新的“销售出库单”需要审批', 'Keler提交了新的“销售出库单”需要您审批，单号：<a href="/index.php/Sorder/view/id/10">《xsck-201403180002》</a>', 0, 1395109529, 0, 0, 1),
(1263, 30, '新的“销售出库单”需要审批', 'Keler提交了新的“销售出库单”需要您审批，单号：<a href="/index.php/Sorder/view/id/10">《xsck-201403180002》</a>', 0, 1395109529, 0, 0, 1),
(1264, 19, '新的“销售出库单”需要审批', 'Keler提交了新的“销售出库单”需要您审批，单号：<a href="/index.php/Sorder/view/id/10">《xsck-201403180002》</a>', 0, 1395109529, 0, 0, 1),
(1265, 2, '新的“销售出库单”需要审批', 'Keler提交了新的“销售出库单”需要您审批，单号：<a href="/index.php/Sorder/view/id/10">《xsck-201403180002》</a>', 0, 1395110361, 0, 0, 1),
(1266, 3, '新的“销售出库单”需要审批', 'Keler提交了新的“销售出库单”需要您审批，单号：<a href="/index.php/Sorder/view/id/10">《xsck-201403180002》</a>', 0, 1395110361, 0, 0, 1),
(1267, 2, '新的“销售出库单”需要审批', 'Keler提交了新的“销售出库单”需要您审批，单号：<a href="/index.php/Sorder/view/id/10">《xsck-201403180002》</a>', 0, 1395110361, 0, 0, 1),
(1268, 3, '新的“销售出库单”需要审批', 'Keler提交了新的“销售出库单”需要您审批，单号：<a href="/index.php/Sorder/view/id/10">《xsck-201403180002》</a>', 0, 1395110361, 0, 0, 1),
(1269, 2, '新的“销售出库单”需要审批', 'Keler提交了新的“销售出库单”需要您审批，单号：<a href="/index.php/Sorder/view/id/10">《xsck-201403180002》</a>', 0, 1395110361, 0, 0, 1),
(1270, 3, '新的“销售出库单”需要审批', 'Keler提交了新的“销售出库单”需要您审批，单号：<a href="/index.php/Sorder/view/id/10">《xsck-201403180002》</a>', 0, 1395110361, 0, 0, 1),
(1271, 2, '新的“销售出库单”需要审批', 'Keler提交了新的“销售出库单”需要您审批，单号：<a href="/index.php/Sorder/view/id/10">《xsck-201403180002》</a>', 0, 1395110361, 0, 0, 1),
(1272, 3, '新的“销售出库单”需要审批', 'Keler提交了新的“销售出库单”需要您审批，单号：<a href="/index.php/Sorder/view/id/10">《xsck-201403180002》</a>', 0, 1395110361, 0, 0, 1),
(1273, 4, '新的“销售出库单”需要审批', 'Keler提交了新的“销售出库单”需要您审批，单号：<a href="/index.php/Sorder/view/id/10">《xsck-201403180002》</a>', 0, 1395110361, 0, 0, 1),
(1274, 7, '新的“销售出库单”需要审批', 'Keler提交了新的“销售出库单”需要您审批，单号：<a href="/index.php/Sorder/view/id/10">《xsck-201403180002》</a>', 0, 1395110361, 0, 0, 1),
(1275, 13, '新的“销售出库单”需要审批', 'Keler提交了新的“销售出库单”需要您审批，单号：<a href="/index.php/Sorder/view/id/10">《xsck-201403180002》</a>', 0, 1395110361, 0, 0, 1),
(1276, 14, '新的“销售出库单”需要审批', 'Keler提交了新的“销售出库单”需要您审批，单号：<a href="/index.php/Sorder/view/id/10">《xsck-201403180002》</a>', 0, 1395110361, 0, 0, 1),
(1277, 15, '新的“销售出库单”需要审批', 'Keler提交了新的“销售出库单”需要您审批，单号：<a href="/index.php/Sorder/view/id/10">《xsck-201403180002》</a>', 0, 1395110361, 0, 0, 1),
(1278, 14, '新的“销售出库单”需要审批', 'Keler提交了新的“销售出库单”需要您审批，单号：<a href="/index.php/Sorder/view/id/10">《xsck-201403180002》</a>', 0, 1395110361, 0, 0, 1),
(1279, 15, '新的“销售出库单”需要审批', 'Keler提交了新的“销售出库单”需要您审批，单号：<a href="/index.php/Sorder/view/id/10">《xsck-201403180002》</a>', 0, 1395110361, 0, 0, 1),
(1280, 1, '新的“销售出库单”需要审批', 'Keler提交了新的“销售出库单”需要您审批，单号：<a href="/index.php/Sorder/view/id/10">《xsck-201403180002》</a>', 0, 1395110361, 0, 0, 1),
(1281, 6, '新的“销售出库单”需要审批', 'Keler提交了新的“销售出库单”需要您审批，单号：<a href="/index.php/Sorder/view/id/10">《xsck-201403180002》</a>', 0, 1395110361, 0, 0, 1),
(1282, 35, '新的“销售出库单”需要审批', 'Keler提交了新的“销售出库单”需要您审批，单号：<a href="/index.php/Sorder/view/id/10">《xsck-201403180002》</a>', 0, 1395110361, 0, 0, 1),
(1283, 1, '新的“销售出库单”需要审批', 'Keler提交了新的“销售出库单”需要您审批，单号：<a href="/index.php/Sorder/view/id/10">《xsck-201403180002》</a>', 0, 1395110361, 0, 0, 1),
(1284, 6, '新的“销售出库单”需要审批', 'Keler提交了新的“销售出库单”需要您审批，单号：<a href="/index.php/Sorder/view/id/10">《xsck-201403180002》</a>', 0, 1395110361, 0, 0, 1),
(1285, 35, '新的“销售出库单”需要审批', 'Keler提交了新的“销售出库单”需要您审批，单号：<a href="/index.php/Sorder/view/id/10">《xsck-201403180002》</a>', 0, 1395110361, 0, 0, 1),
(1286, 1, '新的“销售出库单”需要审批', 'Keler提交了新的“销售出库单”需要您审批，单号：<a href="/index.php/Sorder/view/id/10">《xsck-201403180002》</a>', 0, 1395110361, 0, 0, 1),
(1287, 6, '新的“销售出库单”需要审批', 'Keler提交了新的“销售出库单”需要您审批，单号：<a href="/index.php/Sorder/view/id/10">《xsck-201403180002》</a>', 0, 1395110361, 0, 0, 1),
(1288, 35, '新的“销售出库单”需要审批', 'Keler提交了新的“销售出库单”需要您审批，单号：<a href="/index.php/Sorder/view/id/10">《xsck-201403180002》</a>', 0, 1395110361, 0, 0, 1),
(1289, 20, '新的“销售出库单”需要审批', 'Keler提交了新的“销售出库单”需要您审批，单号：<a href="/index.php/Sorder/view/id/10">《xsck-201403180002》</a>', 0, 1395110361, 0, 0, 1),
(1290, 15, '新的“销售出库单”需要审批', 'Keler提交了新的“销售出库单”需要您审批，单号：<a href="/index.php/Sorder/view/id/10">《xsck-201403180002》</a>', 0, 1395110361, 0, 0, 1),
(1291, 17, '新的“销售出库单”需要审批', 'Keler提交了新的“销售出库单”需要您审批，单号：<a href="/index.php/Sorder/view/id/10">《xsck-201403180002》</a>', 0, 1395110361, 0, 0, 1),
(1292, 18, '新的“销售出库单”需要审批', 'Keler提交了新的“销售出库单”需要您审批，单号：<a href="/index.php/Sorder/view/id/10">《xsck-201403180002》</a>', 0, 1395110361, 0, 0, 1),
(1293, 30, '新的“销售出库单”需要审批', 'Keler提交了新的“销售出库单”需要您审批，单号：<a href="/index.php/Sorder/view/id/10">《xsck-201403180002》</a>', 0, 1395110361, 0, 0, 1),
(1294, 15, '新的“销售出库单”需要审批', 'Keler提交了新的“销售出库单”需要您审批，单号：<a href="/index.php/Sorder/view/id/10">《xsck-201403180002》</a>', 0, 1395110361, 0, 0, 1),
(1295, 17, '新的“销售出库单”需要审批', 'Keler提交了新的“销售出库单”需要您审批，单号：<a href="/index.php/Sorder/view/id/10">《xsck-201403180002》</a>', 0, 1395110361, 0, 0, 1),
(1296, 18, '新的“销售出库单”需要审批', 'Keler提交了新的“销售出库单”需要您审批，单号：<a href="/index.php/Sorder/view/id/10">《xsck-201403180002》</a>', 0, 1395110361, 0, 0, 1),
(1297, 30, '新的“销售出库单”需要审批', 'Keler提交了新的“销售出库单”需要您审批，单号：<a href="/index.php/Sorder/view/id/10">《xsck-201403180002》</a>', 0, 1395110361, 0, 0, 1),
(1298, 15, '新的“销售出库单”需要审批', 'Keler提交了新的“销售出库单”需要您审批，单号：<a href="/index.php/Sorder/view/id/10">《xsck-201403180002》</a>', 0, 1395110361, 0, 0, 1),
(1299, 17, '新的“销售出库单”需要审批', 'Keler提交了新的“销售出库单”需要您审批，单号：<a href="/index.php/Sorder/view/id/10">《xsck-201403180002》</a>', 0, 1395110361, 0, 0, 1),
(1300, 18, '新的“销售出库单”需要审批', 'Keler提交了新的“销售出库单”需要您审批，单号：<a href="/index.php/Sorder/view/id/10">《xsck-201403180002》</a>', 0, 1395110361, 0, 0, 1),
(1301, 30, '新的“销售出库单”需要审批', 'Keler提交了新的“销售出库单”需要您审批，单号：<a href="/index.php/Sorder/view/id/10">《xsck-201403180002》</a>', 0, 1395110361, 0, 0, 1),
(1302, 15, '新的“销售出库单”需要审批', 'Keler提交了新的“销售出库单”需要您审批，单号：<a href="/index.php/Sorder/view/id/10">《xsck-201403180002》</a>', 0, 1395110361, 0, 0, 1),
(1303, 17, '新的“销售出库单”需要审批', 'Keler提交了新的“销售出库单”需要您审批，单号：<a href="/index.php/Sorder/view/id/10">《xsck-201403180002》</a>', 0, 1395110361, 0, 0, 1),
(1304, 18, '新的“销售出库单”需要审批', 'Keler提交了新的“销售出库单”需要您审批，单号：<a href="/index.php/Sorder/view/id/10">《xsck-201403180002》</a>', 0, 1395110361, 0, 0, 1),
(1305, 30, '新的“销售出库单”需要审批', 'Keler提交了新的“销售出库单”需要您审批，单号：<a href="/index.php/Sorder/view/id/10">《xsck-201403180002》</a>', 0, 1395110361, 0, 0, 1),
(1306, 19, '新的“销售出库单”需要审批', 'Keler提交了新的“销售出库单”需要您审批，单号：<a href="/index.php/Sorder/view/id/10">《xsck-201403180002》</a>', 0, 1395110361, 0, 0, 1);

-- --------------------------------------------------------

--
-- 表的结构 `ix_user_role`
--

CREATE TABLE IF NOT EXISTS `ix_user_role` (
  `uid` int(10) unsigned NOT NULL,
  `role` int(10) unsigned NOT NULL,
  `time` int(10) unsigned NOT NULL,
  KEY `uid` (`uid`),
  KEY `role` (`role`)
) ENGINE=MyISAM DEFAULT CHARSET=utf8;

--
-- 转存表中的数据 `ix_user_role`
--

INSERT INTO `ix_user_role` (`uid`, `role`, `time`) VALUES
(1, 1, 0),
(2, 2, 0),
(3, 2, 0),
(2, 3, 0),
(3, 3, 0),
(4, 4, 0),
(5, 6, 0),
(6, 1, 0),
(7, 7, 0),
(8, 8, 0),
(9, 9, 0),
(9, 9, 0),
(10, 11, 0),
(11, 12, 0),
(12, 13, 0),
(13, 14, 0),
(14, 15, 0),
(15, 15, 0),
(16, 17, 0),
(15, 18, 0),
(17, 18, 0),
(18, 18, 0),
(19, 20, 0),
(20, 22, 0),
(21, 19, 0),
(22, 26, 0),
(23, 27, 0),
(24, 23, 0),
(25, 25, 0),
(27, 19, 0),
(28, 26, 0),
(29, 19, 0),
(30, 18, 0),
(31, 25, 0),
(32, 19, 0),
(33, 19, 0),
(34, 23, 0),
(35, 1, 0),
(100000, 27, 0),
(100001, 23, 0);

/*!40101 SET CHARACTER_SET_CLIENT=@OLD_CHARACTER_SET_CLIENT */;
/*!40101 SET CHARACTER_SET_RESULTS=@OLD_CHARACTER_SET_RESULTS */;
/*!40101 SET COLLATION_CONNECTION=@OLD_COLLATION_CONNECTION */;
